format,sheet,row,col,valueJson,display,formula
ifrs17-result-snapshot,I17利润表,0,0,2512,2512,
ifrs17-result-snapshot,I17利润表,0,22,"""2512-改WALR 0→1""",2512-改WALR 0→1,
ifrs17-result-snapshot,I17利润表,0,32,"""2512-审计v1""",2512-审计v1,
ifrs17-result-snapshot,I17利润表,0,34,57.54948913918342,57.55,
ifrs17-result-snapshot,I17利润表,0,35,241.0498630449838,241.05,
ifrs17-result-snapshot,I17利润表,0,36,614.0782554311675,614.08,
ifrs17-result-snapshot,I17利润表,1,0,"""单位：万元""",单位：万元,
ifrs17-result-snapshot,I17利润表,1,1,"""公司""", 公司 ,
ifrs17-result-snapshot,I17利润表,1,2,"""传统""", 传统 ,
ifrs17-result-snapshot,I17利润表,1,3,"""分红1""", 分红1 ,
ifrs17-result-snapshot,I17利润表,1,4,"""分红2""", 分红2 ,
ifrs17-result-snapshot,I17利润表,1,5,"""万能""", 万能 ,
ifrs17-result-snapshot,I17利润表,1,6,"""投连""", 投连 ,
ifrs17-result-snapshot,I17利润表,1,7,"""短险""", 短险 ,
ifrs17-result-snapshot,I17利润表,1,8,"""再保""", 再保 ,
ifrs17-result-snapshot,I17利润表,1,9,"""CHK""", CHK ,
ifrs17-result-snapshot,I17利润表,1,12,"""单位：万元""",单位：万元,
ifrs17-result-snapshot,I17利润表,1,13,"""公司""", 公司 ,
ifrs17-result-snapshot,I17利润表,1,14,"""传统""", 传统 ,
ifrs17-result-snapshot,I17利润表,1,15,"""分红1""", 分红1 ,
ifrs17-result-snapshot,I17利润表,1,16,"""分红2""", 分红2 ,
ifrs17-result-snapshot,I17利润表,1,17,"""万能""", 万能 ,
ifrs17-result-snapshot,I17利润表,1,18,"""投连""", 投连 ,
ifrs17-result-snapshot,I17利润表,1,19,"""短险""", 短险 ,
ifrs17-result-snapshot,I17利润表,1,20,"""再保""", 再保 ,
ifrs17-result-snapshot,I17利润表,1,22,"""单位：万元""",单位：万元,
ifrs17-result-snapshot,I17利润表,1,23,"""公司""", 公司 ,
ifrs17-result-snapshot,I17利润表,1,24,"""传统""", 传统 ,
ifrs17-result-snapshot,I17利润表,1,25,"""分红1""", 分红1 ,
ifrs17-result-snapshot,I17利润表,1,26,"""分红2""", 分红2 ,
ifrs17-result-snapshot,I17利润表,1,27,"""万能""", 万能 ,
ifrs17-result-snapshot,I17利润表,1,28,"""投连""", 投连 ,
ifrs17-result-snapshot,I17利润表,1,29,"""短险""", 短险 ,
ifrs17-result-snapshot,I17利润表,1,30,"""再保""", 再保 ,
ifrs17-result-snapshot,I17利润表,1,32,"""单位：万元""",单位：万元,
ifrs17-result-snapshot,I17利润表,1,33,"""公司""", 公司 ,
ifrs17-result-snapshot,I17利润表,1,34,"""传统""", 传统 ,
ifrs17-result-snapshot,I17利润表,1,35,"""分红1""", 分红1 ,
ifrs17-result-snapshot,I17利润表,1,36,"""分红2""", 分红2 ,
ifrs17-result-snapshot,I17利润表,1,37,"""万能""", 万能 ,
ifrs17-result-snapshot,I17利润表,1,38,"""投连""", 投连 ,
ifrs17-result-snapshot,I17利润表,1,39,"""短险""", 短险 ,
ifrs17-result-snapshot,I17利润表,1,40,"""再保""", 再保 ,
ifrs17-result-snapshot,I17利润表,2,0,"""合同服务边际摊销""",合同服务边际摊销,
ifrs17-result-snapshot,I17利润表,2,1,15211.218035277745,"15,211.22",
ifrs17-result-snapshot,I17利润表,2,2,12424.158183624671,"12,424.16",
ifrs17-result-snapshot,I17利润表,2,3,1683.0749728069022,"1,683.07",
ifrs17-result-snapshot,I17利润表,2,4,243.35522309206732,243.36,
ifrs17-result-snapshot,I17利润表,2,5,857.4334342845539,857.43,
ifrs17-result-snapshot,I17利润表,2,6,3.196221469552408,3.2,
ifrs17-result-snapshot,I17利润表,2,9,0,0,
ifrs17-result-snapshot,I17利润表,2,11,-1.1322264866059413,(1.13),
ifrs17-result-snapshot,I17利润表,2,12,"""合同服务边际摊销""",合同服务边际摊销,
ifrs17-result-snapshot,I17利润表,2,13,15212.35026176435,"15,212.35",
ifrs17-result-snapshot,I17利润表,2,14,12424.278087825473,"12,424.28",
ifrs17-result-snapshot,I17利润表,2,15,1684.0873276183709,"1,684.09",
ifrs17-result-snapshot,I17利润表,2,16,243.35524854702408,243.36,
ifrs17-result-snapshot,I17利润表,2,17,857.4333763039297,857.43,
ifrs17-result-snapshot,I17利润表,2,18,3.196221469552426,3.2,
ifrs17-result-snapshot,I17利润表,2,21,48.59350299067737,48.59,
ifrs17-result-snapshot,I17利润表,2,22,"""合同服务边际摊销""",合同服务边际摊销,
ifrs17-result-snapshot,I17利润表,2,23,15162.624532287067,"15,162.62",
ifrs17-result-snapshot,I17利润表,2,24,12373.489044833288,"12,373.49",
ifrs17-result-snapshot,I17利润表,2,25,1685.7168567176013,"1,685.72",
ifrs17-result-snapshot,I17利润表,2,26,243.3551788533852,243.36,
ifrs17-result-snapshot,I17利润表,2,27,856.8672304132397,856.87,
ifrs17-result-snapshot,I17利润表,2,28,3.1962214695524085,3.2,
ifrs17-result-snapshot,I17利润表,2,31,55.835092181529035,55.84,
ifrs17-result-snapshot,I17利润表,2,32,"""合同服务边际摊销""",合同服务边际摊销,
ifrs17-result-snapshot,I17利润表,2,33,15155.382943096216,"15,155.38",
ifrs17-result-snapshot,I17利润表,2,34,12366.608694485487,"12,366.61",
ifrs17-result-snapshot,I17利润表,2,35,1685.3803328539857,"1,685.38",
ifrs17-result-snapshot,I17利润表,2,36,243.3551788533864,243.36,
ifrs17-result-snapshot,I17利润表,2,37,856.8425154338062,856.84,
ifrs17-result-snapshot,I17利润表,2,38,3.196221469552401,3.2,
ifrs17-result-snapshot,I17利润表,3,0,"""预期风险调整释放""",预期风险调整释放,
ifrs17-result-snapshot,I17利润表,3,1,1529.3198085609658,"1,529.32",
ifrs17-result-snapshot,I17利润表,3,2,1201.7276475591668,"1,201.73",
ifrs17-result-snapshot,I17利润表,3,3,317.6149739927588,317.61,
ifrs17-result-snapshot,I17利润表,3,4,1.05403486804,1.05,
ifrs17-result-snapshot,I17利润表,3,5,8.88554206452002,8.89,
ifrs17-result-snapshot,I17利润表,3,6,0.03761007648000011,0.04,
ifrs17-result-snapshot,I17利润表,3,9,0,0,
ifrs17-result-snapshot,I17利润表,3,11,0,0,
ifrs17-result-snapshot,I17利润表,3,12,"""预期风险调整释放""",预期风险调整释放,
ifrs17-result-snapshot,I17利润表,3,13,1529.319808560966,"1,529.32",
ifrs17-result-snapshot,I17利润表,3,14,1201.7276475591666,"1,201.73",
ifrs17-result-snapshot,I17利润表,3,15,317.61497399275913,317.61,
ifrs17-result-snapshot,I17利润表,3,16,1.05403486804,1.05,
ifrs17-result-snapshot,I17利润表,3,17,8.885542064520058,8.89,
ifrs17-result-snapshot,I17利润表,3,18,0.03761007648000011,0.04,
ifrs17-result-snapshot,I17利润表,3,21,0,0,
ifrs17-result-snapshot,I17利润表,3,22,"""预期风险调整释放""",预期风险调整释放,
ifrs17-result-snapshot,I17利润表,3,23,1529.3198085609656,"1,529.32",
ifrs17-result-snapshot,I17利润表,3,24,1201.7276475591664,"1,201.73",
ifrs17-result-snapshot,I17利润表,3,25,317.614973992759,317.61,
ifrs17-result-snapshot,I17利润表,3,26,1.05403486804,1.05,
ifrs17-result-snapshot,I17利润表,3,27,8.88554206452006,8.89,
ifrs17-result-snapshot,I17利润表,3,28,0.03761007648000011,0.04,
ifrs17-result-snapshot,I17利润表,3,31,-5.4569682106375694e-12,(0),
ifrs17-result-snapshot,I17利润表,3,32,"""预期风险调整释放""",预期风险调整释放,
ifrs17-result-snapshot,I17利润表,3,33,1529.3198085609713,"1,529.32",
ifrs17-result-snapshot,I17利润表,3,34,1201.727647559172,"1,201.73",
ifrs17-result-snapshot,I17利润表,3,35,317.6149739927591,317.61,
ifrs17-result-snapshot,I17利润表,3,36,1.0540348680399996,1.05,
ifrs17-result-snapshot,I17利润表,3,37,8.885542064520045,8.89,
ifrs17-result-snapshot,I17利润表,3,38,0.03761007648000004,0.04,
ifrs17-result-snapshot,I17利润表,4,0,"""预期赔付的保险成分""",预期赔付的保险成分,
ifrs17-result-snapshot,I17利润表,4,1,4350.982402789437,"4,350.98",
ifrs17-result-snapshot,I17利润表,4,2,4181.3635909689165,"4,181.36",
ifrs17-result-snapshot,I17利润表,4,3,149.22081614639995,149.22,
ifrs17-result-snapshot,I17利润表,4,4,7.929732326200001,7.93,
ifrs17-result-snapshot,I17利润表,4,5,12.134233887640002,12.13,
ifrs17-result-snapshot,I17利润表,4,6,0.3340294602799999,0.33,
ifrs17-result-snapshot,I17利润表,4,9,0,0,
ifrs17-result-snapshot,I17利润表,4,11,0,0,
ifrs17-result-snapshot,I17利润表,4,12,"""预期赔付的保险成分""",预期赔付的保险成分,
ifrs17-result-snapshot,I17利润表,4,13,4350.982402789437,"4,350.98",
ifrs17-result-snapshot,I17利润表,4,14,4181.3635909689165,"4,181.36",
ifrs17-result-snapshot,I17利润表,4,15,149.2208161464,149.22,
ifrs17-result-snapshot,I17利润表,4,16,7.929732326200001,7.93,
ifrs17-result-snapshot,I17利润表,4,17,12.134233887640002,12.13,
ifrs17-result-snapshot,I17利润表,4,18,0.33402946027999997,0.33,
ifrs17-result-snapshot,I17利润表,4,21,0,0,
ifrs17-result-snapshot,I17利润表,4,22,"""预期赔付的保险成分""",预期赔付的保险成分,
ifrs17-result-snapshot,I17利润表,4,23,4350.982402789438,"4,350.98",
ifrs17-result-snapshot,I17利润表,4,24,4181.363590968918,"4,181.36",
ifrs17-result-snapshot,I17利润表,4,25,149.2208161464,149.22,
ifrs17-result-snapshot,I17利润表,4,26,7.929732326200001,7.93,
ifrs17-result-snapshot,I17利润表,4,27,12.134233887640002,12.13,
ifrs17-result-snapshot,I17利润表,4,28,0.3340294602800001,0.33,
ifrs17-result-snapshot,I17利润表,4,31,0,0,
ifrs17-result-snapshot,I17利润表,4,32,"""预期赔付的保险成分""",预期赔付的保险成分,
ifrs17-result-snapshot,I17利润表,4,33,4350.982402789441,"4,350.98",
ifrs17-result-snapshot,I17利润表,4,34,4181.363590968921,"4,181.36",
ifrs17-result-snapshot,I17利润表,4,35,149.22081614639995,149.22,
ifrs17-result-snapshot,I17利润表,4,36,7.929732326200001,7.93,
ifrs17-result-snapshot,I17利润表,4,37,12.134233887639997,12.13,
ifrs17-result-snapshot,I17利润表,4,38,0.3340294602800001,0.33,
ifrs17-result-snapshot,I17利润表,5,0,"""预期保险服务费用""",预期保险服务费用,
ifrs17-result-snapshot,I17利润表,5,1,15505.821541135252,"15,505.82",
ifrs17-result-snapshot,I17利润表,5,2,11746.872896505172,"11,746.87",
ifrs17-result-snapshot,I17利润表,5,3,3637.32402786872,"3,637.32",
ifrs17-result-snapshot,I17利润表,5,4,3.95220951436,3.95,
ifrs17-result-snapshot,I17利润表,5,5,117.50322724099979,117.5,
ifrs17-result-snapshot,I17利润表,5,6,0.169180006,0.17,
ifrs17-result-snapshot,I17利润表,5,9,0,0,
ifrs17-result-snapshot,I17利润表,5,11,0,0,
ifrs17-result-snapshot,I17利润表,5,12,"""预期保险服务费用""",预期保险服务费用,
ifrs17-result-snapshot,I17利润表,5,13,15505.821541135252,"15,505.82",
ifrs17-result-snapshot,I17利润表,5,14,11746.87289650517,"11,746.87",
ifrs17-result-snapshot,I17利润表,5,15,3637.32402786872,"3,637.32",
ifrs17-result-snapshot,I17利润表,5,16,3.95220951436,3.95,
ifrs17-result-snapshot,I17利润表,5,17,117.5032272409998,117.5,
ifrs17-result-snapshot,I17利润表,5,18,0.169180006,0.17,
ifrs17-result-snapshot,I17利润表,5,21,0,0,
ifrs17-result-snapshot,I17利润表,5,22,"""预期保险服务费用""",预期保险服务费用,
ifrs17-result-snapshot,I17利润表,5,23,15505.821541135248,"15,505.82",
ifrs17-result-snapshot,I17利润表,5,24,11746.87289650517,"11,746.87",
ifrs17-result-snapshot,I17利润表,5,25,3637.324027868719,"3,637.32",
ifrs17-result-snapshot,I17利润表,5,26,3.95220951436,3.95,
ifrs17-result-snapshot,I17利润表,5,27,117.50322724099983,117.5,
ifrs17-result-snapshot,I17利润表,5,28,0.169180006,0.17,
ifrs17-result-snapshot,I17利润表,5,31,0,0,
ifrs17-result-snapshot,I17利润表,5,32,"""预期保险服务费用""",预期保险服务费用,
ifrs17-result-snapshot,I17利润表,5,33,15505.821541135234,"15,505.82",
ifrs17-result-snapshot,I17利润表,5,34,11746.872896505152,"11,746.87",
ifrs17-result-snapshot,I17利润表,5,35,3637.3240278687213,"3,637.32",
ifrs17-result-snapshot,I17利润表,5,36,3.9522095143600007,3.95,
ifrs17-result-snapshot,I17利润表,5,37,117.50322724099973,117.5,
ifrs17-result-snapshot,I17利润表,5,38,0.169180006,0.17,
ifrs17-result-snapshot,I17利润表,6,0,"""损失摊销""",损失摊销,
ifrs17-result-snapshot,I17利润表,6,1,-2267.8459462202,"(2,267.85)",
ifrs17-result-snapshot,I17利润表,6,2,-2072.766343023367,"(2,072.77)",
ifrs17-result-snapshot,I17利润表,6,3,-165.84292668386777,(165.84),
ifrs17-result-snapshot,I17利润表,6,4,-3.3914881104240626,(3.39),
ifrs17-result-snapshot,I17利润表,6,5,-25.845188402541464,(25.85),
ifrs17-result-snapshot,I17利润表,6,6,1.5630757931805988e-16,0,
ifrs17-result-snapshot,I17利润表,6,9,0,0,
ifrs17-result-snapshot,I17利润表,6,11,0,0,
ifrs17-result-snapshot,I17利润表,6,12,"""损失摊销""",损失摊销,
ifrs17-result-snapshot,I17利润表,6,13,-2267.845946220201,"(2,267.85)",
ifrs17-result-snapshot,I17利润表,6,14,-2072.7663430233674,"(2,072.77)",
ifrs17-result-snapshot,I17利润表,6,15,-165.84292668386772,(165.84),
ifrs17-result-snapshot,I17利润表,6,16,-3.391488110424062,(3.39),
ifrs17-result-snapshot,I17利润表,6,17,-25.84518840254151,(25.85),
ifrs17-result-snapshot,I17利润表,6,18,1.5630757931805993e-16,0,
ifrs17-result-snapshot,I17利润表,6,21,-0.010724317033600527,(0.01),
ifrs17-result-snapshot,I17利润表,6,22,"""损失摊销""",损失摊销,
ifrs17-result-snapshot,I17利润表,6,23,-2267.8352219031663,"(2,267.84)",
ifrs17-result-snapshot,I17利润表,6,24,-2072.76897437108,"(2,072.77)",
ifrs17-result-snapshot,I17利润表,6,25,-165.84610781688033,(165.85),
ifrs17-result-snapshot,I17利润表,6,26,-3.391488110424062,(3.39),
ifrs17-result-snapshot,I17利润表,6,27,-25.82865160478111,(25.83),
ifrs17-result-snapshot,I17利润表,6,28,1.5634168179928107e-16,0,
ifrs17-result-snapshot,I17利润表,6,31,-0.010724317033600527,(0.01),
ifrs17-result-snapshot,I17利润表,6,32,"""损失摊销""",损失摊销,
ifrs17-result-snapshot,I17利润表,6,33,-2267.8352219031663,"(2,267.84)",
ifrs17-result-snapshot,I17利润表,6,34,-2072.76897437108,"(2,072.77)",
ifrs17-result-snapshot,I17利润表,6,35,-165.84610781688042,(165.85),
ifrs17-result-snapshot,I17利润表,6,36,-3.3914881104240613,(3.39),
ifrs17-result-snapshot,I17利润表,6,37,-25.828651604781093,(25.83),
ifrs17-result-snapshot,I17利润表,6,38,1.5634168179928107e-16,0,
ifrs17-result-snapshot,I17利润表,7,0,"""获取费用摊销""",获取费用摊销,
ifrs17-result-snapshot,I17利润表,7,1,4283.926001935025,"4,283.93",
ifrs17-result-snapshot,I17利润表,7,2,3146.5179680719784,"3,146.52",
ifrs17-result-snapshot,I17利润表,7,3,1113.1818318081337,"1,113.18",
ifrs17-result-snapshot,I17利润表,7,4,19.520888875503193,19.52,
ifrs17-result-snapshot,I17利润表,7,5,4.705313179411963,4.71,
ifrs17-result-snapshot,I17利润表,7,6,0,0,
ifrs17-result-snapshot,I17利润表,7,9,0,0,
ifrs17-result-snapshot,I17利润表,7,11,0.6462349016190274,0.65,
ifrs17-result-snapshot,I17利润表,7,12,"""获取费用摊销""",获取费用摊销,
ifrs17-result-snapshot,I17利润表,7,13,4283.279767033406,"4,283.28",
ifrs17-result-snapshot,I17利润表,7,14,3146.390743865227,"3,146.39",
ifrs17-result-snapshot,I17利润表,7,15,1112.6623929273458,"1,112.66",
ifrs17-result-snapshot,I17利润表,7,16,19.520864361948846,19.52,
ifrs17-result-snapshot,I17利润表,7,17,4.705765878883918,4.71,
ifrs17-result-snapshot,I17利润表,7,18,0,0,
ifrs17-result-snapshot,I17利润表,7,21,6.811307332213619,6.81,
ifrs17-result-snapshot,I17利润表,7,22,"""获取费用摊销""",获取费用摊销,
ifrs17-result-snapshot,I17利润表,7,23,4277.114694602811,"4,277.11",
ifrs17-result-snapshot,I17利润表,7,24,3141.672836757608,"3,141.67",
ifrs17-result-snapshot,I17利润表,7,25,1111.453952134397,"1,111.45",
ifrs17-result-snapshot,I17利润表,7,26,19.52093147810321,19.52,
ifrs17-result-snapshot,I17利润表,7,27,4.466974232704085,4.47,
ifrs17-result-snapshot,I17利润表,7,28,0,0,
ifrs17-result-snapshot,I17利润表,7,31,6.608225484876312,6.61,
ifrs17-result-snapshot,I17利润表,7,32,"""获取费用摊销""",获取费用摊销,
ifrs17-result-snapshot,I17利润表,7,33,4277.317776450149,"4,277.32",
ifrs17-result-snapshot,I17利润表,7,34,3141.7930683540244,"3,141.79",
ifrs17-result-snapshot,I17利润表,7,35,1111.5368023853189,"1,111.54",
ifrs17-result-snapshot,I17利润表,7,36,19.52093147810321,19.52,
ifrs17-result-snapshot,I17利润表,7,37,4.466974232704084,4.47,
ifrs17-result-snapshot,I17利润表,7,38,0,0,
ifrs17-result-snapshot,I17利润表,8,0,"""按保费分配法计量的合同确认的保费收入""",按保费分配法计量的合同确认的保费收入,
ifrs17-result-snapshot,I17利润表,8,1,10268.804050759234,"10,268.8",
ifrs17-result-snapshot,I17利润表,8,7,10268.804050759234,"10,268.8",
ifrs17-result-snapshot,I17利润表,8,9,0,0,
ifrs17-result-snapshot,I17利润表,8,11,2.4738255888223647e-11,0,
ifrs17-result-snapshot,I17利润表,8,12,"""按保费分配法计量的合同确认的保费收入""",按保费分配法计量的合同确认的保费收入,
ifrs17-result-snapshot,I17利润表,8,13,10268.80405075921,"10,268.8",
ifrs17-result-snapshot,I17利润表,8,19,10268.80405075921,"10,268.8",
ifrs17-result-snapshot,I17利润表,8,21,3.2014213502407077e-11,0,
ifrs17-result-snapshot,I17利润表,8,22,"""按保费分配法计量的合同确认的保费收入""",按保费分配法计量的合同确认的保费收入,
ifrs17-result-snapshot,I17利润表,8,23,10268.804050759203,"10,268.8",
ifrs17-result-snapshot,I17利润表,8,29,10268.804050759203,"10,268.8",
ifrs17-result-snapshot,I17利润表,8,31,3.2014213502407077e-11,0,
ifrs17-result-snapshot,I17利润表,8,32,"""按保费分配法计量的合同确认的保费收入""",按保费分配法计量的合同确认的保费收入,
ifrs17-result-snapshot,I17利润表,8,33,10268.804050759203,"10,268.8",
ifrs17-result-snapshot,I17利润表,8,39,10268.804050759203,"10,268.8",
ifrs17-result-snapshot,I17利润表,9,0,"""保险服务收入合计""",保险服务收入合计,
ifrs17-result-snapshot,I17利润表,9,1,48882.22589423746,"48,882.23",
ifrs17-result-snapshot,I17利润表,9,2,30627.873943706538,"30,627.87",
ifrs17-result-snapshot,I17利润表,9,3,6734.573695939046,"6,734.57",
ifrs17-result-snapshot,I17利润表,9,4,272.42060056574644,272.42,
ifrs17-result-snapshot,I17利润表,9,5,974.8165622545845,974.82,
ifrs17-result-snapshot,I17利润表,9,6,3.737041012312408,3.74,
ifrs17-result-snapshot,I17利润表,9,7,10268.804050759234,"10,268.8",
ifrs17-result-snapshot,I17利润表,9,8,0,0,
ifrs17-result-snapshot,I17利润表,9,9,0,0,
ifrs17-result-snapshot,I17利润表,9,11,-0.48599158495198935,(0.49),
ifrs17-result-snapshot,I17利润表,9,12,"""保险服务收入合计""",保险服务收入合计,
ifrs17-result-snapshot,I17利润表,9,13,48882.71188582241,"48,882.71",
ifrs17-result-snapshot,I17利润表,9,14,30627.866623700585,"30,627.87",
ifrs17-result-snapshot,I17利润表,9,15,6735.066611869728,"6,735.07",
ifrs17-result-snapshot,I17利润表,9,16,272.4206015071489,272.42,
ifrs17-result-snapshot,I17利润表,9,17,974.8169569734321,974.82,
ifrs17-result-snapshot,I17利润表,9,18,3.737041012312426,3.74,
ifrs17-result-snapshot,I17利润表,9,19,10268.80405075921,"10,268.8",
ifrs17-result-snapshot,I17利润表,9,20,0,0,
ifrs17-result-snapshot,I17利润表,9,21,55.39408600589377,55.39,
ifrs17-result-snapshot,I17利润表,9,22,"""保险服务收入合计""",保险服务收入合计,
ifrs17-result-snapshot,I17利润表,9,23,48826.83180823157,"48,826.83",
ifrs17-result-snapshot,I17利润表,9,24,30572.35704225307,"30,572.36",
ifrs17-result-snapshot,I17利润表,9,25,6735.484519042996,"6,735.48",
ifrs17-result-snapshot,I17利润表,9,26,272.4205989296644,272.42,
ifrs17-result-snapshot,I17利润表,9,27,974.0285562343228,974.03,
ifrs17-result-snapshot,I17利润表,9,28,3.737041012312409,3.74,
ifrs17-result-snapshot,I17利润表,9,29,10268.804050759203,"10,268.8",
ifrs17-result-snapshot,I17利润表,9,30,0,0,
ifrs17-result-snapshot,I17利润表,9,31,62.43259334941395,62.43,
ifrs17-result-snapshot,I17利润表,9,32,"""保险服务收入合计""",保险服务收入合计,
ifrs17-result-snapshot,I17利润表,9,33,48819.79330088805,"48,819.79",
ifrs17-result-snapshot,I17利润表,9,34,30565.59692350168,"30,565.6",
ifrs17-result-snapshot,I17利润表,9,35,6735.230845430304,"6,735.23",
ifrs17-result-snapshot,I17利润表,9,36,272.4205989296655,272.42,
ifrs17-result-snapshot,I17利润表,9,37,974.003841254889,974,
ifrs17-result-snapshot,I17利润表,9,38,3.737041012312401,3.74,
ifrs17-result-snapshot,I17利润表,9,39,10268.804050759203,"10,268.8",
ifrs17-result-snapshot,I17利润表,9,40,0,0,
ifrs17-result-snapshot,I17利润表,10,0,"""实际赔付的保险成分""",实际赔付的保险成分,
ifrs17-result-snapshot,I17利润表,10,1,-15272.094187447961,"(15,272.09)",
ifrs17-result-snapshot,I17利润表,10,2,-6510.552534904899,"(6,510.55)",
ifrs17-result-snapshot,I17利润表,10,3,-87.1863603805323,(87.19),
ifrs17-result-snapshot,I17利润表,10,4,0,0,
ifrs17-result-snapshot,I17利润表,10,5,-85.53984114430509,(85.54),
ifrs17-result-snapshot,I17利润表,10,6,0,0,
ifrs17-result-snapshot,I17利润表,10,7,-8588.815451018225,"(8,588.82)",
ifrs17-result-snapshot,I17利润表,10,9,0,0,
ifrs17-result-snapshot,I17利润表,10,11,-0.0000016664766008034348,(0),
ifrs17-result-snapshot,I17利润表,10,12,"""实际赔付的保险成分""",实际赔付的保险成分,
ifrs17-result-snapshot,I17利润表,10,13,-15272.094185781485,"(15,272.09)",
ifrs17-result-snapshot,I17利润表,10,14,-6510.552533668124,"(6,510.55)",
ifrs17-result-snapshot,I17利润表,10,15,-87.18636027175091,(87.19),
ifrs17-result-snapshot,I17利润表,10,16,0,0,
ifrs17-result-snapshot,I17利润表,10,17,-85.53984001694502,(85.54),
ifrs17-result-snapshot,I17利润表,10,18,0,0,
ifrs17-result-snapshot,I17利润表,10,19,-8588.815451824665,"(8,588.82)",
ifrs17-result-snapshot,I17利润表,10,21,-0.0000016664795111864806,(0),
ifrs17-result-snapshot,I17利润表,10,22,"""实际赔付的保险成分""",实际赔付的保险成分,
ifrs17-result-snapshot,I17利润表,10,23,-15272.094185781481,"(15,272.09)",
ifrs17-result-snapshot,I17利润表,10,24,-6510.552533668124,"(6,510.55)",
ifrs17-result-snapshot,I17利润表,10,25,-87.18636027174873,(87.19),
ifrs17-result-snapshot,I17利润表,10,26,0,0,
ifrs17-result-snapshot,I17利润表,10,27,-85.53984001694474,(85.54),
ifrs17-result-snapshot,I17利润表,10,28,0,0,
ifrs17-result-snapshot,I17利润表,10,29,-8588.815451824665,"(8,588.82)",
ifrs17-result-snapshot,I17利润表,10,31,0.0000155025816638954,0,
ifrs17-result-snapshot,I17利润表,10,32,"""实际赔付的保险成分""",实际赔付的保险成分,
ifrs17-result-snapshot,I17利润表,10,33,-15272.094185781485,"(15,272.09)",
ifrs17-result-snapshot,I17利润表,10,34,-6510.552533668125,"(6,510.55)",
ifrs17-result-snapshot,I17利润表,10,35,-87.18636027174873,(87.19),
ifrs17-result-snapshot,I17利润表,10,36,0,0,
ifrs17-result-snapshot,I17利润表,10,37,-85.53984001694472,(85.54),
ifrs17-result-snapshot,I17利润表,10,38,0,0,
ifrs17-result-snapshot,I17利润表,10,39,-8588.815451824667,"(8,588.82)",
ifrs17-result-snapshot,I17利润表,11,0,"""实际维持费用""",实际维持费用,
ifrs17-result-snapshot,I17利润表,11,1,-17702.745301599993,"(17,702.75)",
ifrs17-result-snapshot,I17利润表,11,2,-12355.163465419946,"(12,355.16)",
ifrs17-result-snapshot,I17利润表,11,3,-3776.667993145573,"(3,776.67)",
ifrs17-result-snapshot,I17利润表,11,4,-23.872408621239845,(23.87),
ifrs17-result-snapshot,I17利润表,11,5,-330.5792815814023,(330.58),
ifrs17-result-snapshot,I17利润表,11,6,-1.1314524318331216,(1.13),
ifrs17-result-snapshot,I17利润表,11,7,-1215.3307004000003,"(1,215.33)",
ifrs17-result-snapshot,I17利润表,11,9,0,0,
ifrs17-result-snapshot,I17利润表,11,11,0.0000020000123186036943,0,
ifrs17-result-snapshot,I17利润表,11,12,"""实际维持费用""",实际维持费用,
ifrs17-result-snapshot,I17利润表,11,13,-17702.745303600004,"(17,702.75)",
ifrs17-result-snapshot,I17利润表,11,14,-12381.570016807189,"(12,381.57)",
ifrs17-result-snapshot,I17利润表,11,15,-3816.836217264674,"(3,816.84)",
ifrs17-result-snapshot,I17利润表,11,16,-23.85466508176125,(23.85),
ifrs17-result-snapshot,I17利润表,11,17,-330.96142796556956,(330.96),
ifrs17-result-snapshot,I17利润表,11,18,-1.1307732808098367,(1.13),
ifrs17-result-snapshot,I17利润表,11,19,-1148.3922032,"(1,148.39)",
ifrs17-result-snapshot,I17利润表,11,21,-556.2171085193113,(556.22),
ifrs17-result-snapshot,I17利润表,11,22,"""实际维持费用""",实际维持费用,
ifrs17-result-snapshot,I17利润表,11,23,-17146.52819308068,"(17,146.53)",
ifrs17-result-snapshot,I17利润表,11,24,-11749.59819832563,"(11,749.6)",
ifrs17-result-snapshot,I17利润表,11,25,-3601.9570781447046,"(3,601.96)",
ifrs17-result-snapshot,I17利润表,11,26,-19.869531010747178,(19.87),
ifrs17-result-snapshot,I17利润表,11,27,-296.40846232620515,(296.41),
ifrs17-result-snapshot,I17利润表,11,28,-0.9344005245047237,(0.93),
ifrs17-result-snapshot,I17利润表,11,29,-1477.7605227488923,"(1,477.76)",
ifrs17-result-snapshot,I17利润表,11,31,-556.2171085193171,(556.22),
ifrs17-result-snapshot,I17利润表,11,32,"""实际维持费用""",实际维持费用,
ifrs17-result-snapshot,I17利润表,11,33,-17146.528193080674,"(17,146.53)",
ifrs17-result-snapshot,I17利润表,11,34,-11749.598198325624,"(11,749.6)",
ifrs17-result-snapshot,I17利润表,11,35,-3601.9570781447037,"(3,601.96)",
ifrs17-result-snapshot,I17利润表,11,36,-19.869531010747178,(19.87),
ifrs17-result-snapshot,I17利润表,11,37,-296.40846232620527,(296.41),
ifrs17-result-snapshot,I17利润表,11,38,-0.9344005245047237,(0.93),
ifrs17-result-snapshot,I17利润表,11,39,-1477.7605227488923,"(1,477.76)",
ifrs17-result-snapshot,I17利润表,12,0,"""损失摊销""",损失摊销,
ifrs17-result-snapshot,I17利润表,12,1,2491.2959342202,"2,491.3",
ifrs17-result-snapshot,I17利润表,12,2,2072.766343023367,"2,072.77",
ifrs17-result-snapshot,I17利润表,12,3,165.84292668386777,165.84,
ifrs17-result-snapshot,I17利润表,12,4,3.3914881104240626,3.39,
ifrs17-result-snapshot,I17利润表,12,5,25.845188402541464,25.85,
ifrs17-result-snapshot,I17利润表,12,6,1.5630757931805988e-16,0,
ifrs17-result-snapshot,I17利润表,12,7,223.449988,223.45,
ifrs17-result-snapshot,I17利润表,12,9,0,0,
ifrs17-result-snapshot,I17利润表,12,11,0,0,
ifrs17-result-snapshot,I17利润表,12,12,"""损失摊销""",损失摊销,
ifrs17-result-snapshot,I17利润表,12,13,2491.2959342202007,"2,491.3",
ifrs17-result-snapshot,I17利润表,12,14,2072.7663430233674,"2,072.77",
ifrs17-result-snapshot,I17利润表,12,15,165.84292668386772,165.84,
ifrs17-result-snapshot,I17利润表,12,16,3.391488110424062,3.39,
ifrs17-result-snapshot,I17利润表,12,17,25.84518840254151,25.85,
ifrs17-result-snapshot,I17利润表,12,18,1.5630757931805993e-16,0,
ifrs17-result-snapshot,I17利润表,12,19,223.449988,223.45,
ifrs17-result-snapshot,I17利润表,12,21,0.010724317033600527,0.01,
ifrs17-result-snapshot,I17利润表,12,22,"""损失摊销""",损失摊销,
ifrs17-result-snapshot,I17利润表,12,23,2491.285209903166,"2,491.29",
ifrs17-result-snapshot,I17利润表,12,24,2072.76897437108,"2,072.77",
ifrs17-result-snapshot,I17利润表,12,25,165.84610781688033,165.85,
ifrs17-result-snapshot,I17利润表,12,26,3.391488110424062,3.39,
ifrs17-result-snapshot,I17利润表,12,27,25.82865160478111,25.83,
ifrs17-result-snapshot,I17利润表,12,28,1.5634168179928107e-16,0,
ifrs17-result-snapshot,I17利润表,12,29,223.449988,223.45,
ifrs17-result-snapshot,I17利润表,12,31,0.010724317033600527,0.01,
ifrs17-result-snapshot,I17利润表,12,32,"""损失摊销""",损失摊销,
ifrs17-result-snapshot,I17利润表,12,33,2491.285209903166,"2,491.29",
ifrs17-result-snapshot,I17利润表,12,34,2072.76897437108,"2,072.77",
ifrs17-result-snapshot,I17利润表,12,35,165.84610781688042,165.85,
ifrs17-result-snapshot,I17利润表,12,36,3.3914881104240613,3.39,
ifrs17-result-snapshot,I17利润表,12,37,25.828651604781093,25.83,
ifrs17-result-snapshot,I17利润表,12,38,1.5634168179928107e-16,0,
ifrs17-result-snapshot,I17利润表,12,39,223.449988,223.45,
ifrs17-result-snapshot,I17利润表,13,0,"""获取费用摊销""",获取费用摊销,
ifrs17-result-snapshot,I17利润表,13,1,-6601.4825167350255,"(6,601.48)",
ifrs17-result-snapshot,I17利润表,13,2,-3146.5179680719784,"(3,146.52)",
ifrs17-result-snapshot,I17利润表,13,3,-1113.1818318081337,"(1,113.18)",
ifrs17-result-snapshot,I17利润表,13,4,-19.520888875503193,(19.52),
ifrs17-result-snapshot,I17利润表,13,5,-4.705313179411963,(4.71),
ifrs17-result-snapshot,I17利润表,13,6,0,0,
ifrs17-result-snapshot,I17利润表,13,7,-2317.5565148,"(2,317.56)",
ifrs17-result-snapshot,I17利润表,13,9,0,0,
ifrs17-result-snapshot,I17利润表,13,11,30.481720298380242,30.48,
ifrs17-result-snapshot,I17利润表,13,12,"""获取费用摊销""",获取费用摊销,
ifrs17-result-snapshot,I17利润表,13,13,-6631.964237033406,"(6,631.96)",
ifrs17-result-snapshot,I17利润表,13,14,-3146.390743865227,"(3,146.39)",
ifrs17-result-snapshot,I17利润表,13,15,-1112.6623929273458,"(1,112.66)",
ifrs17-result-snapshot,I17利润表,13,16,-19.520864361948846,(19.52),
ifrs17-result-snapshot,I17利润表,13,17,-4.705765878883918,(4.71),
ifrs17-result-snapshot,I17利润表,13,18,0,0,
ifrs17-result-snapshot,I17利润表,13,19,-2348.6844699999997,"(2,348.68)",
ifrs17-result-snapshot,I17利润表,13,21,675.1273359829487,675.13,
ifrs17-result-snapshot,I17利润表,13,22,"""获取费用摊销""",获取费用摊销,
ifrs17-result-snapshot,I17利润表,13,23,-7276.609852717974,"(7,276.61)",
ifrs17-result-snapshot,I17利润表,13,24,-3141.672836757608,"(3,141.67)",
ifrs17-result-snapshot,I17利润表,13,25,-1111.453952134397,"(1,111.45)",
ifrs17-result-snapshot,I17利润表,13,26,-19.52093147810321,(19.52),
ifrs17-result-snapshot,I17利润表,13,27,-4.466974232704085,(4.47),
ifrs17-result-snapshot,I17利润表,13,28,0,0,
ifrs17-result-snapshot,I17利润表,13,29,-2999.495158115162,"(2,999.5)",
ifrs17-result-snapshot,I17利润表,13,31,675.330417830286,675.33,
ifrs17-result-snapshot,I17利润表,13,32,"""获取费用摊销""",获取费用摊销,
ifrs17-result-snapshot,I17利润表,13,33,-7276.8129345653115,"(7,276.81)",
ifrs17-result-snapshot,I17利润表,13,34,-3141.7930683540244,"(3,141.79)",
ifrs17-result-snapshot,I17利润表,13,35,-1111.5368023853189,"(1,111.54)",
ifrs17-result-snapshot,I17利润表,13,36,-19.52093147810321,(19.52),
ifrs17-result-snapshot,I17利润表,13,37,-4.466974232704084,(4.47),
ifrs17-result-snapshot,I17利润表,13,38,0,0,
ifrs17-result-snapshot,I17利润表,13,39,-2999.495158115162,"(2,999.5)",
ifrs17-result-snapshot,I17利润表,14,0,"""首日亏损""",首日亏损,
ifrs17-result-snapshot,I17利润表,14,1,-2135.8284233962504,"(2,135.83)",
ifrs17-result-snapshot,I17利润表,14,2,-786.8718401556864,(786.87),
ifrs17-result-snapshot,I17利润表,14,3,-326.54781459717196,(326.55),
ifrs17-result-snapshot,I17利润表,14,4,0,0,
ifrs17-result-snapshot,I17利润表,14,5,-1022.4087686433953,"(1,022.41)",
ifrs17-result-snapshot,I17利润表,14,6,0,0,
ifrs17-result-snapshot,I17利润表,14,9,-2.9103830456733705e-12,(0),
ifrs17-result-snapshot,I17利润表,14,11,1.964508555829525e-11,0,
ifrs17-result-snapshot,I17利润表,14,12,"""首日亏损""",首日亏损,
ifrs17-result-snapshot,I17利润表,14,13,-2135.8284233962704,"(2,135.83)",
ifrs17-result-snapshot,I17利润表,14,14,-786.8718401557228,(786.87),
ifrs17-result-snapshot,I17利润表,14,15,-326.54781459714866,(326.55),
ifrs17-result-snapshot,I17利润表,14,16,0,0,
ifrs17-result-snapshot,I17利润表,14,17,-1022.4087686433983,"(1,022.41)",
ifrs17-result-snapshot,I17利润表,14,18,0,0,
ifrs17-result-snapshot,I17利润表,14,21,4.547473508864641e-11,0,
ifrs17-result-snapshot,I17利润表,14,22,"""首日亏损""",首日亏损,
ifrs17-result-snapshot,I17利润表,14,23,-2135.828423396296,"(2,135.83)",
ifrs17-result-snapshot,I17利润表,14,24,-786.8718401557402,(786.87),
ifrs17-result-snapshot,I17利润表,14,25,-326.5478145971603,(326.55),
ifrs17-result-snapshot,I17利润表,14,26,0,0,
ifrs17-result-snapshot,I17利润表,14,27,-1022.4087686433977,"(1,022.41)",
ifrs17-result-snapshot,I17利润表,14,28,0,0,
ifrs17-result-snapshot,I17利润表,14,31,-7.385096978396178e-11,(0),
ifrs17-result-snapshot,I17利润表,14,32,"""首日亏损""",首日亏损,
ifrs17-result-snapshot,I17利润表,14,33,-2135.8284233961767,"(2,135.83)",
ifrs17-result-snapshot,I17利润表,14,34,-786.8718401557446,(786.87),
ifrs17-result-snapshot,I17利润表,14,35,-326.5478145970381,(326.55),
ifrs17-result-snapshot,I17利润表,14,36,0,0,
ifrs17-result-snapshot,I17利润表,14,37,-1022.4087686433977,"(1,022.41)",
ifrs17-result-snapshot,I17利润表,14,38,0,0,
ifrs17-result-snapshot,I17利润表,15,0,"""亏损加剧/转回""",亏损加剧/转回,
ifrs17-result-snapshot,I17利润表,15,1,560.2153522879119,560.22,
ifrs17-result-snapshot,I17利润表,15,2,-2.1375437015907663,(2.14),
ifrs17-result-snapshot,I17利润表,15,3,-234.0471907017796,(234.05),
ifrs17-result-snapshot,I17利润表,15,4,29.941023221106434,29.94,
ifrs17-result-snapshot,I17利润表,15,5,769.4098610606634,769.41,
ifrs17-result-snapshot,I17利润表,15,6,3.2684965844964606e-14,0,
ifrs17-result-snapshot,I17利润表,15,7,-2.95079799999997,(2.95),
ifrs17-result-snapshot,I17利润表,15,9,-4.095122676517349e-7,(0),
ifrs17-result-snapshot,I17利润表,15,11,-0.22037232273069093,(0.22),
ifrs17-result-snapshot,I17利润表,15,12,"""亏损加剧/转回""",亏损加剧/转回,
ifrs17-result-snapshot,I17利润表,15,13,560.4357246106425,560.44,
ifrs17-result-snapshot,I17利润表,15,14,-2.0612093474235733,(2.06),
ifrs17-result-snapshot,I17利润表,15,15,-233.05414453584962,(233.05),
ifrs17-result-snapshot,I17利润表,15,16,29.9410232211063,29.94,
ifrs17-result-snapshot,I17利润表,15,17,769.4103203051912,769.41,
ifrs17-result-snapshot,I17利润表,15,18,-4.831690603168681e-14,(0),
ifrs17-result-snapshot,I17利润表,15,19,-2.95079799999997,(2.95),
ifrs17-result-snapshot,I17利润表,15,21,115.02922861232246,115.03,
ifrs17-result-snapshot,I17利润表,15,22,"""亏损加剧/转回""",亏损加剧/转回,
ifrs17-result-snapshot,I17利润表,15,23,445.18612367558933,445.19,
ifrs17-result-snapshot,I17利润表,15,24,-112.10098191073193,(112.1),
ifrs17-result-snapshot,I17利润表,15,25,-237.5295341232326,(237.53),
ifrs17-result-snapshot,I17利润表,15,26,29.941023221106207,29.94,
ifrs17-result-snapshot,I17利润表,15,27,767.8264140786407,767.83,
ifrs17-result-snapshot,I17利润表,15,28,-5.826450433232821e-14,(0),
ifrs17-result-snapshot,I17利润表,15,29,-2.95079799999997,(2.95),
ifrs17-result-snapshot,I17利润表,15,31,97.24247719189525,97.24,
ifrs17-result-snapshot,I17利润表,15,32,"""亏损加剧/转回""",亏损加剧/转回,
ifrs17-result-snapshot,I17利润表,15,33,462.97287509601654,462.97,
ifrs17-result-snapshot,I17利润表,15,34,-113.29379666572677,(113.29),
ifrs17-result-snapshot,I17利润表,15,35,-216.5088125649272,(216.51),
ifrs17-result-snapshot,I17利润表,15,36,29.94102322110725,29.94,
ifrs17-result-snapshot,I17利润表,15,37,765.7852586959852,765.79,
ifrs17-result-snapshot,I17利润表,15,38,-7.531752999057062e-14,(0),
ifrs17-result-snapshot,I17利润表,15,39,-2.95079799999997,(2.95),
ifrs17-result-snapshot,I17利润表,16,0,"""（与过去服务相关的）已发生赔款负债的调整""",（与过去服务相关的）已发生赔款负债的调整,
ifrs17-result-snapshot,I17利润表,16,1,4146.584282365894,"4,146.58",
ifrs17-result-snapshot,I17利润表,16,2,2477.9396789253287,"2,477.94",
ifrs17-result-snapshot,I17利润表,16,3,46.17187375923495,46.17,
ifrs17-result-snapshot,I17利润表,16,4,0,0,
ifrs17-result-snapshot,I17利润表,16,5,100.1978882384821,100.2,
ifrs17-result-snapshot,I17利润表,16,6,0,0,
ifrs17-result-snapshot,I17利润表,16,7,1522.274841442848,"1,522.27",
ifrs17-result-snapshot,I17利润表,16,9,0,0,
ifrs17-result-snapshot,I17利润表,16,11,0.000017169058992294595,0,
ifrs17-result-snapshot,I17利润表,16,12,"""（与过去服务相关的）已发生赔款负债的调整""",（与过去服务相关的）已发生赔款负债的调整,
ifrs17-result-snapshot,I17利润表,16,13,4146.584265196835,"4,146.58",
ifrs17-result-snapshot,I17利润表,16,14,2477.9396630337515,"2,477.94",
ifrs17-result-snapshot,I17利润表,16,15,46.17187374607492,46.17,
ifrs17-result-snapshot,I17利润表,16,16,0,0,
ifrs17-result-snapshot,I17利润表,16,17,100.19788659784055,100.2,
ifrs17-result-snapshot,I17利润表,16,18,0,0,
ifrs17-result-snapshot,I17利润表,16,19,1522.2748418191677,"1,522.27",
ifrs17-result-snapshot,I17利润表,16,21,0.000017169058264698833,0,
ifrs17-result-snapshot,I17利润表,16,22,"""（与过去服务相关的）已发生赔款负债的调整""",（与过去服务相关的）已发生赔款负债的调整,
ifrs17-result-snapshot,I17利润表,16,23,4146.584265196836,"4,146.58",
ifrs17-result-snapshot,I17利润表,16,24,2477.939663033752,"2,477.94",
ifrs17-result-snapshot,I17利润表,16,25,46.17187374607492,46.17,
ifrs17-result-snapshot,I17利润表,16,26,0,0,
ifrs17-result-snapshot,I17利润表,16,27,100.19788659784054,100.2,
ifrs17-result-snapshot,I17利润表,16,28,0,0,
ifrs17-result-snapshot,I17利润表,16,29,1522.2748418191677,"1,522.27",
ifrs17-result-snapshot,I17利润表,16,32,"""（与过去服务相关的）已发生赔款负债的调整""",（与过去服务相关的）已发生赔款负债的调整,
ifrs17-result-snapshot,I17利润表,16,33,4146.584265196836,"4,146.58",
ifrs17-result-snapshot,I17利润表,16,34,2477.939663033752,"2,477.94",
ifrs17-result-snapshot,I17利润表,16,35,46.17187374607492,46.17,
ifrs17-result-snapshot,I17利润表,16,36,0,0,
ifrs17-result-snapshot,I17利润表,16,37,100.19788659784054,100.2,
ifrs17-result-snapshot,I17利润表,16,38,0,0,
ifrs17-result-snapshot,I17利润表,16,39,1522.2748418191677,"1,522.27",
ifrs17-result-snapshot,I17利润表,17,0,"""再保险净收益/成本""",再保险净收益/成本,
ifrs17-result-snapshot,I17利润表,17,1,-267.94629564585705,(267.95),
ifrs17-result-snapshot,I17利润表,17,8,-267.94629564585705,(267.95),
ifrs17-result-snapshot,I17利润表,17,9,0,0,
ifrs17-result-snapshot,I17利润表,17,11,0.13961622383008035,0.14,
ifrs17-result-snapshot,I17利润表,17,12,"""再保险净收益/成本""",再保险净收益/成本,
ifrs17-result-snapshot,I17利润表,17,13,-268.08591186968715,(268.09),
ifrs17-result-snapshot,I17利润表,17,20,-268.08591186968715,(268.09),
ifrs17-result-snapshot,I17利润表,17,21,0.13961622383039868,0.14,
ifrs17-result-snapshot,I17利润表,17,22,"""再保险净收益/成本""",再保险净收益/成本,
ifrs17-result-snapshot,I17利润表,17,23,-268.0859118696875,(268.09),
ifrs17-result-snapshot,I17利润表,17,30,-268.0859118696875,(268.09),
ifrs17-result-snapshot,I17利润表,17,31,-114.45886989111041,(114.46),
ifrs17-result-snapshot,I17利润表,17,32,"""再保险净收益/成本""",再保险净收益/成本,
ifrs17-result-snapshot,I17利润表,17,33,-153.48742575474665,(153.49),
ifrs17-result-snapshot,I17利润表,17,40,-153.48742575474665,(153.49),
ifrs17-result-snapshot,I17利润表,18,0,"""保险费用合计""",保险费用合计,
ifrs17-result-snapshot,I17利润表,18,1,-34782.001155951075,"(34,782)",
ifrs17-result-snapshot,I17利润表,18,2,-18250.537330305408,"(18,250.54)",
ifrs17-result-snapshot,I17利润表,18,3,-5325.616390190087,"(5,325.62)",
ifrs17-result-snapshot,I17利润表,18,4,-10.060786165212539,(10.06),
ifrs17-result-snapshot,I17利润表,18,5,-547.7802668468278,(547.78),
ifrs17-result-snapshot,I17利润表,18,6,-1.1314524318330887,(1.13),
ifrs17-result-snapshot,I17利润表,18,7,-10378.928634775377,"(10,378.93)",
ifrs17-result-snapshot,I17利润表,18,8,-267.94629564585705,(267.95),
ifrs17-result-snapshot,I17利润表,18,9,-4.095258191227913e-7,(0),
ifrs17-result-snapshot,I17利润表,18,11,30.400981702108403,30.4,
ifrs17-result-snapshot,I17利润表,18,12,"""保险费用合计""",保险费用合计,
ifrs17-result-snapshot,I17利润表,18,13,-34812.40213765318,"(34,812.4)",
ifrs17-result-snapshot,I17利润表,18,14,-18276.740337786567,"(18,276.74)",
ifrs17-result-snapshot,I17利润表,18,15,-5364.272129166826,"(5,364.27)",
ifrs17-result-snapshot,I17利润表,18,16,-10.043018112179743,(10.04),
ifrs17-result-snapshot,I17利润表,18,17,-548.1624071992235,(548.16),
ifrs17-result-snapshot,I17利润表,18,18,-1.1307732808098847,(1.13),
ifrs17-result-snapshot,I17利润表,18,19,-10343.118093205496,"(10,343.12)",
ifrs17-result-snapshot,I17利润表,18,20,-268.08591186968715,(268.09),
ifrs17-result-snapshot,I17利润表,18,21,234.08981211945064,234.09,
ifrs17-result-snapshot,I17利润表,18,22,"""保险费用合计""",保险费用合计,
ifrs17-result-snapshot,I17利润表,18,23,-35016.09096807052,"(35,016.09)",
ifrs17-result-snapshot,I17利润表,18,24,-17750.087753413,"(17,750.09)",
ifrs17-result-snapshot,I17利润表,18,25,-5152.656757708288,"(5,152.66)",
ifrs17-result-snapshot,I17利润表,18,26,-6.0579511573201215,(6.06),
ifrs17-result-snapshot,I17利润表,18,27,-514.9710929379894,(514.97),
ifrs17-result-snapshot,I17利润表,18,28,-0.9344005245047817,(0.93),
ifrs17-result-snapshot,I17利润表,18,29,-11323.29710086955,"(11,323.3)",
ifrs17-result-snapshot,I17利润表,18,30,-268.0859118696875,(268.09),
ifrs17-result-snapshot,I17利润表,18,31,101.90765643130871,101.91,
ifrs17-result-snapshot,I17利润表,18,32,"""保险费用合计""",保险费用合计,
ifrs17-result-snapshot,I17利润表,18,33,-34883.90881238238,"(34,883.91)",
ifrs17-result-snapshot,I17利润表,18,34,-17751.400799764415,"(17,751.4)",
ifrs17-result-snapshot,I17利润表,18,35,-5131.718886400782,"(5,131.72)",
ifrs17-result-snapshot,I17利润表,18,36,-6.057951157319076,(6.06),
ifrs17-result-snapshot,I17利润表,18,37,-517.0122483206449,(517.01),
ifrs17-result-snapshot,I17利润表,18,38,-0.9344005245047988,(0.93),
ifrs17-result-snapshot,I17利润表,18,39,-11323.297100869551,"(11,323.3)",
ifrs17-result-snapshot,I17利润表,18,40,-153.48742575474665,(153.49),
ifrs17-result-snapshot,I17利润表,19,0,"""保险服务业绩合计""",保险服务业绩合计,
ifrs17-result-snapshot,I17利润表,19,1,14100.22473828639,"14,100.22",
ifrs17-result-snapshot,I17利润表,19,2,12377.33661340113,"12,377.34",
ifrs17-result-snapshot,I17利润表,19,3,1408.9573057489586,"1,408.96",
ifrs17-result-snapshot,I17利润表,19,4,262.35981440053393,262.36,
ifrs17-result-snapshot,I17利润表,19,5,427.0362954077567,427.04,
ifrs17-result-snapshot,I17利润表,19,6,2.6055885804793193,2.61,
ifrs17-result-snapshot,I17利润表,19,7,-110.12458401614131,(110.12),
ifrs17-result-snapshot,I17利润表,19,8,-267.94629564585705,(267.95),
ifrs17-result-snapshot,I17利润表,19,9,-4.095258191227913e-7,(0),
ifrs17-result-snapshot,I17利润表,19,11,29.914990117156414,29.91,
ifrs17-result-snapshot,I17利润表,19,12,"""保险服务业绩合计""",保险服务业绩合计,
ifrs17-result-snapshot,I17利润表,19,13,14070.309748169233,"14,070.31",
ifrs17-result-snapshot,I17利润表,19,14,12351.126285914017,"12,351.13",
ifrs17-result-snapshot,I17利润表,19,15,1370.7944827029016,"1,370.79",
ifrs17-result-snapshot,I17利润表,19,16,262.3775833949691,262.38,
ifrs17-result-snapshot,I17利润表,19,17,426.6545497742086,426.65,
ifrs17-result-snapshot,I17利润表,19,18,2.606267731502541,2.61,
ifrs17-result-snapshot,I17利润表,19,19,-74.31404244628648,(74.31),
ifrs17-result-snapshot,I17利润表,19,20,-268.08591186968715,(268.09),
ifrs17-result-snapshot,I17利润表,19,21,289.4838981253444,289.48,
ifrs17-result-snapshot,I17利润表,19,22,"""保险服务业绩合计""",保险服务业绩合计,
ifrs17-result-snapshot,I17利润表,19,23,13810.740840161045,"13,810.74",
ifrs17-result-snapshot,I17利润表,19,24,12822.269288840069,"12,822.27",
ifrs17-result-snapshot,I17利润表,19,25,1582.8277613347077,"1,582.83",
ifrs17-result-snapshot,I17利润表,19,26,266.36264777234425,266.36,
ifrs17-result-snapshot,I17利润表,19,27,459.05746329633337,459.06,
ifrs17-result-snapshot,I17利润表,19,28,2.802640487807627,2.8,
ifrs17-result-snapshot,I17利润表,19,29,-1054.4930501103474,"(1,054.49)",
ifrs17-result-snapshot,I17利润表,19,30,-268.0859118696875,(268.09),
ifrs17-result-snapshot,I17利润表,19,31,164.34024978072267,164.34,
ifrs17-result-snapshot,I17利润表,19,32,"""保险服务业绩合计""",保险服务业绩合计,
ifrs17-result-snapshot,I17利润表,19,33,13935.884488505666,"13,935.88",
ifrs17-result-snapshot,I17利润表,19,34,12814.196123737265,"12,814.2",
ifrs17-result-snapshot,I17利润表,19,35,1603.5119590295224,"1,603.51",
ifrs17-result-snapshot,I17利润表,19,36,266.36264777234646,266.36,
ifrs17-result-snapshot,I17利润表,19,37,456.9915929342443,456.99,
ifrs17-result-snapshot,I17利润表,19,38,2.802640487807602,2.8,
ifrs17-result-snapshot,I17利润表,19,39,-1054.4930501103488,"(1,054.49)",
ifrs17-result-snapshot,I17利润表,19,40,-153.48742575474665,(153.49),
ifrs17-result-snapshot,I17利润表,20,3,-0.36373065610077504,(0.36),
ifrs17-result-snapshot,I17利润表,20,4,-0.3455949710731952,(0.35),
ifrs17-result-snapshot,I17利润表,20,11,0,0,
ifrs17-result-snapshot,I17利润表,20,15,-0.36373065610076627,(0.36),
ifrs17-result-snapshot,I17利润表,20,16,-0.3455949710731952,(0.35),
ifrs17-result-snapshot,I17利润表,20,21,0,0,
ifrs17-result-snapshot,I17利润表,20,25,-0.3637306562580082,(0.36),
ifrs17-result-snapshot,I17利润表,20,26,-0.3455949710731952,(0.35),
ifrs17-result-snapshot,I17利润表,20,31,0,0,
ifrs17-result-snapshot,I17利润表,20,35,-0.36373065625800827,(0.36),
ifrs17-result-snapshot,I17利润表,20,36,-0.3455949710731952,(0.35),
ifrs17-result-snapshot,I17利润表,21,0,"""投资收益""",投资收益,
ifrs17-result-snapshot,I17利润表,21,1,87087.09339014011,"87,087.09",
ifrs17-result-snapshot,I17利润表,21,2,63678.602439681476,"63,678.6",
ifrs17-result-snapshot,I17利润表,21,3,10787.899604374277,"10,787.9",
ifrs17-result-snapshot,I17利润表,21,4,668.9185245281765,668.92,
ifrs17-result-snapshot,I17利润表,21,5,11791.701874547241,"11,791.7",
ifrs17-result-snapshot,I17利润表,21,6,159.9709470089439,159.97,
ifrs17-result-snapshot,I17利润表,21,11,0,0,
ifrs17-result-snapshot,I17利润表,21,12,"""投资收益""",投资收益,
ifrs17-result-snapshot,I17利润表,21,13,87087.09339014011,"87,087.09",
ifrs17-result-snapshot,I17利润表,21,14,63678.602439681476,"63,678.6",
ifrs17-result-snapshot,I17利润表,21,15,10787.899604374277,"10,787.9",
ifrs17-result-snapshot,I17利润表,21,16,668.9185245281765,668.92,
ifrs17-result-snapshot,I17利润表,21,17,11791.701874547241,"11,791.7",
ifrs17-result-snapshot,I17利润表,21,18,159.97094700894382,159.97,
ifrs17-result-snapshot,I17利润表,21,21,0,0,
ifrs17-result-snapshot,I17利润表,21,22,"""投资收益""",投资收益,
ifrs17-result-snapshot,I17利润表,21,23,87087.09339014011,"87,087.09",
ifrs17-result-snapshot,I17利润表,21,24,63692.0177317817,"63,692.02",
ifrs17-result-snapshot,I17利润表,21,25,10787.899604374277,"10,787.9",
ifrs17-result-snapshot,I17利润表,21,26,668.9185245281765,668.92,
ifrs17-result-snapshot,I17利润表,21,27,11791.701874547241,"11,791.7",
ifrs17-result-snapshot,I17利润表,21,28,159.9709470089439,159.97,
ifrs17-result-snapshot,I17利润表,21,31,0,0,
ifrs17-result-snapshot,I17利润表,21,32,"""投资收益""",投资收益,
ifrs17-result-snapshot,I17利润表,21,33,87087.09339014011,"87,087.09",
ifrs17-result-snapshot,I17利润表,21,34,63692.0177317817,"63,692.02",
ifrs17-result-snapshot,I17利润表,21,35,10787.899604374277,"10,787.9",
ifrs17-result-snapshot,I17利润表,21,36,668.9185245281765,668.92,
ifrs17-result-snapshot,I17利润表,21,37,11791.701874547241,"11,791.7",
ifrs17-result-snapshot,I17利润表,21,38,159.9709470089439,159.97,
ifrs17-result-snapshot,I17利润表,22,0,"""计入损益的保险合同金融变动额""",计入损益的保险合同金融变动额,
ifrs17-result-snapshot,I17利润表,22,1,-41828.11373059617,"(41,828.11)",
ifrs17-result-snapshot,I17利润表,22,2,-21141.037159132335,"(21,141.04)",
ifrs17-result-snapshot,I17利润表,22,3,-9809.72450262087,"(9,809.72)",
ifrs17-result-snapshot,I17利润表,22,4,-577.9371953365988,(577.94),
ifrs17-result-snapshot,I17利润表,22,5,-10139.718915697418,"(10,139.72)",
ifrs17-result-snapshot,I17利润表,22,6,-159.9709470089439,(159.97),
ifrs17-result-snapshot,I17利润表,22,7,0.2749892000000875,0.27,
ifrs17-result-snapshot,I17利润表,22,9,0,0,
ifrs17-result-snapshot,I17利润表,22,11,0.0006083600397687406,0,
ifrs17-result-snapshot,I17利润表,22,12,"""计入损益的保险合同金融变动额""",计入损益的保险合同金融变动额,
ifrs17-result-snapshot,I17利润表,22,13,-41828.114338956206,"(41,828.11)",
ifrs17-result-snapshot,I17利润表,22,14,-21141.03776749262,"(21,141.04)",
ifrs17-result-snapshot,I17利润表,22,15,-9809.724502620633,"(9,809.72)",
ifrs17-result-snapshot,I17利润表,22,16,-577.9371953365988,(577.94),
ifrs17-result-snapshot,I17利润表,22,17,-10139.718915697411,"(10,139.72)",
ifrs17-result-snapshot,I17利润表,22,18,-159.97094700894382,(159.97),
ifrs17-result-snapshot,I17利润表,22,19,0.27498920000008287,0.27,
ifrs17-result-snapshot,I17利润表,22,21,-1181.4895727439434,"(1,181.49)",
ifrs17-result-snapshot,I17利润表,22,22,"""计入损益的保险合同金融变动额""",计入损益的保险合同金融变动额,
ifrs17-result-snapshot,I17利润表,22,23,-40646.624157852224,"(40,646.62)",
ifrs17-result-snapshot,I17利润表,22,24,-19982.099369308842,"(19,982.1)",
ifrs17-result-snapshot,I17利润表,22,25,-9809.724506861408,"(9,809.72)",
ifrs17-result-snapshot,I17利润表,22,26,-577.9371953365988,(577.94),
ifrs17-result-snapshot,I17利润表,22,27,-10117.167128536432,"(10,117.17)",
ifrs17-result-snapshot,I17利润表,22,28,-159.9709470089439,(159.97),
ifrs17-result-snapshot,I17利润表,22,29,0.2749892000000845,0.27,
ifrs17-result-snapshot,I17利润表,22,31,201.49032961248886,201.49,
ifrs17-result-snapshot,I17利润表,22,32,"""计入损益的保险合同金融变动额""",计入损益的保险合同金融变动额,
ifrs17-result-snapshot,I17利润表,22,33,-42029.60406020866,"(42,029.6)",
ifrs17-result-snapshot,I17利润表,22,34,-21116.1102587835,"(21,116.11)",
ifrs17-result-snapshot,I17利润表,22,35,-9809.72450686141,"(9,809.72)",
ifrs17-result-snapshot,I17利润表,22,36,-577.9371953365988,(577.94),
ifrs17-result-snapshot,I17利润表,22,37,-10366.136141418201,"(10,366.14)",
ifrs17-result-snapshot,I17利润表,22,38,-159.9709470089439,(159.97),
ifrs17-result-snapshot,I17利润表,22,39,0.2749892000000845,0.27,
ifrs17-result-snapshot,I17利润表,23,0,"""投资服务业绩合计""",投资服务业绩合计,
ifrs17-result-snapshot,I17利润表,23,1,45258.97965954394,"45,258.98",
ifrs17-result-snapshot,I17利润表,23,2,42537.56528054914,"42,537.57",
ifrs17-result-snapshot,I17利润表,23,3,978.1751017534086,978.18,
ifrs17-result-snapshot,I17利润表,23,4,90.9813291915776,90.98,
ifrs17-result-snapshot,I17利润表,23,5,1651.9829588498221,"1,651.98",
ifrs17-result-snapshot,I17利润表,23,6,0,0,
ifrs17-result-snapshot,I17利润表,23,7,0.2749892000000875,0.27,
ifrs17-result-snapshot,I17利润表,23,11,0.0006083600397687406,0,
ifrs17-result-snapshot,I17利润表,23,12,"""投资服务业绩合计""",投资服务业绩合计,
ifrs17-result-snapshot,I17利润表,23,13,45258.9790511839,"45,258.98",
ifrs17-result-snapshot,I17利润表,23,14,42537.564672188855,"42,537.56",
ifrs17-result-snapshot,I17利润表,23,15,978.1751017536459,978.18,
ifrs17-result-snapshot,I17利润表,23,16,90.9813291915776,90.98,
ifrs17-result-snapshot,I17利润表,23,17,1651.9829588498294,"1,651.98",
ifrs17-result-snapshot,I17利润表,23,18,0,0,
ifrs17-result-snapshot,I17利润表,23,19,0.27498920000008287,0.27,
ifrs17-result-snapshot,I17利润表,23,21,-1181.4895727439434,"(1,181.49)",
ifrs17-result-snapshot,I17利润表,23,22,"""投资服务业绩合计""",投资服务业绩合计,
ifrs17-result-snapshot,I17利润表,23,23,46440.469232287884,"46,440.47",
ifrs17-result-snapshot,I17利润表,23,24,43709.91836247286,"43,709.92",
ifrs17-result-snapshot,I17利润表,23,25,978.17509751287,978.18,
ifrs17-result-snapshot,I17利润表,23,26,90.9813291915776,90.98,
ifrs17-result-snapshot,I17利润表,23,27,1674.5347460108096,"1,674.53",
ifrs17-result-snapshot,I17利润表,23,28,0,0,
ifrs17-result-snapshot,I17利润表,23,29,0.2749892000000845,0.27,
ifrs17-result-snapshot,I17利润表,23,31,201.49032961248886,201.49,
ifrs17-result-snapshot,I17利润表,23,32,"""投资服务业绩合计""",投资服务业绩合计,
ifrs17-result-snapshot,I17利润表,23,33,45057.48932993146,"45,057.49",
ifrs17-result-snapshot,I17利润表,23,34,42575.907472998195,"42,575.91",
ifrs17-result-snapshot,I17利润表,23,35,978.1750975128685,978.18,
ifrs17-result-snapshot,I17利润表,23,36,90.9813291915776,90.98,
ifrs17-result-snapshot,I17利润表,23,37,1425.5657331290392,"1,425.57",
ifrs17-result-snapshot,I17利润表,23,38,0,0,
ifrs17-result-snapshot,I17利润表,23,39,0.2749892000000845,0.27,
ifrs17-result-snapshot,I17利润表,24,3,-577.9371910960588,(577.94),
ifrs17-result-snapshot,I17利润表,24,5,-9561.78172036082,"(9,561.78)",
ifrs17-result-snapshot,I17利润表,24,11,0,0,
ifrs17-result-snapshot,I17利润表,24,15,-577.9371910958216,(577.94),
ifrs17-result-snapshot,I17利润表,24,17,-9561.781720360812,"(9,561.78)",
ifrs17-result-snapshot,I17利润表,24,21,0,0,
ifrs17-result-snapshot,I17利润表,24,25,-577.9371953365975,(577.94),
ifrs17-result-snapshot,I17利润表,24,27,-9539.229933199833,"(9,539.23)",
ifrs17-result-snapshot,I17利润表,24,31,0,0,
ifrs17-result-snapshot,I17利润表,24,35,398.2903692814143,398.29,
ifrs17-result-snapshot,I17利润表,24,37,323.25250257628215,323.25,
ifrs17-result-snapshot,I17利润表,25,0,"""其他业务利润""",其他业务利润,
ifrs17-result-snapshot,I17利润表,25,1,-1525.247023793916,"(1,525.25)",
ifrs17-result-snapshot,I17利润表,25,11,0,0,
ifrs17-result-snapshot,I17利润表,25,12,"""其他业务利润""",其他业务利润,
ifrs17-result-snapshot,I17利润表,25,13,-1525.247023793916,"(1,525.25)",
ifrs17-result-snapshot,I17利润表,25,21,69.41008012000057,69.41,
ifrs17-result-snapshot,I17利润表,25,22,"""其他业务利润""",其他业务利润,
ifrs17-result-snapshot,I17利润表,25,23,-1594.6571039139167,"(1,594.66)",
ifrs17-result-snapshot,I17利润表,25,31,69.41008012000057,69.41,
ifrs17-result-snapshot,I17利润表,25,32,"""其他业务利润""",其他业务利润,
ifrs17-result-snapshot,I17利润表,25,33,-1594.6571039139167,"(1,594.66)",
ifrs17-result-snapshot,I17利润表,26,0,"""其中：非履约费用""",其中：非履约费用,
ifrs17-result-snapshot,I17利润表,26,1,-1886.1655135999995,"(1,886.17)",
ifrs17-result-snapshot,I17利润表,26,11,0,0,
ifrs17-result-snapshot,I17利润表,26,12,"""其中：非履约费用""",其中：非履约费用,
ifrs17-result-snapshot,I17利润表,26,13,-1886.1655135999995,"(1,886.17)",
ifrs17-result-snapshot,I17利润表,26,21,69.41008012000093,69.41,
ifrs17-result-snapshot,I17利润表,26,22,"""其中：非履约费用""",其中：非履约费用,
ifrs17-result-snapshot,I17利润表,26,23,-1955.5755937200004,"(1,955.58)",
ifrs17-result-snapshot,I17利润表,26,31,69.41008012000093,69.41,
ifrs17-result-snapshot,I17利润表,26,32,"""其中：非履约费用""",其中：非履约费用,
ifrs17-result-snapshot,I17利润表,26,33,-1955.5755937200004,"(1,955.58)",
ifrs17-result-snapshot,I17利润表,27,0,"""营业利润""",营业利润,
ifrs17-result-snapshot,I17利润表,27,1,57833.957374036414,"57,833.96",
ifrs17-result-snapshot,I17利润表,27,11,29.915598477202003,29.92,
ifrs17-result-snapshot,I17利润表,27,12,"""营业利润""",营业利润,
ifrs17-result-snapshot,I17利润表,27,13,57804.04177555921,"57,804.04",
ifrs17-result-snapshot,I17利润表,27,21,-822.5955944985966,(822.6),
ifrs17-result-snapshot,I17利润表,27,22,"""营业利润""",营业利润,
ifrs17-result-snapshot,I17利润表,27,23,58656.55296853501,"58,656.55",
ifrs17-result-snapshot,I17利润表,27,31,435.2406595132081,435.24,
ifrs17-result-snapshot,I17利润表,27,32,"""营业利润""",营业利润,
ifrs17-result-snapshot,I17利润表,27,33,57398.71671452321,"57,398.72",
ifrs17-result-snapshot,I17利润表,28,0,"""营业外收支""",营业外收支,
ifrs17-result-snapshot,I17利润表,28,1,-252.4026292,(252.4),
ifrs17-result-snapshot,I17利润表,28,11,0,0,
ifrs17-result-snapshot,I17利润表,28,12,"""营业外收支""",营业外收支,
ifrs17-result-snapshot,I17利润表,28,13,-252.4026292,(252.4),
ifrs17-result-snapshot,I17利润表,28,21,0,0,
ifrs17-result-snapshot,I17利润表,28,22,"""营业外收支""",营业外收支,
ifrs17-result-snapshot,I17利润表,28,23,-252.4026292,(252.4),
ifrs17-result-snapshot,I17利润表,28,31,0,0,
ifrs17-result-snapshot,I17利润表,28,32,"""营业外收支""",营业外收支,
ifrs17-result-snapshot,I17利润表,28,33,-252.4026292,(252.4),
ifrs17-result-snapshot,I17利润表,29,0,"""税前净利""",税前净利,
ifrs17-result-snapshot,I17利润表,29,1,57581.55474483642,"57,581.55",
ifrs17-result-snapshot,I17利润表,29,11,29.915598477202003,29.92,
ifrs17-result-snapshot,I17利润表,29,12,"""税前净利""",税前净利,
ifrs17-result-snapshot,I17利润表,29,13,57551.639146359215,"57,551.64",
ifrs17-result-snapshot,I17利润表,29,21,-822.5955944985966,(822.6),
ifrs17-result-snapshot,I17利润表,29,22,"""税前净利""",税前净利,
ifrs17-result-snapshot,I17利润表,29,23,58404.150339335014,"58,404.15",
ifrs17-result-snapshot,I17利润表,29,31,435.2406595132081,435.24,
ifrs17-result-snapshot,I17利润表,29,32,"""税前净利""",税前净利,
ifrs17-result-snapshot,I17利润表,29,33,57146.31408532321,"57,146.31",
ifrs17-result-snapshot,I17利润表,30,0,"""所得税""",所得税,
ifrs17-result-snapshot,I17利润表,30,1,-13499.664304375267,"(13,499.66)",
ifrs17-result-snapshot,I17利润表,30,9,-0.09377769922466943,(0.09),
ifrs17-result-snapshot,I17利润表,30,11,-7.013539990302524,(7.01),
ifrs17-result-snapshot,I17利润表,30,12,"""所得税""",所得税,
ifrs17-result-snapshot,I17利润表,30,13,-13492.650764384965,"(13,492.65)",
ifrs17-result-snapshot,I17利润表,30,21,192.8528056110692,192.85,
ifrs17-result-snapshot,I17利润表,30,22,"""所得税""",所得税,
ifrs17-result-snapshot,I17利润表,30,23,-13692.517109986336,"(13,692.52)",
ifrs17-result-snapshot,I17利润表,30,31,-102.03966914543999,(102.04),
ifrs17-result-snapshot,I17利润表,30,32,"""所得税""",所得税,
ifrs17-result-snapshot,I17利润表,30,33,-13397.624635229828,"(13,397.62)",
ifrs17-result-snapshot,I17利润表,31,0,"""本期净利""",本期净利,
ifrs17-result-snapshot,I17利润表,31,1,44081.89044046115,"44,081.89",
ifrs17-result-snapshot,I17利润表,31,9,0,0,
ifrs17-result-snapshot,I17利润表,31,11,22.902058486902387,22.9,
ifrs17-result-snapshot,I17利润表,31,12,"""本期净利""",本期净利,
ifrs17-result-snapshot,I17利润表,31,13,44058.98838197425,"44,058.99",
ifrs17-result-snapshot,I17利润表,31,21,-629.7427888875245,(629.74),
ifrs17-result-snapshot,I17利润表,31,22,"""本期净利""",本期净利,
ifrs17-result-snapshot,I17利润表,31,23,44711.63322934868,"44,711.63",
ifrs17-result-snapshot,I17利润表,31,31,333.2009903677739,333.2,
ifrs17-result-snapshot,I17利润表,31,32,"""本期净利""",本期净利,
ifrs17-result-snapshot,I17利润表,31,33,43748.689450093385,"43,748.69",
ifrs17-result-snapshot,I17利润表,32,0,"""税前负债OCI""",税前负债OCI,
ifrs17-result-snapshot,I17利润表,32,1,23915.26303121767,"23,915.26",
ifrs17-result-snapshot,I17利润表,32,2,16844.128191321164,"16,844.13",
ifrs17-result-snapshot,I17利润表,32,3,3372.027059836882,"3,372.03",
ifrs17-result-snapshot,I17利润表,32,4,-352.3923686800019,(352.39),
ifrs17-result-snapshot,I17利润表,32,5,4051.500148739628,"4,051.5",
ifrs17-result-snapshot,I17利润表,32,6,0,0,
ifrs17-result-snapshot,I17利润表,32,11,-8.149072527885436e-11,(0),
ifrs17-result-snapshot,I17利润表,32,12,"""税前负债OCI""",税前负债OCI,
ifrs17-result-snapshot,I17利润表,32,13,23915.263031217753,"23,915.26",
ifrs17-result-snapshot,I17利润表,32,14,16844.128191321262,"16,844.13",
ifrs17-result-snapshot,I17利润表,32,15,3372.027059836882,"3,372.03",
ifrs17-result-snapshot,I17利润表,32,16,-352.3923686800019,(352.39),
ifrs17-result-snapshot,I17利润表,32,17,4051.500148739611,"4,051.5",
ifrs17-result-snapshot,I17利润表,32,18,0,0,
ifrs17-result-snapshot,I17利润表,32,21,-0.0000024960696464404465,(0),
ifrs17-result-snapshot,I17利润表,32,22,"""税前负债OCI""",税前负债OCI,
ifrs17-result-snapshot,I17利润表,32,23,23915.26303371374,"23,915.26",
ifrs17-result-snapshot,I17利润表,32,24,16844.12819132128,"16,844.13",
ifrs17-result-snapshot,I17利润表,32,25,3372.0270623328806,"3,372.03",
ifrs17-result-snapshot,I17利润表,32,26,-352.3923686800019,(352.39),
ifrs17-result-snapshot,I17利润表,32,27,4051.500148739581,"4,051.5",
ifrs17-result-snapshot,I17利润表,32,28,0,0,
ifrs17-result-snapshot,I17利润表,32,31,-1480.4163085610023,"(1,480.42)",
ifrs17-result-snapshot,I17利润表,32,32,"""税前负债OCI""",税前负债OCI,
ifrs17-result-snapshot,I17利润表,32,33,25395.679339778675,"25,395.68",
ifrs17-result-snapshot,I17利润表,32,34,18048.9745084971,"18,048.97",
ifrs17-result-snapshot,I17利润表,32,35,3372.0270623328797,"3,372.03",
ifrs17-result-snapshot,I17利润表,32,36,-352.3923686800019,(352.39),
ifrs17-result-snapshot,I17利润表,32,37,4327.070137628697,"4,327.07",
ifrs17-result-snapshot,I17利润表,32,38,0,0,
ifrs17-result-snapshot,I17利润表,33,0,"""税后负债OCI变动""",税后负债OCI变动,
ifrs17-result-snapshot,I17利润表,33,1,20968.545828689712,"20,968.55",
ifrs17-result-snapshot,I17利润表,33,9,0.3507140323118089,0.3507,
ifrs17-result-snapshot,I17利润表,33,11,-6.984919309616089e-11,(0),
ifrs17-result-snapshot,I17利润表,33,12,"""税后负债OCI变动""",税后负债OCI变动,
ifrs17-result-snapshot,I17利润表,33,13,20968.54582868978,"20,968.55",
ifrs17-result-snapshot,I17利润表,33,21,-0.000002188514918088913,(0),
ifrs17-result-snapshot,I17利润表,33,22,"""税后负债OCI变动""",税后负债OCI变动,
ifrs17-result-snapshot,I17利润表,33,23,20968.545830878225,"20,968.55",
ifrs17-result-snapshot,I17利润表,33,31,-1298.0069326889788,"(1,298.01)",
ifrs17-result-snapshot,I17利润表,33,32,"""税后负债OCI变动""",税后负债OCI变动,
ifrs17-result-snapshot,I17利润表,33,33,22266.55276137869,"22,266.55",
ifrs17-result-snapshot,I17利润表,34,0,"""税后资产OCI变动""",税后资产OCI变动,
ifrs17-result-snapshot,I17利润表,34,1,-37238.60683710205,"(37,238.61)",
ifrs17-result-snapshot,I17利润表,34,11,0,0,
ifrs17-result-snapshot,I17利润表,34,12,"""税后资产OCI变动""",税后资产OCI变动,
ifrs17-result-snapshot,I17利润表,34,13,-37238.60683710205,"(37,238.61)",
ifrs17-result-snapshot,I17利润表,34,21,0,0,
ifrs17-result-snapshot,I17利润表,34,22,"""税后资产OCI变动""",税后资产OCI变动,
ifrs17-result-snapshot,I17利润表,34,23,-37238.60683710205,"(37,238.61)",
ifrs17-result-snapshot,I17利润表,34,31,0,0,
ifrs17-result-snapshot,I17利润表,34,32,"""税后资产OCI变动""",税后资产OCI变动,
ifrs17-result-snapshot,I17利润表,34,33,-37238.60683710205,"(37,238.61)",
ifrs17-result-snapshot,I17利润表,35,0,"""其他综合收益""",其他综合收益,
ifrs17-result-snapshot,I17利润表,35,1,-16270.061008412338,"(16,270.06)",
ifrs17-result-snapshot,I17利润表,35,11,-6.984919309616089e-11,(0),
ifrs17-result-snapshot,I17利润表,35,12,"""其他综合收益""",其他综合收益,
ifrs17-result-snapshot,I17利润表,35,13,-16270.061008412269,"(16,270.06)",
ifrs17-result-snapshot,I17利润表,35,21,-0.000002188514918088913,(0),
ifrs17-result-snapshot,I17利润表,35,22,"""其他综合收益""",其他综合收益,
ifrs17-result-snapshot,I17利润表,35,23,-16270.061006223823,"(16,270.06)",
ifrs17-result-snapshot,I17利润表,35,31,-1298.0069326889788,"(1,298.01)",
ifrs17-result-snapshot,I17利润表,35,32,"""其他综合收益""",其他综合收益,
ifrs17-result-snapshot,I17利润表,35,33,-14972.05407572336,"(14,972.05)",
ifrs17-result-snapshot,I17利润表,36,0,"""本期综合收益""",本期综合收益,
ifrs17-result-snapshot,I17利润表,36,1,27811.829432048817,"27,811.83",
ifrs17-result-snapshot,I17利润表,36,11,22.902058486832537,22.9,
ifrs17-result-snapshot,I17利润表,36,12,"""本期综合收益""",本期综合收益,
ifrs17-result-snapshot,I17利润表,36,13,27788.927373561986,"27,788.93",
ifrs17-result-snapshot,I17利润表,36,21,-629.7427910760395,(629.74),
ifrs17-result-snapshot,I17利润表,36,22,"""本期综合收益""",本期综合收益,
ifrs17-result-snapshot,I17利润表,36,23,28441.57222312486,"28,441.57",
ifrs17-result-snapshot,I17利润表,36,31,-964.805942321202,(964.81),
ifrs17-result-snapshot,I17利润表,36,32,"""本期综合收益""",本期综合收益,
ifrs17-result-snapshot,I17利润表,36,33,28776.63537437002,"28,776.64",
ifrs17-result-snapshot,I17利润表,38,1,239152630.3121767,"239,152,630.31",
ifrs17-result-snapshot,I17利润表,38,2,"""发生额""", 发生额 ,
ifrs17-result-snapshot,I17利润表,38,3,-26102041.56384836,"(26,102,041.56)",
ifrs17-result-snapshot,I17利润表,38,4,265254671.87602505,"265,254,671.88",
ifrs17-result-snapshot,I17利润表,38,24,"""发生额""", 发生额 ,
ifrs17-result-snapshot,I17利润表,38,25,-9970.172223252363,"(9,970.17)",
ifrs17-result-snapshot,I17利润表,38,26,-688.9839608757386,(688.98),
ifrs17-result-snapshot,I17利润表,39,2,"""RECLASS""",RECLASS,
ifrs17-result-snapshot,I17利润表,39,3,6463.140986799999,"6,463.14",
ifrs17-result-snapshot,I17利润表,39,24,"""RECLASS""",RECLASS,
ifrs17-result-snapshot,I17利润表,39,25,6463.140986799999,"6,463.14",
ifrs17-result-snapshot,I17利润表,39,26,1132.2156512000001,"1,132.22",
ifrs17-result-snapshot,I17利润表,40,32,"""可转损OCI""",可转损OCI,
ifrs17-result-snapshot,I17利润表,40,33,25395.679339778675,"25,395.68",
ifrs17-result-snapshot,I17利润表,41,32,"""不可转损OCI""",不可转损OCI,
ifrs17-result-snapshot,I17利润表,41,33,0,0,
ifrs17-result-snapshot,I17利润表,43,2,"""渠道""",渠道,
ifrs17-result-snapshot,I17利润表,43,3,0.4,0.4,
ifrs17-result-snapshot,I17利润表,43,4,0.8,0.8,
ifrs17-result-snapshot,I17利润表,43,5,"""CSM""", CSM ,
ifrs17-result-snapshot,I17利润表,43,24,"""渠道""",渠道,
ifrs17-result-snapshot,I17利润表,43,25,0.4,0.4,
ifrs17-result-snapshot,I17利润表,43,26,0.8,0.8,
ifrs17-result-snapshot,I17利润表,43,27,"""CSM""", CSM ,
ifrs17-result-snapshot,I17利润表,44,2,"""费用""",费用,
ifrs17-result-snapshot,I17利润表,44,3,10000,10000,
ifrs17-result-snapshot,I17利润表,44,4,400,400,
ifrs17-result-snapshot,I17利润表,44,24,"""费用""",费用,
ifrs17-result-snapshot,I17利润表,44,25,10000,10000,
ifrs17-result-snapshot,I17利润表,44,26,400,400,
ifrs17-result-snapshot,I17利润表,45,1,"""原""",原,
ifrs17-result-snapshot,I17利润表,45,2,"""传统""",传统,
ifrs17-result-snapshot,I17利润表,45,3,5000,5000,
ifrs17-result-snapshot,I17利润表,45,4,400,400,
ifrs17-result-snapshot,I17利润表,45,5,40,40,
ifrs17-result-snapshot,I17利润表,45,23,"""原""",原,
ifrs17-result-snapshot,I17利润表,45,24,"""传统""",传统,
ifrs17-result-snapshot,I17利润表,45,25,5000,5000,
ifrs17-result-snapshot,I17利润表,45,26,400,400,
ifrs17-result-snapshot,I17利润表,45,27,40,40,
ifrs17-result-snapshot,I17利润表,46,2,"""分红""",分红,
ifrs17-result-snapshot,I17利润表,46,3,5000,5000,
ifrs17-result-snapshot,I17利润表,46,4,0,0,
ifrs17-result-snapshot,I17利润表,46,24,"""分红""",分红,
ifrs17-result-snapshot,I17利润表,46,25,5000,5000,
ifrs17-result-snapshot,I17利润表,46,26,0,0,
ifrs17-result-snapshot,I17利润表,48,1,"""现""", 现 ,
ifrs17-result-snapshot,I17利润表,48,2,"""传统""", 传统 ,
ifrs17-result-snapshot,I17利润表,48,3,5500,5500,
ifrs17-result-snapshot,I17利润表,48,4,200,200,
ifrs17-result-snapshot,I17利润表,48,5,40,40,
ifrs17-result-snapshot,I17利润表,48,23,"""现""", 现 ,
ifrs17-result-snapshot,I17利润表,48,24,"""传统""", 传统 ,
ifrs17-result-snapshot,I17利润表,48,25,5500,5500,
ifrs17-result-snapshot,I17利润表,48,26,200,200,
ifrs17-result-snapshot,I17利润表,48,27,40,40,
ifrs17-result-snapshot,I17利润表,49,2,"""分红""", 分红 ,
ifrs17-result-snapshot,I17利润表,49,3,4500,4500,
ifrs17-result-snapshot,I17利润表,49,4,200,200,
ifrs17-result-snapshot,I17利润表,49,24,"""分红""", 分红 ,
ifrs17-result-snapshot,I17利润表,49,25,4500,4500,
ifrs17-result-snapshot,I17利润表,49,26,200,200,
ifrs17-result-snapshot,0.I17利润拆解,0,0,"""单位：万元""",单位：万元,
ifrs17-result-snapshot,0.I17利润拆解,1,0,"""项目""",项目,
ifrs17-result-snapshot,0.I17利润拆解,1,1,"""sourceVariable""",sourceVariable,
ifrs17-result-snapshot,0.I17利润拆解,1,2,"""描述""",描述,
ifrs17-result-snapshot,0.I17利润拆解,1,3,"""中文变量释义""",中文变量释义,
ifrs17-result-snapshot,0.I17利润拆解,1,4,"""CGAAP""", CGAAP ,
ifrs17-result-snapshot,0.I17利润拆解,1,5,"""I17""", I17 ,
ifrs17-result-snapshot,0.I17利润拆解,1,6,"""传统账户""", 传统账户 ,
ifrs17-result-snapshot,0.I17利润拆解,1,7,"""分红账户1""", 分红账户1 ,
ifrs17-result-snapshot,0.I17利润拆解,1,8,"""分红账户2""", 分红账户2 ,
ifrs17-result-snapshot,0.I17利润拆解,1,9,"""万能账户""", 万能账户 ,
ifrs17-result-snapshot,0.I17利润拆解,1,10,"""投连账户""", 投连账户 ,
ifrs17-result-snapshot,0.I17利润拆解,1,11,"""I17-CGAAP""", I17-CGAAP ,
ifrs17-result-snapshot,0.I17利润拆解,2,0,"""合同服务边际摊销""",合同服务边际摊销,
ifrs17-result-snapshot,0.I17利润拆解,2,1,"""M1_CSM_RELSE""",M1_CSM_RELSE,
ifrs17-result-snapshot,0.I17利润拆解,2,2,"""IF和NB的DPL从期初/发单到期末的预期释放；CSM中也含吸收偏差等""",IF和NB的DPL从期初/发单到期末的预期释放；CSM中也含吸收偏差等,
ifrs17-result-snapshot,0.I17利润拆解,2,3,"""M1表合同服务边际的摊销""",M1表合同服务边际的摊销,
ifrs17-result-snapshot,0.I17利润拆解,2,4,2020.1487294939411,"2,020.1487",
ifrs17-result-snapshot,0.I17利润拆解,2,5,15211.218035277745,"15,211.22",
ifrs17-result-snapshot,0.I17利润拆解,2,6,12424.158183624671,"12,424.16",
ifrs17-result-snapshot,0.I17利润拆解,2,7,1683.0749728069022,"1,683.07",
ifrs17-result-snapshot,0.I17利润拆解,2,8,243.35522309206732,243.36,
ifrs17-result-snapshot,0.I17利润拆解,2,9,857.4334342845539,857.43,
ifrs17-result-snapshot,0.I17利润拆解,2,10,3.196221469552408,3.2,
ifrs17-result-snapshot,0.I17利润拆解,2,11,13191.069305783803,"13,191.07",
ifrs17-result-snapshot,0.I17利润拆解,3,0,"""预期风险调整释放""",预期风险调整释放,
ifrs17-result-snapshot,0.I17利润拆解,3,1,"""M1_RA_RELSE""",M1_RA_RELSE,
ifrs17-result-snapshot,0.I17利润拆解,3,2,"""IF和NB的RA从期初/发单到期末的预期释放""",IF和NB的RA从期初/发单到期末的预期释放,
ifrs17-result-snapshot,0.I17利润拆解,3,3,"""M1表非金融风险的变动""",M1表非金融风险的变动,
ifrs17-result-snapshot,0.I17利润拆解,3,4,720.3178109143947,720.3178,
ifrs17-result-snapshot,0.I17利润拆解,3,5,1463.5250455711316,"1,463.53",
ifrs17-result-snapshot,0.I17利润拆解,3,6,1138.2830565784159,"1,138.28",
ifrs17-result-snapshot,0.I17利润拆解,3,7,316.9532664052886,316.95,
ifrs17-result-snapshot,0.I17利润拆解,3,8,1.05403486804,1.05,
ifrs17-result-snapshot,0.I17利润拆解,3,9,7.1970776429073,7.2,
ifrs17-result-snapshot,0.I17利润拆解,3,10,0.03761007648000011,0.04,
ifrs17-result-snapshot,0.I17利润拆解,3,11,743.207234656737,743.21,
ifrs17-result-snapshot,0.I17利润拆解,4,0,"""M1_RA_RELSE""",M1_RA_RELSE,
ifrs17-result-snapshot,0.I17利润拆解,4,1,"""CLM_EXP_RA_CY""",CLM_EXP_RA_CY,
ifrs17-result-snapshot,0.I17利润拆解,4,3,"""当期新增的理赔费用RA""",当期新增的理赔费用RA,
ifrs17-result-snapshot,0.I17利润拆解,4,5,-0.6027190207198,(0.6),
ifrs17-result-snapshot,0.I17利润拆解,4,6,-0.59102662266212,(0.59),
ifrs17-result-snapshot,0.I17利润拆解,4,7,-0.0032920775501600005,(0),
ifrs17-result-snapshot,0.I17利润拆解,4,8,0,0,
ifrs17-result-snapshot,0.I17利润拆解,4,9,-0.00840032050752,(0.01),
ifrs17-result-snapshot,0.I17利润拆解,4,10,0,0,
ifrs17-result-snapshot,0.I17利润拆解,5,1,"""OS_RSV_RA_CY""",OS_RSV_RA_CY,
ifrs17-result-snapshot,0.I17利润拆解,5,3,"""当期新增的未决赔款RA""",当期新增的未决赔款RA,
ifrs17-result-snapshot,0.I17利润拆解,5,5,-65.19204396911402,(65.19),
ifrs17-result-snapshot,0.I17利润拆解,5,6,-62.85356435808883,(62.85),
ifrs17-result-snapshot,0.I17利润拆解,5,7,-0.65841550992,(0.66),
ifrs17-result-snapshot,0.I17利润拆解,5,8,0,0,
ifrs17-result-snapshot,0.I17利润拆解,5,9,-1.6800641011052,(1.68),
ifrs17-result-snapshot,0.I17利润拆解,5,10,0,0,
ifrs17-result-snapshot,0.I17利润拆解,6,1,"""RA_RELSE""",RA_RELSE,
ifrs17-result-snapshot,0.I17利润拆解,6,3,"""RA的释放""",RA的释放,
ifrs17-result-snapshot,0.I17利润拆解,6,5,1529.3198085609658,"1,529.32",
ifrs17-result-snapshot,0.I17利润拆解,6,6,1201.7276475591668,"1,201.73",
ifrs17-result-snapshot,0.I17利润拆解,6,7,317.6149739927588,317.61,
ifrs17-result-snapshot,0.I17利润拆解,6,8,1.05403486804,1.05,
ifrs17-result-snapshot,0.I17利润拆解,6,9,8.88554206452002,8.89,
ifrs17-result-snapshot,0.I17利润拆解,6,10,0.03761007648000011,0.04,
ifrs17-result-snapshot,0.I17利润拆解,7,0,"""赔付保险成分&维持费用预实偏差""",赔付保险成分&维持费用预实偏差,
ifrs17-result-snapshot,0.I17利润拆解,7,1,"""M1_GPV_EXPEADJ""",M1_GPV_EXPEADJ,
ifrs17-result-snapshot,0.I17利润拆解,7,3,"""M1表当期经验调整""",M1表当期经验调整,
ifrs17-result-snapshot,0.I17利润拆解,7,4,245.08683847755583,245.0868,
ifrs17-result-snapshot,0.I17利润拆解,7,5,-3248.0946307152108,"(3,248.09)",
ifrs17-result-snapshot,0.I17利润拆解,7,6,-2874.0349218700057,"(2,874.03)",
ifrs17-result-snapshot,0.I17利润拆解,7,7,-76.64780192351623,(76.65),
ifrs17-result-snapshot,0.I17利润拆解,7,8,-11.990466780679848,(11.99),
ifrs17-result-snapshot,0.I17利润拆解,7,9,-284.79319717545485,(284.79),
ifrs17-result-snapshot,0.I17利润拆解,7,10,-0.6282429655531216,(0.63),
ifrs17-result-snapshot,0.I17利润拆解,7,11,-3493.181469192766,"(3,493.18)",
ifrs17-result-snapshot,0.I17利润拆解,8,0,"""预期保险服务费用""",预期保险服务费用,
ifrs17-result-snapshot,0.I17利润拆解,8,1,"""INS_REV_MAINTEXP""",INS_REV_MAINTEXP,
ifrs17-result-snapshot,0.I17利润拆解,8,2,"""可归属费用在PL中的费差；现行下的费差是获取和维持的全部费差；I17下只有维持(含续期佣金)的费差""",可归属费用在PL中的费差；现行下的费差是获取和维持的全部费差；I17下只有维持(含续期佣金)的费差,
ifrs17-result-snapshot,0.I17利润拆解,8,3,"""确认为保险服务收入的维持费用""",确认为保险服务收入的维持费用,
ifrs17-result-snapshot,0.I17利润拆解,8,4,5694.595887353859,"5,694.5959",
ifrs17-result-snapshot,0.I17利润拆解,8,5,15505.821541135252,"15,505.82",
ifrs17-result-snapshot,0.I17利润拆解,8,6,11746.872896505172,"11,746.87",
ifrs17-result-snapshot,0.I17利润拆解,8,7,3637.32402786872,"3,637.32",
ifrs17-result-snapshot,0.I17利润拆解,8,8,3.95220951436,3.95,
ifrs17-result-snapshot,0.I17利润拆解,8,9,117.50322724099979,117.5,
ifrs17-result-snapshot,0.I17利润拆解,8,10,0.169180006,0.17,
ifrs17-result-snapshot,0.I17利润拆解,8,11,9811.225653781392,"9,811.23",
ifrs17-result-snapshot,0.I17利润拆解,9,0,"""实际维持费用""",实际维持费用,
ifrs17-result-snapshot,0.I17利润拆解,9,1,"""INS_EXP_MAINTEXP""",INS_EXP_MAINTEXP,
ifrs17-result-snapshot,0.I17利润拆解,9,3,"""确认为保险服务费用的维持费用""",确认为保险服务费用的维持费用,
ifrs17-result-snapshot,0.I17利润拆解,9,4,-5815.4739616,"(5,815.4740)",
ifrs17-result-snapshot,0.I17利润拆解,9,5,-16487.41460119999,"(16,487.41)",
ifrs17-result-snapshot,0.I17利润拆解,9,6,-12355.163465419946,"(12,355.16)",
ifrs17-result-snapshot,0.I17利润拆解,9,7,-3776.667993145573,"(3,776.67)",
ifrs17-result-snapshot,0.I17利润拆解,9,8,-23.872408621239845,(23.87),
ifrs17-result-snapshot,0.I17利润拆解,9,9,-330.5792815814023,(330.58),
ifrs17-result-snapshot,0.I17利润拆解,9,10,-1.1314524318331216,(1.13),
ifrs17-result-snapshot,0.I17利润拆解,9,11,-10671.940639599992,"(10,671.94)",
ifrs17-result-snapshot,0.I17利润拆解,10,0,"""预期死伤医疗给付的保险成分""",预期死伤医疗给付的保险成分,
ifrs17-result-snapshot,0.I17利润拆解,10,1,"""INS_REV_DTH""",INS_REV_DTH,
ifrs17-result-snapshot,0.I17利润拆解,10,2,"""赔付的偏差""",赔付的偏差,
ifrs17-result-snapshot,0.I17利润拆解,10,3,"""确认为保险服务收入的死伤医疗给付""",确认为保险服务收入的死伤医疗给付,
ifrs17-result-snapshot,0.I17利润拆解,10,4,977.5995069201423,977.5995,
ifrs17-result-snapshot,0.I17利润拆解,10,5,4131.838216214636,"4,131.84",
ifrs17-result-snapshot,0.I17利润拆解,10,6,4119.369952866717,"4,119.37",
ifrs17-result-snapshot,0.I17利润拆解,10,7,0,0,
ifrs17-result-snapshot,0.I17利润拆解,10,8,0,0,
ifrs17-result-snapshot,0.I17利润拆解,10,9,12.134233887640002,12.13,
ifrs17-result-snapshot,0.I17利润拆解,10,10,0.3340294602799999,0.33,
ifrs17-result-snapshot,0.I17利润拆解,10,11,3154.238709294494,"3,154.24",
ifrs17-result-snapshot,0.I17利润拆解,11,0,"""实际死伤医疗给付的保险成分""",实际死伤医疗给付的保险成分,
ifrs17-result-snapshot,0.I17利润拆解,11,1,"""INS_EXP_DTH""",INS_EXP_DTH,
ifrs17-result-snapshot,0.I17利润拆解,11,3,"""确认为保险服务费用的死伤医疗给付""",确认为保险服务费用的死伤医疗给付,
ifrs17-result-snapshot,0.I17利润拆解,11,4,-653.0657312,(653.0657),
ifrs17-result-snapshot,0.I17利润拆解,11,5,-3859.694510513595,"(3,859.69)",
ifrs17-result-snapshot,0.I17利润拆解,11,6,-3843.506172533719,"(3,843.51)",
ifrs17-result-snapshot,0.I17利润拆解,11,7,0,0,
ifrs17-result-snapshot,0.I17利润拆解,11,8,0,0,
ifrs17-result-snapshot,0.I17利润拆解,11,9,-16.18833797987644,(16.19),
ifrs17-result-snapshot,0.I17利润拆解,11,10,0,0,
ifrs17-result-snapshot,0.I17利润拆解,11,11,-3206.6287793135953,"(3,206.63)",
ifrs17-result-snapshot,0.I17利润拆解,12,0,"""预期非死伤医疗给付的保险成分""",预期非死伤医疗给付的保险成分,
ifrs17-result-snapshot,0.I17利润拆解,12,1,"""INS_REV_NONDTH""",INS_REV_NONDTH,
ifrs17-result-snapshot,0.I17利润拆解,12,3,"""确认为保险服务收入的非死伤医疗给付""",确认为保险服务收入的非死伤医疗给付,
ifrs17-result-snapshot,0.I17利润拆解,12,4,1106.5115250035544,"1,106.5115",
ifrs17-result-snapshot,0.I17利润拆解,12,5,61.99363810220001,61.99,
ifrs17-result-snapshot,0.I17利润拆解,12,6,61.99363810220001,61.99,
ifrs17-result-snapshot,0.I17利润拆解,12,7,0,0,
ifrs17-result-snapshot,0.I17利润拆解,12,8,0,0,
ifrs17-result-snapshot,0.I17利润拆解,12,9,0,0,
ifrs17-result-snapshot,0.I17利润拆解,12,10,0,0,
ifrs17-result-snapshot,0.I17利润拆解,12,11,-1044.5178869013544,"(1,044.52)",
ifrs17-result-snapshot,0.I17利润拆解,13,0,"""实际非死伤医疗给付的保险成分""",实际非死伤医疗给付的保险成分,
ifrs17-result-snapshot,0.I17利润拆解,13,1,"""INS_EXP_NONDTH""",INS_EXP_NONDTH,
ifrs17-result-snapshot,0.I17利润拆解,13,3,"""确认为保险服务费用的非死伤医疗给付""",确认为保险服务费用的非死伤医疗给付,
ifrs17-result-snapshot,0.I17利润拆解,13,4,-1065.080388,"(1,065.080)",
ifrs17-result-snapshot,0.I17利润拆解,13,5,-65.81813199999851,(65.82),
ifrs17-result-snapshot,0.I17利润拆解,13,6,-65.81813199999941,(65.82),
ifrs17-result-snapshot,0.I17利润拆解,13,7,0,0,
ifrs17-result-snapshot,0.I17利润拆解,13,8,0,0,
ifrs17-result-snapshot,0.I17利润拆解,13,9,8.940696716308593e-13,0,
ifrs17-result-snapshot,0.I17利润拆解,13,10,0,0,
ifrs17-result-snapshot,0.I17利润拆解,13,11,999.2622560000016,999.26,
ifrs17-result-snapshot,0.I17利润拆解,14,0,"""未决赔款准备金当期新增部分""",未决赔款准备金当期新增部分,
ifrs17-result-snapshot,0.I17利润拆解,14,1,"""OS_RSV_BEL_CY""",OS_RSV_BEL_CY,
ifrs17-result-snapshot,0.I17利润拆解,14,3,"""当期新增的未决赔款BEL""",当期新增的未决赔款BEL,
ifrs17-result-snapshot,0.I17利润拆解,14,4,0,0,
ifrs17-result-snapshot,0.I17利润拆解,14,5,-2607.6817589303496,"(2,607.68)",
ifrs17-result-snapshot,0.I17利润拆解,14,6,-2514.142574485146,"(2,514.14)",
ifrs17-result-snapshot,0.I17利润拆解,14,7,-26.336620402799998,(26.34),
ifrs17-result-snapshot,0.I17利润拆解,14,8,0,0,
ifrs17-result-snapshot,0.I17利润拆解,14,9,-67.20256404240399,(67.2),
ifrs17-result-snapshot,0.I17利润拆解,14,10,0,0,
ifrs17-result-snapshot,0.I17利润拆解,14,11,-2607.6817589303496,"(2,607.68)",
ifrs17-result-snapshot,0.I17利润拆解,15,0,"""理赔费用准备金当期新增部分""",理赔费用准备金当期新增部分,
ifrs17-result-snapshot,0.I17利润拆解,15,1,"""CLM_EXP_BEL_CY""",CLM_EXP_BEL_CY,
ifrs17-result-snapshot,0.I17利润拆解,15,3,"""当期新增的理赔费用BEL""",当期新增的理赔费用BEL,
ifrs17-result-snapshot,0.I17利润拆解,15,4,0,0,
ifrs17-result-snapshot,0.I17利润拆解,15,5,-24.108760827561117,(24.11),
ifrs17-result-snapshot,0.I17利润拆解,15,6,-23.641064905284278,(23.64),
ifrs17-result-snapshot,0.I17利润拆解,15,7,-0.131683102024,(0.13),
ifrs17-result-snapshot,0.I17利润拆解,15,8,0,0,
ifrs17-result-snapshot,0.I17利润拆解,15,9,-0.33601282025284,(0.34),
ifrs17-result-snapshot,0.I17利润拆解,15,10,0,0,
ifrs17-result-snapshot,0.I17利润拆解,15,11,-24.108760827561117,(24.11),
ifrs17-result-snapshot,0.I17利润拆解,16,0,"""当期理赔保险成分偏差中列在IFIE部分（MBBA下需调整当期金融经验和相机决策）""",当期理赔保险成分偏差中列在IFIE部分（MBBA下需调整当期金融经验和相机决策）,
ifrs17-result-snapshot,0.I17利润拆解,16,1,"""E_CDC_DTH_INS_IF""",E_CDC_DTH_INS_IF,
ifrs17-result-snapshot,0.I17利润拆解,16,3,"""年初累计至评估时点的年初有效单的调整当期相机经验后的YTD预期死伤医疗给付的保险成分""",年初累计至评估时点的年初有效单的调整当期相机经验后的YTD预期死伤医疗给付的保险成分,
ifrs17-result-snapshot,0.I17利润拆解,16,4,0,0,
ifrs17-result-snapshot,0.I17利润拆解,16,5,0,0,
ifrs17-result-snapshot,0.I17利润拆解,16,6,0,0,
ifrs17-result-snapshot,0.I17利润拆解,16,7,0,0,
ifrs17-result-snapshot,0.I17利润拆解,16,8,0,0,
ifrs17-result-snapshot,0.I17利润拆解,16,9,0,0,
ifrs17-result-snapshot,0.I17利润拆解,16,10,0,0,
ifrs17-result-snapshot,0.I17利润拆解,16,11,0,0,
ifrs17-result-snapshot,0.I17利润拆解,17,1,"""E_CDC_DTH_INS_NB""",E_CDC_DTH_INS_NB,
ifrs17-result-snapshot,0.I17利润拆解,17,3,"""年初累计至评估时点的当年新单的调整当期相机经验后的YTD预期死伤医疗给付的保险成分""",年初累计至评估时点的当年新单的调整当期相机经验后的YTD预期死伤医疗给付的保险成分,
ifrs17-result-snapshot,0.I17利润拆解,17,4,0,0,
ifrs17-result-snapshot,0.I17利润拆解,17,5,0,0,
ifrs17-result-snapshot,0.I17利润拆解,17,6,0,0,
ifrs17-result-snapshot,0.I17利润拆解,17,7,0,0,
ifrs17-result-snapshot,0.I17利润拆解,17,8,0,0,
ifrs17-result-snapshot,0.I17利润拆解,17,9,0,0,
ifrs17-result-snapshot,0.I17利润拆解,17,10,0,0,
ifrs17-result-snapshot,0.I17利润拆解,17,11,0,0,
ifrs17-result-snapshot,0.I17利润拆解,18,1,"""E_CDC_SB_INS_IF""",E_CDC_SB_INS_IF,
ifrs17-result-snapshot,0.I17利润拆解,18,3,"""年初累计至评估时点的年初有效单的调整当期相机经验后的YTD预期年金/生存金给付的保险成分""",年初累计至评估时点的年初有效单的调整当期相机经验后的YTD预期年金/生存金给付的保险成分,
ifrs17-result-snapshot,0.I17利润拆解,18,4,0,0,
ifrs17-result-snapshot,0.I17利润拆解,18,5,0,0,
ifrs17-result-snapshot,0.I17利润拆解,18,6,0,0,
ifrs17-result-snapshot,0.I17利润拆解,18,7,0,0,
ifrs17-result-snapshot,0.I17利润拆解,18,8,0,0,
ifrs17-result-snapshot,0.I17利润拆解,18,9,0,0,
ifrs17-result-snapshot,0.I17利润拆解,18,10,0,0,
ifrs17-result-snapshot,0.I17利润拆解,18,11,0,0,
ifrs17-result-snapshot,0.I17利润拆解,19,1,"""E_CDC_SB_INS_NB""",E_CDC_SB_INS_NB,
ifrs17-result-snapshot,0.I17利润拆解,19,3,"""年初累计至评估时点的当年新单的调整当期相机经验后的YTD预期年金/生存金给付的保险成分""",年初累计至评估时点的当年新单的调整当期相机经验后的YTD预期年金/生存金给付的保险成分,
ifrs17-result-snapshot,0.I17利润拆解,19,4,0,0,
ifrs17-result-snapshot,0.I17利润拆解,19,5,0,0,
ifrs17-result-snapshot,0.I17利润拆解,19,6,0,0,
ifrs17-result-snapshot,0.I17利润拆解,19,7,0,0,
ifrs17-result-snapshot,0.I17利润拆解,19,8,0,0,
ifrs17-result-snapshot,0.I17利润拆解,19,9,0,0,
ifrs17-result-snapshot,0.I17利润拆解,19,10,0,0,
ifrs17-result-snapshot,0.I17利润拆解,19,11,0,0,
ifrs17-result-snapshot,0.I17利润拆解,20,0,"""PUI理赔支出保险成分的预实偏差""",PUI理赔支出保险成分的预实偏差,
ifrs17-result-snapshot,0.I17利润拆解,20,1,"""PUI_INS_IFIEPL""",PUI_INS_IFIEPL,
ifrs17-result-snapshot,0.I17利润拆解,20,3,"""年初累计至评估时点的UI相关的YTD实际发生的保险成分给付与YTD预期保险成分给付的差异""",年初累计至评估时点的UI相关的YTD实际发生的保险成分给付与YTD预期保险成分给付的差异,
ifrs17-result-snapshot,0.I17利润拆解,20,4,0,0,
ifrs17-result-snapshot,0.I17利润拆解,20,5,97.09419918436197,97.09,
ifrs17-result-snapshot,0.I17利润拆解,20,6,0,0,
ifrs17-result-snapshot,0.I17利润拆解,20,7,89.16446685816197,89.16,
ifrs17-result-snapshot,0.I17利润拆解,20,8,7.929732326200001,7.93,
ifrs17-result-snapshot,0.I17利润拆解,20,9,0,0,
ifrs17-result-snapshot,0.I17利润拆解,20,10,0,0,
ifrs17-result-snapshot,0.I17利润拆解,20,11,97.09419918436197,97.09,
ifrs17-result-snapshot,0.I17利润拆解,21,0,"""PUI理赔支出保险成分的预实偏差""",PUI理赔支出保险成分的预实偏差,
ifrs17-result-snapshot,0.I17利润拆解,21,1,"""E_PUI_SB_INS_IF""",E_PUI_SB_INS_IF,
ifrs17-result-snapshot,0.I17利润拆解,21,3,"""#N/A""",#N/A,
ifrs17-result-snapshot,0.I17利润拆解,21,5,38.61910528672,38.62,
ifrs17-result-snapshot,0.I17利润拆解,21,6,0,0,
ifrs17-result-snapshot,0.I17利润拆解,21,7,38.61910528672,38.62,
ifrs17-result-snapshot,0.I17利润拆解,21,8,0,0,
ifrs17-result-snapshot,0.I17利润拆解,21,9,0,0,
ifrs17-result-snapshot,0.I17利润拆解,21,10,0,0,
ifrs17-result-snapshot,0.I17利润拆解,21,11,38.61910528672,38.62,
ifrs17-result-snapshot,0.I17利润拆解,22,1,"""E_PUI_SB_INS_NB""",E_PUI_SB_INS_NB,
ifrs17-result-snapshot,0.I17利润拆解,22,3,"""#N/A""",#N/A,
ifrs17-result-snapshot,0.I17利润拆解,22,5,0,0,
ifrs17-result-snapshot,0.I17利润拆解,22,6,0,0,
ifrs17-result-snapshot,0.I17利润拆解,22,7,0,0,
ifrs17-result-snapshot,0.I17利润拆解,22,8,0,0,
ifrs17-result-snapshot,0.I17利润拆解,22,9,0,0,
ifrs17-result-snapshot,0.I17利润拆解,22,10,0,0,
ifrs17-result-snapshot,0.I17利润拆解,22,11,0,0,
ifrs17-result-snapshot,0.I17利润拆解,23,1,"""A_PUI_SB_OUTGO""",A_PUI_SB_OUTGO,
ifrs17-result-snapshot,0.I17利润拆解,23,3,"""#N/A""",#N/A,
ifrs17-result-snapshot,0.I17利润拆解,23,5,-1737.409896,"(1,737.41)",
ifrs17-result-snapshot,0.I17利润拆解,23,6,0,0,
ifrs17-result-snapshot,0.I17利润拆解,23,7,-1737.409896,"(1,737.41)",
ifrs17-result-snapshot,0.I17利润拆解,23,8,0,0,
ifrs17-result-snapshot,0.I17利润拆解,23,9,0,0,
ifrs17-result-snapshot,0.I17利润拆解,23,10,0,0,
ifrs17-result-snapshot,0.I17利润拆解,23,11,-1737.409896,"(1,737.41)",
ifrs17-result-snapshot,0.I17利润拆解,24,1,"""A_PUI_SB_INV""",A_PUI_SB_INV,
ifrs17-result-snapshot,0.I17利润拆解,24,3,"""年初累计至评估时点的UI相关的YTD实际发生的年金/生存金给付的投资成分""",年初累计至评估时点的UI相关的YTD实际发生的年金/生存金给付的投资成分,
ifrs17-result-snapshot,0.I17利润拆解,24,5,1689.3058953445475,"1,689.31",
ifrs17-result-snapshot,0.I17利润拆解,24,6,0,0,
ifrs17-result-snapshot,0.I17利润拆解,24,7,1689.3058953445475,"1,689.31",
ifrs17-result-snapshot,0.I17利润拆解,24,8,0,0,
ifrs17-result-snapshot,0.I17利润拆解,24,9,0,0,
ifrs17-result-snapshot,0.I17利润拆解,24,10,0,0,
ifrs17-result-snapshot,0.I17利润拆解,24,11,1689.3058953445475,"1,689.31",
ifrs17-result-snapshot,0.I17利润拆解,25,1,"""E_PUI_DTH_INS_IF""",E_PUI_DTH_INS_IF,
ifrs17-result-snapshot,0.I17利润拆解,25,3,"""#N/A""",#N/A,
ifrs17-result-snapshot,0.I17利润拆解,25,5,94.02143976147997,94.02,
ifrs17-result-snapshot,0.I17利润拆解,25,6,0,0,
ifrs17-result-snapshot,0.I17利润拆解,25,7,86.09170743527997,86.09,
ifrs17-result-snapshot,0.I17利润拆解,25,8,7.929732326200001,7.93,
ifrs17-result-snapshot,0.I17利润拆解,25,9,0,0,
ifrs17-result-snapshot,0.I17利润拆解,25,10,0,0,
ifrs17-result-snapshot,0.I17利润拆解,25,11,94.02143976147997,94.02,
ifrs17-result-snapshot,0.I17利润拆解,26,1,"""E_PUI_DTH_INS_NB""",E_PUI_DTH_INS_NB,
ifrs17-result-snapshot,0.I17利润拆解,26,3,"""#N/A""",#N/A,
ifrs17-result-snapshot,0.I17利润拆解,26,5,24.510003424400004,24.51,
ifrs17-result-snapshot,0.I17利润拆解,26,6,0,0,
ifrs17-result-snapshot,0.I17利润拆解,26,7,24.510003424400004,24.51,
ifrs17-result-snapshot,0.I17利润拆解,26,8,0,0,
ifrs17-result-snapshot,0.I17利润拆解,26,9,0,0,
ifrs17-result-snapshot,0.I17利润拆解,26,10,0,0,
ifrs17-result-snapshot,0.I17利润拆解,26,11,24.510003424400004,24.51,
ifrs17-result-snapshot,0.I17利润拆解,27,1,"""A_PUI_DTH_OUTGO""",A_PUI_DTH_OUTGO,
ifrs17-result-snapshot,0.I17利润拆解,27,3,"""#N/A""",#N/A,
ifrs17-result-snapshot,0.I17利润拆解,27,5,-35.68401999999999,(35.68),
ifrs17-result-snapshot,0.I17利润拆解,27,6,0,0,
ifrs17-result-snapshot,0.I17利润拆解,27,7,-35.68401999999999,(35.68),
ifrs17-result-snapshot,0.I17利润拆解,27,8,0,0,
ifrs17-result-snapshot,0.I17利润拆解,27,9,0,0,
ifrs17-result-snapshot,0.I17利润拆解,27,10,0,0,
ifrs17-result-snapshot,0.I17利润拆解,27,11,-35.68401999999999,(35.68),
ifrs17-result-snapshot,0.I17利润拆解,28,1,"""A_PUI_DTH_INV""",A_PUI_DTH_INV,
ifrs17-result-snapshot,0.I17利润拆解,28,3,"""年初累计至评估时点的UI相关的YTD实际发生的死伤医疗给付的投资成分""",年初累计至评估时点的UI相关的YTD实际发生的死伤医疗给付的投资成分,
ifrs17-result-snapshot,0.I17利润拆解,28,5,23.73167136721431,23.73,
ifrs17-result-snapshot,0.I17利润拆解,28,6,0,0,
ifrs17-result-snapshot,0.I17利润拆解,28,7,23.73167136721431,23.73,
ifrs17-result-snapshot,0.I17利润拆解,28,8,0,0,
ifrs17-result-snapshot,0.I17利润拆解,28,9,0,0,
ifrs17-result-snapshot,0.I17利润拆解,28,10,0,0,
ifrs17-result-snapshot,0.I17利润拆解,28,11,23.73167136721431,23.73,
ifrs17-result-snapshot,0.I17利润拆解,29,0,"""首日亏损""",首日亏损,
ifrs17-result-snapshot,0.I17利润拆解,29,4,-10.360364521375683,(10.3604),
ifrs17-result-snapshot,0.I17利润拆解,29,5,-2135.8284233962504,"(2,135.83)",
ifrs17-result-snapshot,0.I17利润拆解,29,6,-786.8718401556864,(786.87),
ifrs17-result-snapshot,0.I17利润拆解,29,7,-326.54781459717196,(326.55),
ifrs17-result-snapshot,0.I17利润拆解,29,8,0,0,
ifrs17-result-snapshot,0.I17利润拆解,29,9,-1022.4087686433953,"(1,022.41)",
ifrs17-result-snapshot,0.I17利润拆解,29,10,0,0,
ifrs17-result-snapshot,0.I17利润拆解,29,11,-2125.468058874875,"(2,125.47)",
ifrs17-result-snapshot,0.I17利润拆解,30,1,"""M1_GPV_INIT""",M1_GPV_INIT,
ifrs17-result-snapshot,0.I17利润拆解,30,3,"""M1表未来现金流量现值下的当期初始确认的保险合同影响（即BEL_NB + TVOG_NB）""",M1表未来现金流量现值下的当期初始确认的保险合同影响（即BEL_NB + TVOG_NB）,
ifrs17-result-snapshot,0.I17利润拆解,30,5,43776.67805108045,"43,776.68",
ifrs17-result-snapshot,0.I17利润拆解,30,6,11518.56992243023,"11,518.57",
ifrs17-result-snapshot,0.I17利润拆解,30,7,33177.404852914864,"33,177.4",
ifrs17-result-snapshot,0.I17利润拆解,30,8,0,0,
ifrs17-result-snapshot,0.I17利润拆解,30,9,-919.2967242646353,(919.3),
ifrs17-result-snapshot,0.I17利润拆解,30,10,0,0,
ifrs17-result-snapshot,0.I17利润拆解,31,1,"""M1_RA_INIT""",M1_RA_INIT,
ifrs17-result-snapshot,0.I17利润拆解,31,3,"""M1表非金融风险调整下的当期初始确认的保险合同影响（即RA_NB）""",M1表非金融风险调整下的当期初始确认的保险合同影响（即RA_NB）,
ifrs17-result-snapshot,0.I17利润拆解,31,5,-1683.2471027237589,"(1,683.25)",
ifrs17-result-snapshot,0.I17利润拆解,31,6,-563.5763270618398,(563.58),
ifrs17-result-snapshot,0.I17利润拆解,31,7,-1023.832349554239,"(1,023.83)",
ifrs17-result-snapshot,0.I17利润拆解,31,8,0,0,
ifrs17-result-snapshot,0.I17利润拆解,31,9,-95.83842610768002,(95.84),
ifrs17-result-snapshot,0.I17利润拆解,31,10,0,0,
ifrs17-result-snapshot,0.I17利润拆解,32,1,"""M1_CSM_INIT""",M1_CSM_INIT,
ifrs17-result-snapshot,0.I17利润拆解,32,3,"""M1表合同服务边际下的当期初始确认的保险合同影响（即CSM_NB）""",M1表合同服务边际下的当期初始确认的保险合同影响（即CSM_NB）,
ifrs17-result-snapshot,0.I17利润拆解,32,5,-44229.25937175295,"(44,229.26)",
ifrs17-result-snapshot,0.I17利润拆解,32,6,-11741.865435524076,"(11,741.87)",
ifrs17-result-snapshot,0.I17利润拆解,32,7,-32480.120317957793,"(32,480.12)",
ifrs17-result-snapshot,0.I17利润拆解,32,8,0,0,
ifrs17-result-snapshot,0.I17利润拆解,32,9,-7.27361827107997,(7.27),
ifrs17-result-snapshot,0.I17利润拆解,32,10,0,0,
ifrs17-result-snapshot,0.I17利润拆解,33,0,"""亏损合同损失及损失的转回""",亏损合同损失及损失的转回,
ifrs17-result-snapshot,0.I17利润拆解,33,2,"""当期不利偏差击穿CSM造成亏损，或本身就是亏损造成亏损的加剧""",当期不利偏差击穿CSM造成亏损，或本身就是亏损造成亏损的加剧,
ifrs17-result-snapshot,0.I17利润拆解,33,4,0,0,
ifrs17-result-snapshot,0.I17利润拆解,33,5,563.1661502879117,563.17,
ifrs17-result-snapshot,0.I17利润拆解,33,6,-2.1375437015907663,(2.14),
ifrs17-result-snapshot,0.I17利润拆解,33,7,-234.0471907017796,(234.05),
ifrs17-result-snapshot,0.I17利润拆解,33,8,29.941023221106434,29.94,
ifrs17-result-snapshot,0.I17利润拆解,33,9,769.4098610606634,769.41,
ifrs17-result-snapshot,0.I17利润拆解,33,10,3.2684965844964606e-14,0,
ifrs17-result-snapshot,0.I17利润拆解,33,11,563.1661502879117,563.17,
ifrs17-result-snapshot,0.I17利润拆解,34,0,"""估计变更""",估计变更,
ifrs17-result-snapshot,0.I17利润拆解,34,4,-60.705576058040606,(60.7056),
ifrs17-result-snapshot,0.I17利润拆解,34,5,17898.87103856499,"17,898.87",
ifrs17-result-snapshot,0.I17利润拆解,34,6,4161.790429055448,"4,161.79",
ifrs17-result-snapshot,0.I17利润拆解,34,7,8316.099311284552,"8,316.1",
ifrs17-result-snapshot,0.I17利润拆解,34,8,371.84769160091685,371.85,
ifrs17-result-snapshot,0.I17利润拆解,34,9,5037.673593713143,"5,037.67",
ifrs17-result-snapshot,0.I17利润拆解,34,10,11.460012501463885,11.46,
ifrs17-result-snapshot,0.I17利润拆解,34,11,17959.57661462303,"17,959.58",
ifrs17-result-snapshot,0.I17利润拆解,35,0,"""BEL_VAR""",BEL_VAR,
ifrs17-result-snapshot,0.I17利润拆解,35,1,"""BEL_VAR_ASPCHG""",BEL_VAR_ASPCHG,
ifrs17-result-snapshot,0.I17利润拆解,35,2,"""非经济假设更新带来的影响""",非经济假设更新带来的影响,
ifrs17-result-snapshot,0.I17利润拆解,35,3,"""基于LR计算的非经济假设变更对BEL的影响""",基于LR计算的非经济假设变更对BEL的影响,
ifrs17-result-snapshot,0.I17利润拆解,35,5,4298.604921617795,"4,298.6",
ifrs17-result-snapshot,0.I17利润拆解,35,6,4398.635930915292,"4,398.64",
ifrs17-result-snapshot,0.I17利润拆解,35,9,-100.03100929749604,(100.03),
ifrs17-result-snapshot,0.I17利润拆解,35,11,28912.805105797976,"28,912.81",
ifrs17-result-snapshot,0.I17利润拆解,36,1,"""BEL_VAR_EXPCHG""",BEL_VAR_EXPCHG,
ifrs17-result-snapshot,0.I17利润拆解,36,3,"""基于LR计算的非金融经验调整对BEL的影响（包括模型变更和人数偏差）""",基于LR计算的非金融经验调整对BEL的影响（包括模型变更和人数偏差）,
ifrs17-result-snapshot,0.I17利润拆解,36,4,-1338.4529580356957,"(1,338.4530)",
ifrs17-result-snapshot,0.I17利润拆解,36,5,-39891.981927483415,"(39,891.98)",
ifrs17-result-snapshot,0.I17利润拆解,36,6,-14156.35689592245,"(14,156.36)",
ifrs17-result-snapshot,0.I17利润拆解,36,9,-25735.62503156097,"(25,735.63)",
ifrs17-result-snapshot,0.I17利润拆解,37,1,"""BEL_VAR_COMBINED""",BEL_VAR_COMBINED,
ifrs17-result-snapshot,0.I17利润拆解,37,3,"""基于CR计算的经验偏差与假设变更对BEL的整体影响""",基于CR计算的经验偏差与假设变更对BEL的整体影响,
ifrs17-result-snapshot,0.I17利润拆解,37,5,52.62715413402609,52.63,
ifrs17-result-snapshot,0.I17利润拆解,37,7,497.729736029748,497.73,
ifrs17-result-snapshot,0.I17利润拆解,37,8,-342.63058711688177,(342.63),
ifrs17-result-snapshot,0.I17利润拆解,37,10,-102.47199477884013,(102.47),
ifrs17-result-snapshot,0.I17利润拆解,38,1,"""BEL_INT_IFIE""",BEL_INT_IFIE,
ifrs17-result-snapshot,0.I17利润拆解,38,3,"""年初累计至评估时点的利润表口径下BEL的计息（在速赢内通过期初、期末BEL倒减期间现金流得到）""",年初累计至评估时点的利润表口径下BEL的计息（在速赢内通过期初、期末BEL倒减期间现金流得到）,
ifrs17-result-snapshot,0.I17利润拆解,38,5,-2147.9160311271658,"(2,147.92)",
ifrs17-result-snapshot,0.I17利润拆解,38,7,-1940.9250193646901,"(1,940.93)",
ifrs17-result-snapshot,0.I17利润拆解,38,8,-198.42368263095597,(198.42),
ifrs17-result-snapshot,0.I17利润拆解,38,10,-8.567329131519896,(8.57),
ifrs17-result-snapshot,0.I17利润拆解,39,1,"""A_UI_FV_CHG""",A_UI_FV_CHG,
ifrs17-result-snapshot,0.I17利润拆解,39,3,"""年初累计至评估时点的FV口径下的UI投资收益""",年初累计至评估时点的FV口径下的UI投资收益,
ifrs17-result-snapshot,0.I17利润拆解,39,5,7437.40781902509,"7,437.41",
ifrs17-result-snapshot,0.I17利润拆解,39,7,6361.091672725746,"6,361.09",
ifrs17-result-snapshot,0.I17利润拆解,39,8,916.3451992904005,916.35,
ifrs17-result-snapshot,0.I17利润拆解,39,10,159.9709470089439,159.97,
ifrs17-result-snapshot,0.I17利润拆解,40,1,"""PL_INT_IFIE""",PL_INT_IFIE,
ifrs17-result-snapshot,0.I17利润拆解,40,3,"""年初累计至评估时点计提的保单贷款利息""",年初累计至评估时点计提的保单贷款利息,
ifrs17-result-snapshot,0.I17利润拆解,40,5,0,0,
ifrs17-result-snapshot,0.I17利润拆解,40,7,0,0,
ifrs17-result-snapshot,0.I17利润拆解,40,8,0,0,
ifrs17-result-snapshot,0.I17利润拆解,40,10,0,0,
ifrs17-result-snapshot,0.I17利润拆解,41,0,"""CF_VAR""",CF_VAR,
ifrs17-result-snapshot,0.I17利润拆解,41,1,"""PREM_VAR""",PREM_VAR,
ifrs17-result-snapshot,0.I17利润拆解,41,3,"""保费收入的预实偏差""",保费收入的预实偏差,
ifrs17-result-snapshot,0.I17利润拆解,41,4,-364.2559876438827,(364.26),
ifrs17-result-snapshot,0.I17利润拆解,41,5,57366.382509317635,"57,366.38",
ifrs17-result-snapshot,0.I17利润拆解,41,6,2281.789456017195,"2,281.79",
ifrs17-result-snapshot,0.I17利润拆解,41,7,818.3346789008954,818.33,
ifrs17-result-snapshot,0.I17利润拆解,41,8,0,0,
ifrs17-result-snapshot,0.I17利润拆解,41,9,54265.97885039954,"54,265.98",
ifrs17-result-snapshot,0.I17利润拆解,41,10,0.27952399999999994,0.28,
ifrs17-result-snapshot,0.I17利润拆解,41,11,57730.63849696152,"57,730.64",
ifrs17-result-snapshot,0.I17利润拆解,41,13,51415.22573854898,"51,415.23",
ifrs17-result-snapshot,0.I17利润拆解,41,14,16756.73739870518,"16,756.74",
ifrs17-result-snapshot,0.I17利润拆解,41,15,3823.134044642189,"3,823.13",
ifrs17-result-snapshot,0.I17利润拆解,41,16,-3.0385812818460183,(3.04),
ifrs17-result-snapshot,0.I17利润拆解,41,17,30875.683289119374,"30,875.68",
ifrs17-result-snapshot,0.I17利润拆解,41,18,-37.29041263592001,(37.29),
ifrs17-result-snapshot,0.I17利润拆解,42,1,"""IACF_VAR""",IACF_VAR,
ifrs17-result-snapshot,0.I17利润拆解,42,3,"""IACF的预实偏差""",IACF的预实偏差,
ifrs17-result-snapshot,0.I17利润拆解,42,5,2233.5494002690634,"2,233.55",
ifrs17-result-snapshot,0.I17利润拆解,42,6,34.712242028795075,34.71,
ifrs17-result-snapshot,0.I17利润拆解,42,7,2206.7715176576303,"2,206.77",
ifrs17-result-snapshot,0.I17利润拆解,42,8,0.026599058313927487,0.03,
ifrs17-result-snapshot,0.I17利润拆解,42,9,-7.9609584756760885,(7.96),
ifrs17-result-snapshot,0.I17利润拆解,42,10,0,0,
ifrs17-result-snapshot,0.I17利润拆解,43,1,"""INV_VAR_NONDTH""",INV_VAR_NONDTH,
ifrs17-result-snapshot,0.I17利润拆解,43,2,"""退保/满期/生存金/年金等偏差影响""",退保/满期/生存金/年金等偏差影响,
ifrs17-result-snapshot,0.I17利润拆解,43,3,"""非死伤医疗给付投资成分的预实偏差""",非死伤医疗给付投资成分的预实偏差,
ifrs17-result-snapshot,0.I17利润拆解,43,4,1642.0033696215378,"1,642.0034",
ifrs17-result-snapshot,0.I17利润拆解,43,5,-10589.665696156928,"(10,589.67)",
ifrs17-result-snapshot,0.I17利润拆解,43,6,13223.891806763297,"13,223.89",
ifrs17-result-snapshot,0.I17利润拆解,43,7,-370.5559141368966,(370.56),
ifrs17-result-snapshot,0.I17利润拆解,43,8,215.00793685344001,215.01,
ifrs17-result-snapshot,0.I17利润拆解,43,9,-23613.76350910969,"(23,613.76)",
ifrs17-result-snapshot,0.I17利润拆解,43,10,-44.24601652708001,(44.25),
ifrs17-result-snapshot,0.I17利润拆解,44,1,"""INV_VAR_DTH""",INV_VAR_DTH,
ifrs17-result-snapshot,0.I17利润拆解,44,3,"""死伤医疗给付投资成分的预实偏差""",死伤医疗给付投资成分的预实偏差,
ifrs17-result-snapshot,0.I17利润拆解,44,5,1604.6673309917567,"1,604.67",
ifrs17-result-snapshot,0.I17利润拆解,44,6,1216.3438938958948,"1,216.34",
ifrs17-result-snapshot,0.I17利润拆解,44,7,117.3240515793057,117.32,
ifrs17-result-snapshot,0.I17利润拆解,44,8,32.89439932020001,32.89,
ifrs17-result-snapshot,0.I17利润拆解,44,9,231.42890630519634,231.43,
ifrs17-result-snapshot,0.I17利润拆解,44,10,6.676079891159999,6.68,
ifrs17-result-snapshot,0.I17利润拆解,45,1,"""CF_ADJ_INV_CSMLC""",CF_ADJ_INV_CSMLC,
ifrs17-result-snapshot,0.I17利润拆解,45,3,"""当期相机经验调整对理赔现金流中投资成分的影响（被CSM/LC吸收）""",当期相机经验调整对理赔现金流中投资成分的影响（被CSM/LC吸收）,
ifrs17-result-snapshot,0.I17利润拆解,45,5,5.960464477539063e-13,0,
ifrs17-result-snapshot,0.I17利润拆解,45,6,0,0,
ifrs17-result-snapshot,0.I17利润拆解,45,7,0,0,
ifrs17-result-snapshot,0.I17利润拆解,45,8,0,0,
ifrs17-result-snapshot,0.I17利润拆解,45,9,5.960464477539063e-13,0,
ifrs17-result-snapshot,0.I17利润拆解,45,10,0,0,
ifrs17-result-snapshot,0.I17利润拆解,46,1,"""CF_ADJ_INS_CSMLC""",CF_ADJ_INS_CSMLC,
ifrs17-result-snapshot,0.I17利润拆解,46,3,"""当期相机经验调整对理赔现金流中保险成分的影响（被CSM/LC吸收）""",当期相机经验调整对理赔现金流中保险成分的影响（被CSM/LC吸收）,
ifrs17-result-snapshot,0.I17利润拆解,46,5,-6.45599129711627e-16,(0),
ifrs17-result-snapshot,0.I17利润拆解,46,6,0,0,
ifrs17-result-snapshot,0.I17利润拆解,46,7,0,0,
ifrs17-result-snapshot,0.I17利润拆解,46,8,0,0,
ifrs17-result-snapshot,0.I17利润拆解,46,9,-6.45599129711627e-16,(0),
ifrs17-result-snapshot,0.I17利润拆解,46,10,0,0,
ifrs17-result-snapshot,0.I17利润拆解,47,1,"""PUI_INS_IFIEPL""",PUI_INS_IFIEPL,
ifrs17-result-snapshot,0.I17利润拆解,47,3,"""年初累计至评估时点的UI相关的YTD实际发生的保险成分给付与YTD预期保险成分给付的差异""",年初累计至评估时点的UI相关的YTD实际发生的保险成分给付与YTD预期保险成分给付的差异,
ifrs17-result-snapshot,0.I17利润拆解,47,5,97.09419918436197,97.09,
ifrs17-result-snapshot,0.I17利润拆解,47,6,0,0,
ifrs17-result-snapshot,0.I17利润拆解,47,7,89.16446685816197,89.16,
ifrs17-result-snapshot,0.I17利润拆解,47,8,7.929732326200001,7.93,
ifrs17-result-snapshot,0.I17利润拆解,47,9,0,0,
ifrs17-result-snapshot,0.I17利润拆解,47,10,0,0,
ifrs17-result-snapshot,0.I17利润拆解,48,1,"""A_UPPEA_FV_CHG""",A_UPPEA_FV_CHG,
ifrs17-result-snapshot,0.I17利润拆解,48,3,"""年初累计至评估时点的FV口径下的分红特储变动""",年初累计至评估时点的FV口径下的分红特储变动,
ifrs17-result-snapshot,0.I17利润拆解,48,5,703.197994943092,703.2,
ifrs17-result-snapshot,0.I17利润拆解,48,6,0,0,
ifrs17-result-snapshot,0.I17利润拆解,48,7,962.095243783092,962.1,
ifrs17-result-snapshot,0.I17利润拆解,48,8,-258.89724884,(258.9),
ifrs17-result-snapshot,0.I17利润拆解,48,9,0,0,
ifrs17-result-snapshot,0.I17利润拆解,48,10,0,0,
ifrs17-result-snapshot,0.I17利润拆解,49,0,"""RA_VAR""",RA_VAR,
ifrs17-result-snapshot,0.I17利润拆解,49,1,"""RA_VAR""",RA_VAR,
ifrs17-result-snapshot,0.I17利润拆解,49,3,"""RA的偏差""",RA的偏差,
ifrs17-result-snapshot,0.I17利润拆解,49,5,-3265.096636559776,"(3,265.1)",
ifrs17-result-snapshot,0.I17利润拆解,49,6,-2837.226004642576,"(2,837.23)",
ifrs17-result-snapshot,0.I17利润拆解,49,7,-424.9311227484398,(424.93),
ifrs17-result-snapshot,0.I17利润拆解,49,8,-0.40465665980000026,(0.4),
ifrs17-result-snapshot,0.I17利润拆解,49,9,-2.3536545477600166,(2.35),
ifrs17-result-snapshot,0.I17利润拆解,49,10,-0.18119796120000006,(0.18),
ifrs17-result-snapshot,0.I17利润拆解,50,0,"""调整合同服务边际的估计变更""",调整合同服务边际的估计变更,
ifrs17-result-snapshot,0.I17利润拆解,50,1,"""M1_CSM_CSMADJ""",M1_CSM_CSMADJ,
ifrs17-result-snapshot,0.I17利润拆解,50,3,"""M1表合同服务边际下的调整合同服务边际的估计变更""",M1表合同服务边际下的调整合同服务边际的估计变更,
ifrs17-result-snapshot,0.I17利润拆解,50,4,0,0,
ifrs17-result-snapshot,0.I17利润拆解,50,5,-17335.704888277127,"(17,335.7)",
ifrs17-result-snapshot,0.I17利润拆解,50,6,-4163.927972757038,"(4,163.93)",
ifrs17-result-snapshot,0.I17利润拆解,50,7,-8550.146501986332,"(8,550.15)",
ifrs17-result-snapshot,0.I17利润拆解,50,8,-341.9066683798104,(341.91),
ifrs17-result-snapshot,0.I17利润拆解,50,9,-4268.26373265248,"(4,268.26)",
ifrs17-result-snapshot,0.I17利润拆解,50,10,-11.460012501463853,(11.46),
ifrs17-result-snapshot,0.I17利润拆解,51,0,"""（与过去服务相关的）已发生赔款负债的调整""",（与过去服务相关的）已发生赔款负债的调整,
ifrs17-result-snapshot,0.I17利润拆解,51,4,-35.20015199999985,(35.2002),
ifrs17-result-snapshot,0.I17利润拆解,51,5,2624.3094409230457,"2,624.31",
ifrs17-result-snapshot,0.I17利润拆解,51,6,2477.9396789253287,"2,477.94",
ifrs17-result-snapshot,0.I17利润拆解,51,7,46.17187375923495,46.17,
ifrs17-result-snapshot,0.I17利润拆解,51,8,0,0,
ifrs17-result-snapshot,0.I17利润拆解,51,9,100.1978882384821,100.2,
ifrs17-result-snapshot,0.I17利润拆解,51,10,0,0,
ifrs17-result-snapshot,0.I17利润拆解,51,11,2659.5095929230456,"2,659.51",
ifrs17-result-snapshot,0.I17利润拆解,52,0,"""（与过去服务相关的）已发生赔款负债的调整""",（与过去服务相关的）已发生赔款负债的调整,
ifrs17-result-snapshot,0.I17利润拆解,52,1,"""M1_GPV_LICADJ""",M1_GPV_LICADJ,
ifrs17-result-snapshot,0.I17利润拆解,52,3,"""M1表未来现金流量现值下的已发生赔款负债相关履约现金流量变动""",M1表未来现金流量现值下的已发生赔款负债相关履约现金流量变动,
ifrs17-result-snapshot,0.I17利润拆解,52,5,2560.302033889474,"2,560.3",
ifrs17-result-snapshot,0.I17利润拆解,52,6,2417.502269678073,"2,417.5",
ifrs17-result-snapshot,0.I17利润拆解,52,7,45.04572894749879,45.05,
ifrs17-result-snapshot,0.I17利润拆解,52,8,0,0,
ifrs17-result-snapshot,0.I17利润拆解,52,9,97.7540352639023,97.75,
ifrs17-result-snapshot,0.I17利润拆解,52,10,0,0,
ifrs17-result-snapshot,0.I17利润拆解,53,1,"""M1_RA_LICADJ""",M1_RA_LICADJ,
ifrs17-result-snapshot,0.I17利润拆解,53,3,"""M1表非金融风险调整下的已发生赔款负债相关履约现金流量变动""",M1表非金融风险调整下的已发生赔款负债相关履约现金流量变动,
ifrs17-result-snapshot,0.I17利润拆解,53,5,64.00740703357158,64.01,
ifrs17-result-snapshot,0.I17利润拆解,53,6,60.43740924725563,60.44,
ifrs17-result-snapshot,0.I17利润拆解,53,7,1.12614481173616,1.13,
ifrs17-result-snapshot,0.I17利润拆解,53,8,0,0,
ifrs17-result-snapshot,0.I17利润拆解,53,9,2.4438529745798006,2.44,
ifrs17-result-snapshot,0.I17利润拆解,53,10,0,0,
ifrs17-result-snapshot,0.I17利润拆解,54,0,"""保险服务业绩-短期险""",保险服务业绩-短期险,
ifrs17-result-snapshot,0.I17利润拆解,54,4,658.4105294600016,658.4105,
ifrs17-result-snapshot,0.I17利润拆解,54,5,-110.12458401614455,(110.12),
ifrs17-result-snapshot,0.I17利润拆解,54,11,-768.5351134761462,(768.54),
ifrs17-result-snapshot,0.I17利润拆解,55,0,"""按保费分配法计量的合同确认的保费收入""",按保费分配法计量的合同确认的保费收入,
ifrs17-result-snapshot,0.I17利润拆解,55,1,"""M2_LRC_EXCLC_REVENUE""",M2_LRC_EXCLC_REVENUE,
ifrs17-result-snapshot,0.I17利润拆解,55,3,"""M2表未到期责任负债--非亏损部分的保险服务收入""",M2表未到期责任负债--非亏损部分的保险服务收入,
ifrs17-result-snapshot,0.I17利润拆解,55,4,1537.8426724,"1,537.8427",
ifrs17-result-snapshot,0.I17利润拆解,55,5,10268.804050759234,"10,268.8",
ifrs17-result-snapshot,0.I17利润拆解,55,6,10268.804050759234,"10,268.8",
ifrs17-result-snapshot,0.I17利润拆解,55,11,8730.961378359234,"8,730.96",
ifrs17-result-snapshot,0.I17利润拆解,56,0,"""按保费分配法计量的合同确认的保费收入""",按保费分配法计量的合同确认的保费收入,
ifrs17-result-snapshot,0.I17利润拆解,56,1,"""G_UPR_BOP""",G_UPR_BOP,
ifrs17-result-snapshot,0.I17利润拆解,56,3,"""年初基于毛保费计算的未赚保费准备金""",年初基于毛保费计算的未赚保费准备金,
ifrs17-result-snapshot,0.I17利润拆解,56,5,1076.4076159999997,"1,076.41",
ifrs17-result-snapshot,0.I17利润拆解,56,6,5132.4599044,"5,132.46",
ifrs17-result-snapshot,0.I17利润拆解,56,11,1076.4076159999997,"1,076.41",
ifrs17-result-snapshot,0.I17利润拆解,57,1,"""G_UPR_EOP""",G_UPR_EOP,
ifrs17-result-snapshot,0.I17利润拆解,57,3,"""评估时点基于毛保费计算的未赚保费准备金""",评估时点基于毛保费计算的未赚保费准备金,
ifrs17-result-snapshot,0.I17利润拆解,57,6,-4056.0522883999997,"(4,056.05)",
ifrs17-result-snapshot,0.I17利润拆解,58,1,"""A_PREM_INC""",A_PREM_INC,
ifrs17-result-snapshot,0.I17利润拆解,58,3,"""年初累计至评估时点的YTD实际发生的保费收入""",年初累计至评估时点的YTD实际发生的保费收入,
ifrs17-result-snapshot,0.I17利润拆解,58,4,1537.8426724,"1,537.8427",
ifrs17-result-snapshot,0.I17利润拆解,58,5,9192.396434759234,"9,192.4",
ifrs17-result-snapshot,0.I17利润拆解,58,6,9192.396434759234,"9,192.4",
ifrs17-result-snapshot,0.I17利润拆解,58,11,7654.553762359234,"7,654.55",
ifrs17-result-snapshot,0.I17利润拆解,59,0,"""实际赔付&维持费用""",实际赔付&维持费用,
ifrs17-result-snapshot,0.I17利润拆解,59,5,-9580.696163418226,"(9,580.7)",
ifrs17-result-snapshot,0.I17利润拆解,59,11,-9580.696163418226,"(9,580.7)",
ifrs17-result-snapshot,0.I17利润拆解,60,0,"""M2_LRC_LC_CLMEXP""",M2_LRC_LC_CLMEXP,
ifrs17-result-snapshot,0.I17利润拆解,60,1,"""LC_RELSE_PAA""",LC_RELSE_PAA,
ifrs17-result-snapshot,0.I17利润拆解,60,3,"""PAA计量下LC的摊销""",PAA计量下LC的摊销,
ifrs17-result-snapshot,0.I17利润拆解,60,5,223.449988,223.45,
ifrs17-result-snapshot,0.I17利润拆解,60,6,223.449988,223.45,
ifrs17-result-snapshot,0.I17利润拆解,60,11,223.449988,223.45,
ifrs17-result-snapshot,0.I17利润拆解,61,1,"""PDR_BOP_ORIGIN""",PDR_BOP_ORIGIN,
ifrs17-result-snapshot,0.I17利润拆解,61,6,709.3314923999999,709.33,
ifrs17-result-snapshot,0.I17利润拆解,62,1,"""PDR_EOP_ORIGIN""",PDR_EOP_ORIGIN,
ifrs17-result-snapshot,0.I17利润拆解,62,6,-629.5240524000003,(629.52),
ifrs17-result-snapshot,0.I17利润拆解,63,0,"""M2_LIC_CLMEXP_BEL""",M2_LIC_CLMEXP_BEL,
ifrs17-result-snapshot,0.I17利润拆解,63,1,"""A_CLAIM_OUTGO""",A_CLAIM_OUTGO,
ifrs17-result-snapshot,0.I17利润拆解,63,3,"""年初累计至评估时点的YTD实际发生的短险理赔""",年初累计至评估时点的YTD实际发生的短险理赔,
ifrs17-result-snapshot,0.I17利润拆解,63,4,-1158.2667512,"(1,158.2668)",
ifrs17-result-snapshot,0.I17利润拆解,63,5,-7329.8683116,"(7,329.87)",
ifrs17-result-snapshot,0.I17利润拆解,63,6,-7329.8683116,"(7,329.87)",
ifrs17-result-snapshot,0.I17利润拆解,63,11,-6171.6015604,"(6,171.6)",
ifrs17-result-snapshot,0.I17利润拆解,64,1,"""A_DTH_OUTGO""",A_DTH_OUTGO,
ifrs17-result-snapshot,0.I17利润拆解,64,3,"""年初累计至评估时点的YTD实际发生的短险理赔""",年初累计至评估时点的YTD实际发生的短险理赔,
ifrs17-result-snapshot,0.I17利润拆解,64,5,-107.92687667685448,(107.93),
ifrs17-result-snapshot,0.I17利润拆解,64,6,-107.92687667685448,(107.93),
ifrs17-result-snapshot,0.I17利润拆解,65,1,"""OS_RSV_BEL_CY""",OS_RSV_BEL_CY,
ifrs17-result-snapshot,0.I17利润拆解,65,3,"""当期新增的未决赔款BEL""",当期新增的未决赔款BEL,
ifrs17-result-snapshot,0.I17利润拆解,65,4,0,0,
ifrs17-result-snapshot,0.I17利润拆解,65,5,-1090.706096655808,"(1,090.71)",
ifrs17-result-snapshot,0.I17利润拆解,65,6,-1090.706096655808,"(1,090.71)",
ifrs17-result-snapshot,0.I17利润拆解,65,11,-1122.9465977892792,"(1,122.95)",
ifrs17-result-snapshot,0.I17利润拆解,66,1,"""CLM_EXP_BEL_CY""",CLM_EXP_BEL_CY,
ifrs17-result-snapshot,0.I17利润拆解,66,3,"""当期新增的理赔费用BEL""",当期新增的理赔费用BEL,
ifrs17-result-snapshot,0.I17利润拆解,66,5,-32.24050113347092,(32.24),
ifrs17-result-snapshot,0.I17利润拆解,66,6,-32.24050113347092,(32.24),
ifrs17-result-snapshot,0.I17利润拆解,67,1,"""A_MAINT_PAA""",A_MAINT_PAA,
ifrs17-result-snapshot,0.I17利润拆解,67,3,"""报告期间内实际发生的维持费用""",报告期间内实际发生的维持费用,
ifrs17-result-snapshot,0.I17利润拆解,67,4,10.684746703688234,10.6847,
ifrs17-result-snapshot,0.I17利润拆解,67,5,-1215.3307004000003,"(1,215.33)",
ifrs17-result-snapshot,0.I17利润拆解,67,6,-1215.3307004000003,"(1,215.33)",
ifrs17-result-snapshot,0.I17利润拆解,67,11,-1226.0154471036883,"(1,226.02)",
ifrs17-result-snapshot,0.I17利润拆解,68,0,"""M2_LIC_CLMEXP_RA""",M2_LIC_CLMEXP_RA,
ifrs17-result-snapshot,0.I17利润拆解,68,1,"""OS_RSV_RA_CY""",OS_RSV_RA_CY,
ifrs17-result-snapshot,0.I17利润拆解,68,3,"""M2表已发生赔款负债RA的保险服务费用下当期发生赔款及其他相关费用（保险获取现金流量除外）""",M2表已发生赔款负债RA的保险服务费用下当期发生赔款及其他相关费用（保险获取现金流量除外）,
ifrs17-result-snapshot,0.I17利润拆解,68,4,0,0,
ifrs17-result-snapshot,0.I17利润拆解,68,5,-27.267652423910796,(27.27),
ifrs17-result-snapshot,0.I17利润拆解,68,6,-27.267652423910796,(27.27),
ifrs17-result-snapshot,0.I17利润拆解,68,11,-28.073664952092873,(28.07),
ifrs17-result-snapshot,0.I17利润拆解,69,1,"""CLM_EXP_RA_CY""",CLM_EXP_RA_CY,
ifrs17-result-snapshot,0.I17利润拆解,69,3,"""M2表已发生赔款负债RA的保险服务费用下当期发生赔款及其他相关费用（保险获取现金流量除外）""",M2表已发生赔款负债RA的保险服务费用下当期发生赔款及其他相关费用（保险获取现金流量除外）,
ifrs17-result-snapshot,0.I17利润拆解,69,5,-0.80601252818208,(0.81),
ifrs17-result-snapshot,0.I17利润拆解,69,6,-0.80601252818208,(0.81),
ifrs17-result-snapshot,0.I17利润拆解,70,0,"""获取费用摊销""",获取费用摊销,
ifrs17-result-snapshot,0.I17利润拆解,70,4,-321.0704791799997,(321.0705),
ifrs17-result-snapshot,0.I17利润拆解,70,5,-2317.5565148,"(2,317.56)",
ifrs17-result-snapshot,0.I17利润拆解,70,11,-1996.4860356200006,"(1,996.49)",
ifrs17-result-snapshot,0.I17利润拆解,71,0,"""M2_LRC_EXCLC_IACFAMORT""",M2_LRC_EXCLC_IACFAMORT,
ifrs17-result-snapshot,0.I17利润拆解,71,1,"""IACF_RELSE_PAA""",IACF_RELSE_PAA,
ifrs17-result-snapshot,0.I17利润拆解,71,3,"""M2表已发生赔款负债RA的保险服务费用下当期发生赔款及其他相关费用（保险获取现金流量除外）""",M2表已发生赔款负债RA的保险服务费用下当期发生赔款及其他相关费用（保险获取现金流量除外）,
ifrs17-result-snapshot,0.I17利润拆解,71,4,-321.0704791799997,(321.0705),
ifrs17-result-snapshot,0.I17利润拆解,71,5,-2317.5565147999996,"(2,317.56)",
ifrs17-result-snapshot,0.I17利润拆解,71,6,-2317.5565147999996,"(2,317.56)",
ifrs17-result-snapshot,0.I17利润拆解,71,11,-1996.48603562,"(1,996.49)",
ifrs17-result-snapshot,0.I17利润拆解,72,0,"""（与过去服务相关的）已发生赔款负债的调整""",（与过去服务相关的）已发生赔款负债的调整,
ifrs17-result-snapshot,0.I17利润拆解,72,4,402.6260520000011,402.6261,
ifrs17-result-snapshot,0.I17利润拆解,72,5,1522.274841442848,"1,522.27",
ifrs17-result-snapshot,0.I17利润拆解,72,11,1119.648789442847,"1,119.65",
ifrs17-result-snapshot,0.I17利润拆解,73,0,"""（与过去服务相关的）已发生赔款负债的调整""",（与过去服务相关的）已发生赔款负债的调整,
ifrs17-result-snapshot,0.I17利润拆解,73,1,"""OS_RSV_BEL_PY""",OS_RSV_BEL_PY,
ifrs17-result-snapshot,0.I17利润拆解,73,3,"""M2表已发生赔款负债RA的保险服务费用下当期发生赔款及其他相关费用（保险获取现金流量除外）""",M2表已发生赔款负债RA的保险服务费用下当期发生赔款及其他相关费用（保险获取现金流量除外）,
ifrs17-result-snapshot,0.I17利润拆解,73,5,97.26769386176798,97.27,
ifrs17-result-snapshot,0.I17利润拆解,73,6,97.26769386176798,97.27,
ifrs17-result-snapshot,0.I17利润拆解,74,1,"""CLM_EXP_BEL_PY""",CLM_EXP_BEL_PY,
ifrs17-result-snapshot,0.I17利润拆解,74,3,"""M2表已发生赔款负债RA的保险服务费用下当期发生赔款及其他相关费用（保险获取现金流量除外）""",M2表已发生赔款负债RA的保险服务费用下当期发生赔款及其他相关费用（保险获取现金流量除外）,
ifrs17-result-snapshot,0.I17利润拆解,74,5,0.48634140213432,0.49,
ifrs17-result-snapshot,0.I17利润拆解,74,6,0.48634140213432,0.49,
ifrs17-result-snapshot,0.I17利润拆解,75,1,"""OS_RSV_RA_PY""",OS_RSV_RA_PY,
ifrs17-result-snapshot,0.I17利润拆解,75,3,"""M2表已发生赔款负债RA的保险服务费用下当期发生赔款及其他相关费用（保险获取现金流量除外）""",M2表已发生赔款负债RA的保险服务费用下当期发生赔款及其他相关费用（保险获取现金流量除外）,
ifrs17-result-snapshot,0.I17利润拆解,75,5,2.4316949049984005,2.43,
ifrs17-result-snapshot,0.I17利润拆解,75,6,2.4316949049984005,2.43,
ifrs17-result-snapshot,0.I17利润拆解,76,1,"""CLM_EXP_RA_PY""",CLM_EXP_RA_PY,
ifrs17-result-snapshot,0.I17利润拆解,76,3,"""M2表已发生赔款负债RA的保险服务费用下当期发生赔款及其他相关费用（保险获取现金流量除外）""",M2表已发生赔款负债RA的保险服务费用下当期发生赔款及其他相关费用（保险获取现金流量除外）,
ifrs17-result-snapshot,0.I17利润拆解,76,5,0.0121580695814,0.01,
ifrs17-result-snapshot,0.I17利润拆解,76,6,0.0121580695814,0.01,
ifrs17-result-snapshot,0.I17利润拆解,77,0,"""保险服务业绩-再保险""",保险服务业绩-再保险,
ifrs17-result-snapshot,0.I17利润拆解,77,4,8.3092492,8.3092,
ifrs17-result-snapshot,0.I17利润拆解,77,5,-267.9462956458571,(267.95),
ifrs17-result-snapshot,0.I17利润拆解,77,11,-276.2555448458571,(276.26),
ifrs17-result-snapshot,0.I17利润拆解,78,0,"""保险服务业绩合计""",保险服务业绩合计,
ifrs17-result-snapshot,0.I17利润拆解,78,4,3546.0070649664785,"3,546.0071",
ifrs17-result-snapshot,0.I17利润拆解,78,5,14100.224738286322,"14,100.22",
ifrs17-result-snapshot,0.I17利润拆解,78,11,10554.217673319843,"10,554.22",
ifrs17-result-snapshot,0.I17利润拆解,79,0,"""投资收益""",投资收益,
ifrs17-result-snapshot,0.I17利润拆解,79,2,"""投资收益减保险负债利息成本""",投资收益减保险负债利息成本,
ifrs17-result-snapshot,0.I17利润拆解,79,3,"""投资收益(含资产减值、公允价值变动和汇兑损益等)""",投资收益(含资产减值、公允价值变动和汇兑损益等),
ifrs17-result-snapshot,0.I17利润拆解,79,4,12399.279665200002,"12,399.2797",
ifrs17-result-snapshot,0.I17利润拆解,79,5,87087.09339014011,"87,087.09",
ifrs17-result-snapshot,0.I17利润拆解,79,11,74687.8137249401,"74,687.81",
ifrs17-result-snapshot,0.I17利润拆解,80,0,"""保险合同金融变动额""",保险合同金融变动额,
ifrs17-result-snapshot,0.I17利润拆解,80,4,-18446.41837893203,"(18,446.4184)",
ifrs17-result-snapshot,0.I17利润拆解,80,5,-17913.125688578493,"(17,913.13)",
ifrs17-result-snapshot,0.I17利润拆解,80,6,-4296.908967811169,"(4,296.91)",
ifrs17-result-snapshot,0.I17利润拆解,80,7,-6437.697442783987,"(6,437.7)",
ifrs17-result-snapshot,0.I17利润拆解,80,8,-930.3295640166009,(930.33),
ifrs17-result-snapshot,0.I17利润拆解,80,9,-6088.218766957791,"(6,088.22)",
ifrs17-result-snapshot,0.I17利润拆解,80,10,-159.9709470089439,(159.97),
ifrs17-result-snapshot,0.I17利润拆解,80,11,533.292690353535,533.29,
ifrs17-result-snapshot,0.I17利润拆解,81,0,"""计入损益的保险合同金融变动额""",计入损益的保险合同金融变动额,
ifrs17-result-snapshot,0.I17利润拆解,81,4,-18446.41837893203,"(18,446.4184)",
ifrs17-result-snapshot,0.I17利润拆解,81,5,-41828.38871979617,"(41,828.39)",
ifrs17-result-snapshot,0.I17利润拆解,81,6,-21141.037159132335,"(21,141.04)",
ifrs17-result-snapshot,0.I17利润拆解,81,7,-9809.72450262087,"(9,809.72)",
ifrs17-result-snapshot,0.I17利润拆解,81,8,-577.9371953365988,(577.94),
ifrs17-result-snapshot,0.I17利润拆解,81,9,-10139.718915697418,"(10,139.72)",
ifrs17-result-snapshot,0.I17利润拆解,81,10,-159.9709470089439,(159.97),
ifrs17-result-snapshot,0.I17利润拆解,81,11,-23381.97034086414,"(23,381.97)",
ifrs17-result-snapshot,0.I17利润拆解,82,0,"""计入损益的保险合同金融变动额（BEL）""",计入损益的保险合同金融变动额（BEL）,
ifrs17-result-snapshot,0.I17利润拆解,82,1,"""M1_GPV_IFIEPL""",M1_GPV_IFIEPL,
ifrs17-result-snapshot,0.I17利润拆解,82,3,"""M1表未来现金流量现值下的保险合同金融变动额（PL）""",M1表未来现金流量现值下的保险合同金融变动额（PL）,
ifrs17-result-snapshot,0.I17利润拆解,82,4,-18446.41837893203,"(18,446.4184)",
ifrs17-result-snapshot,0.I17利润拆解,82,5,-36736.74827561727,"(36,736.75)",
ifrs17-result-snapshot,0.I17利润拆解,82,6,-16251.209978947314,"(16,251.21)",
ifrs17-result-snapshot,0.I17利润拆解,82,7,-9809.72450262087,"(9,809.72)",
ifrs17-result-snapshot,0.I17利润拆解,82,8,-577.9371953365988,(577.94),
ifrs17-result-snapshot,0.I17利润拆解,82,9,-9937.905651703542,"(9,937.91)",
ifrs17-result-snapshot,0.I17利润拆解,82,10,-159.9709470089439,(159.97),
ifrs17-result-snapshot,0.I17利润拆解,82,11,-18290.32989668524,"(18,290.33)",
ifrs17-result-snapshot,0.I17利润拆解,83,0,"""计入损益的保险合同金融变动额（BEL）""",计入损益的保险合同金融变动额（BEL）,
ifrs17-result-snapshot,0.I17利润拆解,83,1,"""BEL_INT_IFIE""",BEL_INT_IFIE,
ifrs17-result-snapshot,0.I17利润拆解,83,3,"""年初累计至评估时点的利润表口径下BEL的计息（在速赢内通过期初、期末BEL倒减期间现金流得到）""",年初累计至评估时点的利润表口径下BEL的计息（在速赢内通过期初、期末BEL倒减期间现金流得到）,
ifrs17-result-snapshot,0.I17利润拆解,83,4,-18059.086355776228,"(18,059.0864)",
ifrs17-result-snapshot,0.I17利润拆解,83,5,-24731.711378391912,"(24,731.71)",
ifrs17-result-snapshot,0.I17利润拆解,83,6,-17664.669175516487,"(17,664.67)",
ifrs17-result-snapshot,0.I17利润拆解,83,9,-7067.04220287543,"(7,067.04)",
ifrs17-result-snapshot,0.I17利润拆解,83,11,-6672.625022615684,"(6,672.63)",
ifrs17-result-snapshot,0.I17利润拆解,84,1,"""BEL_VAR_IFIEPL""",BEL_VAR_IFIEPL,
ifrs17-result-snapshot,0.I17利润拆解,84,2,"""经济假设更新带来的影响""",经济假设更新带来的影响,
ifrs17-result-snapshot,0.I17利润拆解,84,3,"""经济假设变更及当期金融经验调整对BEL的影响中进IFIEPL的部分""",经济假设变更及当期金融经验调整对BEL的影响中进IFIEPL的部分,
ifrs17-result-snapshot,0.I17利润拆解,84,4,0,0,
ifrs17-result-snapshot,0.I17利润拆解,84,5,-2961.060728805293,"(2,961.06)",
ifrs17-result-snapshot,0.I17利润拆解,84,6,-90.36487943120791,(90.36),
ifrs17-result-snapshot,0.I17利润拆解,84,9,-2870.695849374085,"(2,870.7)",
ifrs17-result-snapshot,0.I17利润拆解,84,11,-2961.060728805293,"(2,961.06)",
ifrs17-result-snapshot,0.I17利润拆解,85,1,"""CF_ADJ_INV_IFIEPL""",CF_ADJ_INV_IFIEPL,
ifrs17-result-snapshot,0.I17利润拆解,85,3,"""当期金融经验调整对理赔现金流中投资成分的影响（进IFIE_PL）""",当期金融经验调整对理赔现金流中投资成分的影响（进IFIE_PL）,
ifrs17-result-snapshot,0.I17利润拆解,85,5,-116.08227373419399,(116.08),
ifrs17-result-snapshot,0.I17利润拆解,85,9,-116.08227373419399,(116.08),
ifrs17-result-snapshot,0.I17利润拆解,85,11,-116.08227373419399,(116.08),
ifrs17-result-snapshot,0.I17利润拆解,86,1,"""CF_ADJ_INS_IFIEPL""",CF_ADJ_INS_IFIEPL,
ifrs17-result-snapshot,0.I17利润拆解,86,3,"""当期金融经验调整对理赔现金流中保险成分的影响（进IFIE_PL）""",当期金融经验调整对理赔现金流中保险成分的影响（进IFIE_PL）,
ifrs17-result-snapshot,0.I17利润拆解,86,5,0.12446188016000156,0.12,
ifrs17-result-snapshot,0.I17利润拆解,86,9,0.12446188016000156,0.12,
ifrs17-result-snapshot,0.I17利润拆解,86,11,0.12446188016000156,0.12,
ifrs17-result-snapshot,0.I17利润拆解,87,1,"""UI_CHG_IFIEPL""",UI_CHG_IFIEPL,
ifrs17-result-snapshot,0.I17利润拆解,87,3,"""年初累计至评估时点的利润表口径下的UI投资收益""",年初累计至评估时点的利润表口径下的UI投资收益,
ifrs17-result-snapshot,0.I17利润拆解,87,4,-382.87939915580034,(382.8794),
ifrs17-result-snapshot,0.I17利润拆解,87,5,-10457.04251018209,"(10,457.04)",
ifrs17-result-snapshot,0.I17利润拆解,87,7,-9733.118732562745,"(9,733.12)",
ifrs17-result-snapshot,0.I17利润拆解,87,8,-563.9528306103989,(563.95),
ifrs17-result-snapshot,0.I17利润拆解,87,10,-159.97094700894402,(159.97),
ifrs17-result-snapshot,0.I17利润拆解,87,11,-10074.163111026288,"(10,074.16)",
ifrs17-result-snapshot,0.I17利润拆解,88,1,"""PUI_INS_IFIEPL""",PUI_INS_IFIEPL,
ifrs17-result-snapshot,0.I17利润拆解,88,3,"""年初累计至评估时点的UI相关的YTD实际发生的保险成分给付与YTD预期保险成分给付的差异""",年初累计至评估时点的UI相关的YTD实际发生的保险成分给付与YTD预期保险成分给付的差异,
ifrs17-result-snapshot,0.I17利润拆解,88,5,-97.09419918436197,(97.09),
ifrs17-result-snapshot,0.I17利润拆解,88,7,-89.16446685816197,(89.16),
ifrs17-result-snapshot,0.I17利润拆解,88,8,-7.929732326200001,(7.93),
ifrs17-result-snapshot,0.I17利润拆解,88,10,0,0,
ifrs17-result-snapshot,0.I17利润拆解,88,11,-97.09419918436197,(97.09),
ifrs17-result-snapshot,0.I17利润拆解,89,1,"""PL_INT_IFIE""",PL_INT_IFIE,
ifrs17-result-snapshot,0.I17利润拆解,89,3,"""年初累计至评估时点计提的保单贷款利息""",年初累计至评估时点计提的保单贷款利息,
ifrs17-result-snapshot,0.I17利润拆解,89,4,-4.452624,(4.4526),
ifrs17-result-snapshot,0.I17利润拆解,89,5,1780.9721808003628,"1,780.97",
ifrs17-result-snapshot,0.I17利润拆解,89,6,1505.7249880003742,"1,505.72",
ifrs17-result-snapshot,0.I17利润拆解,89,7,158.05820879998956,158.06,
ifrs17-result-snapshot,0.I17利润拆解,89,8,1.3987715999998993,1.4,
ifrs17-result-snapshot,0.I17利润拆解,89,9,115.79021239999943,115.79,
ifrs17-result-snapshot,0.I17利润拆解,89,10,0,0,
ifrs17-result-snapshot,0.I17利润拆解,89,11,1630.570976800363,"1,630.57",
ifrs17-result-snapshot,0.I17利润拆解,90,1,"""SB_DOD_INT_IFIE""",SB_DOD_INT_IFIE,
ifrs17-result-snapshot,0.I17利润拆解,90,3,"""年初累计至评估时点选择生存金累积生息保单计提的利息""",年初累计至评估时点选择生存金累积生息保单计提的利息,
ifrs17-result-snapshot,0.I17利润拆解,90,5,-25.825488000000018,(25.83),
ifrs17-result-snapshot,0.I17利润拆解,90,6,-1.900912,(1.9),
ifrs17-result-snapshot,0.I17利润拆解,90,7,-23.924576000000016,(23.92),
ifrs17-result-snapshot,0.I17利润拆解,90,8,0,0,
ifrs17-result-snapshot,0.I17利润拆解,90,9,0,0,
ifrs17-result-snapshot,0.I17利润拆解,90,10,0,0,
ifrs17-result-snapshot,0.I17利润拆解,91,1,"""DIV_DOD_INT_IFIE""",DIV_DOD_INT_IFIE,
ifrs17-result-snapshot,0.I17利润拆解,91,3,"""年初累计至评估时点选择红利累积生息保单计提的利息""",年初累计至评估时点选择红利累积生息保单计提的利息,
ifrs17-result-snapshot,0.I17利润拆解,91,5,-129.0283399999997,(129.03),
ifrs17-result-snapshot,0.I17利润拆解,91,7,-121.57493599999971,(121.57),
ifrs17-result-snapshot,0.I17利润拆解,91,8,-7.453404000000002,(7.45),
ifrs17-result-snapshot,0.I17利润拆解,91,10,0,0,
ifrs17-result-snapshot,0.I17利润拆解,92,0,"""计入损益的保险合同金融变动额（CSM）""",计入损益的保险合同金融变动额（CSM）,
ifrs17-result-snapshot,0.I17利润拆解,92,1,"""M1_CSM_IFIEPL""",M1_CSM_IFIEPL,
ifrs17-result-snapshot,0.I17利润拆解,92,3,"""M1表合同服务边际的保险合同金融变动额""",M1表合同服务边际的保险合同金融变动额,
ifrs17-result-snapshot,0.I17利润拆解,92,4,0,0,
ifrs17-result-snapshot,0.I17利润拆解,92,5,-5091.640444178897,"(5,091.64)",
ifrs17-result-snapshot,0.I17利润拆解,92,6,-4889.8271801850215,"(4,889.83)",
ifrs17-result-snapshot,0.I17利润拆解,92,7,0,0,
ifrs17-result-snapshot,0.I17利润拆解,92,8,0,0,
ifrs17-result-snapshot,0.I17利润拆解,92,9,-201.8132639938761,(201.81),
ifrs17-result-snapshot,0.I17利润拆解,92,10,0,0,
ifrs17-result-snapshot,0.I17利润拆解,92,11,-5091.640444178897,"(5,091.64)",
ifrs17-result-snapshot,0.I17利润拆解,93,0,"""货币汇兑损益""",货币汇兑损益,
ifrs17-result-snapshot,0.I17利润拆解,93,11,0,0,
ifrs17-result-snapshot,0.I17利润拆解,94,0,"""投资服务业绩-短期险""",投资服务业绩-短期险,
ifrs17-result-snapshot,0.I17利润拆解,94,4,0,0,
ifrs17-result-snapshot,0.I17利润拆解,94,5,0.2749892000000875,0.27,
ifrs17-result-snapshot,0.I17利润拆解,94,6,0.2749892000000875,0.27,
ifrs17-result-snapshot,0.I17利润拆解,94,11,0.2749892000000875,0.27,
ifrs17-result-snapshot,0.I17利润拆解,95,0,"""M2_LRC_EXCLC_IFIEPL""",M2_LRC_EXCLC_IFIEPL,
ifrs17-result-snapshot,0.I17利润拆解,95,1,"""PL_INT_IFIE""",PL_INT_IFIE,
ifrs17-result-snapshot,0.I17利润拆解,95,3,"""年初累计至评估时点计提的保单贷款利息""",年初累计至评估时点计提的保单贷款利息,
ifrs17-result-snapshot,0.I17利润拆解,95,6,0.2749892000000875,0.27,
ifrs17-result-snapshot,0.I17利润拆解,96,0,"""M2_LRC_EXCLC_IFIEOC""",M2_LRC_EXCLC_IFIEOC,
ifrs17-result-snapshot,0.I17利润拆解,96,1,"""M2_LRC_EXCLC_IFIEOC""",M2_LRC_EXCLC_IFIEOC,
ifrs17-result-snapshot,0.I17利润拆解,96,3,"""#N/A""",#N/A,
ifrs17-result-snapshot,0.I17利润拆解,96,6,0,0,
ifrs17-result-snapshot,0.I17利润拆解,97,0,"""投资服务业绩合计""",投资服务业绩合计,
ifrs17-result-snapshot,0.I17利润拆解,97,4,-6047.138713732027,"(6,047.1387)",
ifrs17-result-snapshot,0.I17利润拆解,97,5,45258.97965954394,"45,258.98",
ifrs17-result-snapshot,0.I17利润拆解,97,11,51306.11837327597,"51,306.12",
ifrs17-result-snapshot,0.I17利润拆解,98,0,"""其他业务利润""",其他业务利润,
ifrs17-result-snapshot,0.I17利润拆解,98,4,59.65107239999999,59.6511,
ifrs17-result-snapshot,0.I17利润拆解,98,5,360.91848980608336,360.92,
ifrs17-result-snapshot,0.I17利润拆解,98,11,301.2674174060834,301.27,
ifrs17-result-snapshot,0.I17利润拆解,99,0,"""未解释差异""",未解释差异,
ifrs17-result-snapshot,0.I17利润拆解,99,4,0.12671694272285094,0.1267,
ifrs17-result-snapshot,0.I17利润拆解,99,11,-0.12671694272285094,(0.13),
ifrs17-result-snapshot,0.I17利润拆解,100,0,"""非履约费用""",非履约费用,
ifrs17-result-snapshot,0.I17利润拆解,100,5,-1886.1655135999995,"(1,886.17)",
ifrs17-result-snapshot,0.I17利润拆解,101,0,"""税前利润""",税前利润,
ifrs17-result-snapshot,0.I17利润拆解,101,4,-2441.3538594228257,"(2,441.3539)",
ifrs17-result-snapshot,0.I17利润拆解,101,5,57833.95737403635,"57,833.96",
ifrs17-result-snapshot,0.I17利润拆解,101,11,60275.31123345917,"60,275.31",
ifrs17-result-snapshot,0.I17利润拆解,102,0,"""所得税""",所得税,
ifrs17-result-snapshot,0.I17利润拆解,103,0,"""税后利润""",税后利润,
ifrs17-result-snapshot,0.I17利润拆解,104,0,"""资产其他综合收益""",资产其他综合收益,
ifrs17-result-snapshot,0.I17利润拆解,105,0,"""计入其他综合收益的保险合同金融变动额""",计入其他综合收益的保险合同金融变动额,
ifrs17-result-snapshot,0.I17利润拆解,105,1,"""M1_GPV_IFIEOCI""",M1_GPV_IFIEOCI,
ifrs17-result-snapshot,0.I17利润拆解,105,3,"""M1表未来现金流量现值下的保险合同金融变动额（OCI）""",M1表未来现金流量现值下的保险合同金融变动额（OCI）,
ifrs17-result-snapshot,0.I17利润拆解,105,5,23915.26303121767,"23,915.26",
ifrs17-result-snapshot,0.I17利润拆解,105,6,16844.128191321164,"16,844.13",
ifrs17-result-snapshot,0.I17利润拆解,105,7,3372.027059836882,"3,372.03",
ifrs17-result-snapshot,0.I17利润拆解,105,8,-352.3923686800019,(352.39),
ifrs17-result-snapshot,0.I17利润拆解,105,9,4051.500148739628,"4,051.5",
ifrs17-result-snapshot,0.I17利润拆解,105,10,0,0,
ifrs17-result-snapshot,0.I17利润拆解,106,0,"""计入其他综合收益的保险合同金融变动额""",计入其他综合收益的保险合同金融变动额,
ifrs17-result-snapshot,0.I17利润拆解,106,1,"""BEL_VAR_IFIEOCI""",BEL_VAR_IFIEOCI,
ifrs17-result-snapshot,0.I17利润拆解,106,3,"""经济假设变更及当期金融经验调整对BEL的影响中进IFIEOCI的部分""",经济假设变更及当期金融经验调整对BEL的影响中进IFIEOCI的部分,
ifrs17-result-snapshot,0.I17利润拆解,106,5,20895.628340060794,"20,895.63",
ifrs17-result-snapshot,0.I17利润拆解,106,6,16844.128191321164,"16,844.13",
ifrs17-result-snapshot,0.I17利润拆解,106,9,4051.500148739628,"4,051.5",
ifrs17-result-snapshot,0.I17利润拆解,107,1,"""UI_CHG_IFIEPLOCI""",UI_CHG_IFIEPLOCI,
ifrs17-result-snapshot,0.I17利润拆解,107,3,"""年初累计至评估时点的FV口径下UI投资收益与利润表口径下UI投资收益之间的差异（中间过渡变量）""",年初累计至评估时点的FV口径下UI投资收益与利润表口径下UI投资收益之间的差异（中间过渡变量）,
ifrs17-result-snapshot,0.I17利润拆解,107,5,3019.6346911568808,"3,019.63",
ifrs17-result-snapshot,0.I17利润拆解,107,7,3372.027059836883,"3,372.03",
ifrs17-result-snapshot,0.I17利润拆解,107,8,-352.3923686800019,(352.39),
ifrs17-result-snapshot,0.I17利润拆解,107,10,-7.450580596923829e-14,(0),
ifrs17-result-snapshot,0.I17利润拆解,108,0,"""综合收益""",综合收益,
ifrs17-result-snapshot,调整项,0,1,"""M1""",M1,
ifrs17-result-snapshot,调整项,0,5,"""M2""",M2,
ifrs17-result-snapshot,调整项,1,0,"""手工调整项""",手工调整项,
ifrs17-result-snapshot,调整项,1,1,"""未来现金流量现值""",未来现金流量现值,
ifrs17-result-snapshot,调整项,1,2,"""非金融风险调整""",非金融风险调整,
ifrs17-result-snapshot,调整项,1,3,"""合同服务边际""",合同服务边际,
ifrs17-result-snapshot,调整项,1,4,"""Comments""",Comments,
ifrs17-result-snapshot,调整项,1,5,"""未到期责任负债_非亏损部分""",未到期责任负债_非亏损部分,
ifrs17-result-snapshot,调整项,1,6,"""未到期责任负债_亏损部分""",未到期责任负债_亏损部分,
ifrs17-result-snapshot,调整项,1,7,"""已发生赔款负债""",已发生赔款负债,
ifrs17-result-snapshot,调整项,1,8,"""Comments""",Comments,
ifrs17-result-snapshot,调整项,2,0,"""期初OCI累计""",期初OCI累计,
ifrs17-result-snapshot,调整项,2,1,2894502.1954285717,"2,894,502.2",
ifrs17-result-snapshot,调整项,2,4,"""期初&期末调整（分红账户1）""",期初&期末调整（分红账户1）,
ifrs17-result-snapshot,调整项,2,5,2894502.1954285717,"2,894,502.2",
ifrs17-result-snapshot,调整项,2,8,"""期初&期末调整（分红账户1）""",期初&期末调整（分红账户1）,
ifrs17-result-snapshot,调整项,3,0,"""23年应收未收的保户质押贷款""",23年应收未收的保户质押贷款,
ifrs17-result-snapshot,调整项,3,4,"""期初&期末调整（传统账户-长）""",期初&期末调整（传统账户-长）,
ifrs17-result-snapshot,调整项,3,8,"""期初&期末调整（传统账户-长）""",期初&期末调整（传统账户-长）,
ifrs17-result-snapshot,调整项,4,0,"""231231速赢重跑与经审计版的差异""",231231速赢重跑与经审计版的差异,
ifrs17-result-snapshot,调整项,4,4,"""期初&期末调整（传统账户-长）""",期初&期末调整（传统账户-长）,
ifrs17-result-snapshot,调整项,4,8,"""期初&期末调整（传统账户-长）""",期初&期末调整（传统账户-长）,
ifrs17-result-snapshot,调整项,5,0,"""24年的保单质押贷款调整\r\n（若实收则为正，减少保险合同负债）""","24年的保单质押贷款调整
（若实收则为正，减少保险合同负债）",
ifrs17-result-snapshot,调整项,5,4,"""Cash&期末调整（传统账户-长）""",Cash&期末调整（传统账户-长）,
ifrs17-result-snapshot,调整项,5,8,"""Cash&投成&期末调整（传统账户-长）\r\nNote：已发送赔款负债的投成和cash部分对冲，故不影响期末值）""","Cash&投成&期末调整（传统账户-长）
Note：已发送赔款负债的投成和cash部分对冲，故不影响期末值）",
ifrs17-result-snapshot,调整项,6,0,"""24年的保单质押贷款调整_分红账\r\n（审计调整）""","24年的保单质押贷款调整_分红账
（审计调整）",
ifrs17-result-snapshot,调整项,6,4,"""Cash&期末调整（分红账户1）""",Cash&期末调整（分红账户1）,
ifrs17-result-snapshot,调整项,6,8,"""Cash&投成&期末调整（分红账户1）\r\nNote：已发送赔款负债的投成和cash部分对冲，故不影响期末值）""","Cash&投成&期末调整（分红账户1）
Note：已发送赔款负债的投成和cash部分对冲，故不影响期末值）",
ifrs17-result-snapshot,调整项,7,0,"""24年的保单质押贷款调整_非分红账\r\n（审计调整）""","24年的保单质押贷款调整_非分红账
（审计调整）",
ifrs17-result-snapshot,调整项,7,4,"""Cash&期末调整（传统账户-长）""",Cash&期末调整（传统账户-长）,
ifrs17-result-snapshot,调整项,7,8,"""Cash&投成&期末调整（传统账户-长）\r\nNote：已发送赔款负债的投成和cash部分对冲，故不影响期末值）""","Cash&投成&期末调整（传统账户-长）
Note：已发送赔款负债的投成和cash部分对冲，故不影响期末值）",
ifrs17-result-snapshot,调整项,8,0,"""24年的应付保护红利调整\r\n（审计调整）""","24年的应付保护红利调整
（审计调整）",
ifrs17-result-snapshot,调整项,8,4,"""Cash&期末调整（分红账户1）""",Cash&期末调整（分红账户1）,
ifrs17-result-snapshot,调整项,8,8,"""Cash&投成&期末调整（分红账户1）\r\nNote：已发送赔款负债的投成和cash部分对冲，故不影响期末值）""","Cash&投成&期末调整（分红账户1）
Note：已发送赔款负债的投成和cash部分对冲，故不影响期末值）",
ifrs17-result-snapshot,直保,0,0,"""保险合同负债余额调节表1（M1表）——按组成要素""",保险合同负债余额调节表1（M1表）——按组成要素,
ifrs17-result-snapshot,直保,0,5,-145944.64904937745,"(145,944.65)",
ifrs17-result-snapshot,直保,0,7,"""保险合同负债余额调节表2（M2表）——按负债类别""",保险合同负债余额调节表2（M2表）——按负债类别,
ifrs17-result-snapshot,直保,0,12,0.171783447265625,0.17,
ifrs17-result-snapshot,直保,1,0,"""项目""",项目,
ifrs17-result-snapshot,直保,1,1,"""编号""",编号,
ifrs17-result-snapshot,直保,1,2,"""未来现金流量现值""",未来现金流量现值,
ifrs17-result-snapshot,直保,1,3,"""非金融风险调整""",非金融风险调整,
ifrs17-result-snapshot,直保,1,4,"""合同服务边际""",合同服务边际,
ifrs17-result-snapshot,直保,1,5,"""合计""",合计,
ifrs17-result-snapshot,直保,1,7,"""项目""",项目,
ifrs17-result-snapshot,直保,1,8,"""编号""",编号,
ifrs17-result-snapshot,直保,1,9,"""未到期责任负债""",未到期责任负债,
ifrs17-result-snapshot,直保,1,11,"""已发生赔款负债""",已发生赔款负债,
ifrs17-result-snapshot,直保,1,12,"""合计""",合计,
ifrs17-result-snapshot,直保,2,9,"""非亏损部分""",非亏损部分,
ifrs17-result-snapshot,直保,2,10,"""亏损部分""",亏损部分,
ifrs17-result-snapshot,直保,3,0,"""于期初/年初的保险合同负债""",于期初/年初的保险合同负债,
ifrs17-result-snapshot,直保,3,1,"""[1]""",[1],
ifrs17-result-snapshot,直保,3,2,10341126129.33465,"10,341,126,129.33",
ifrs17-result-snapshot,直保,3,3,188955378.4291659,"188,955,378.43",
ifrs17-result-snapshot,直保,3,4,1793202689.474259,"1,793,202,689.47",
ifrs17-result-snapshot,直保,3,5,12323284197.238077,"12,323,284,197.24",
ifrs17-result-snapshot,直保,3,7,"""于期初/年初的保险合同负债""",于期初/年初的保险合同负债,
ifrs17-result-snapshot,直保,3,8,"""[1]""",[1],
ifrs17-result-snapshot,直保,3,9,12256000100.421673,"12,256,000,100.42",
ifrs17-result-snapshot,直保,3,10,84341647.88647237,"84,341,647.89",
ifrs17-result-snapshot,直保,3,11,85921417.01446292,"85,921,417.01",
ifrs17-result-snapshot,直保,3,12,12426263165.32261,"12,426,263,165.32",
ifrs17-result-snapshot,直保,4,0,"""于期初/年初的保险合同资产""",于期初/年初的保险合同资产,
ifrs17-result-snapshot,直保,4,1,"""[2]""",[2],
ifrs17-result-snapshot,直保,4,2,0,0,
ifrs17-result-snapshot,直保,4,3,0,0,
ifrs17-result-snapshot,直保,4,4,0,0,
ifrs17-result-snapshot,直保,4,5,0,0,
ifrs17-result-snapshot,直保,4,7,"""于期初/年初的保险合同资产""",于期初/年初的保险合同资产,
ifrs17-result-snapshot,直保,4,8,"""[2]""",[2],
ifrs17-result-snapshot,直保,4,9,0,0,
ifrs17-result-snapshot,直保,4,10,0,0,
ifrs17-result-snapshot,直保,4,11,0,0,
ifrs17-result-snapshot,直保,4,12,0,0,
ifrs17-result-snapshot,直保,5,0,"""于期初/年初的保险合同净负债/资产余额""",于期初/年初的保险合同净负债/资产余额,
ifrs17-result-snapshot,直保,5,1,"""[3]=[1]+[2]""",[3]=[1]+[2],
ifrs17-result-snapshot,直保,5,2,10341126129.33465,"10,341,126,129.33",
ifrs17-result-snapshot,直保,5,3,188955378.4291659,"188,955,378.43",
ifrs17-result-snapshot,直保,5,4,1793202689.474259,"1,793,202,689.47",
ifrs17-result-snapshot,直保,5,5,12323284197.238077,"12,323,284,197.24",
ifrs17-result-snapshot,直保,5,7,"""于期初/年初的保险合同净负债/资产余额""",于期初/年初的保险合同净负债/资产余额,
ifrs17-result-snapshot,直保,5,8,"""[3]=[1]+[2]""",[3]=[1]+[2],
ifrs17-result-snapshot,直保,5,9,12256000100.421673,"12,256,000,100.42",
ifrs17-result-snapshot,直保,5,10,84341647.88647237,"84,341,647.89",
ifrs17-result-snapshot,直保,5,11,85921417.01446292,"85,921,417.01",
ifrs17-result-snapshot,直保,5,12,12426263165.32261,"12,426,263,165.32",
ifrs17-result-snapshot,直保,6,0,"""计入综合收益的变动""",计入综合收益的变动,
ifrs17-result-snapshot,直保,6,2,0,0,
ifrs17-result-snapshot,直保,6,3,0,0,
ifrs17-result-snapshot,直保,6,4,0,0,
ifrs17-result-snapshot,直保,6,5,0,0,
ifrs17-result-snapshot,直保,6,7,"""计入综合收益的变动""",计入综合收益的变动,
ifrs17-result-snapshot,直保,6,9,0,0,
ifrs17-result-snapshot,直保,6,10,0,0,
ifrs17-result-snapshot,直保,6,11,0,0,
ifrs17-result-snapshot,直保,6,12,0,0,
ifrs17-result-snapshot,直保,7,0,"""与当期服务相关的变动""",与当期服务相关的变动,
ifrs17-result-snapshot,直保,7,1,"""[4]=[5]+[6]+[7]""",[4]=[5]+[6]+[7],
ifrs17-result-snapshot,直保,7,2,32480946.307152104,"32,480,946.31",
ifrs17-result-snapshot,直保,7,3,-14635250.455711316,"(14,635,250.46)",
ifrs17-result-snapshot,直保,7,4,-152112180.35277745,"(152,112,180.35)",
ifrs17-result-snapshot,直保,7,5,-134266484.5013367,"(134,266,484.5)",
ifrs17-result-snapshot,直保,7,7,"""保险服务收入""",保险服务收入,
ifrs17-result-snapshot,直保,7,8,"""[4]""",[4],
ifrs17-result-snapshot,直保,7,9,-488822258.9423746,"(488,822,258.94)",
ifrs17-result-snapshot,直保,7,10,0,0,
ifrs17-result-snapshot,直保,7,11,0,0,
ifrs17-result-snapshot,直保,7,12,-488822258.9423746,"(488,822,258.94)",
ifrs17-result-snapshot,直保,8,0,"""合同服务边际的摊销""",合同服务边际的摊销,
ifrs17-result-snapshot,直保,8,1,"""[5]""",[5],
ifrs17-result-snapshot,直保,8,2,0,0,
ifrs17-result-snapshot,直保,8,3,0,0,
ifrs17-result-snapshot,直保,8,4,-152112180.35277745,"(152,112,180.35)",
ifrs17-result-snapshot,直保,8,5,-152112180.35277745,"(152,112,180.35)",
ifrs17-result-snapshot,直保,8,7,"""保险服务费用""",保险服务费用,
ifrs17-result-snapshot,直保,8,9,0,0,
ifrs17-result-snapshot,直保,8,10,0,0,
ifrs17-result-snapshot,直保,8,11,0,0,
ifrs17-result-snapshot,直保,8,12,0,0,
ifrs17-result-snapshot,直保,9,0,"""非金融风险调整的变动""",非金融风险调整的变动,
ifrs17-result-snapshot,直保,9,1,"""[6]""",[6],
ifrs17-result-snapshot,直保,9,2,0,0,
ifrs17-result-snapshot,直保,9,3,-14635250.455711316,"(14,635,250.46)",
ifrs17-result-snapshot,直保,9,4,0,0,
ifrs17-result-snapshot,直保,9,5,-14635250.455711316,"(14,635,250.46)",
ifrs17-result-snapshot,直保,9,7,"""当期发生赔款及其他相关费用（保险获取现金流量除外）""",当期发生赔款及其他相关费用（保险获取现金流量除外）,
ifrs17-result-snapshot,直保,9,8,"""[5]""",[5],
ifrs17-result-snapshot,直保,9,9,0,0,
ifrs17-result-snapshot,直保,9,10,-24912959.342202,"(24,912,959.34)",
ifrs17-result-snapshot,直保,9,11,329747150.27167803,"329,747,150.27",
ifrs17-result-snapshot,直保,9,12,304834190.9294761,"304,834,190.93",
ifrs17-result-snapshot,直保,10,0,"""当期经验调整""",当期经验调整,
ifrs17-result-snapshot,直保,10,1,"""[7]""",[7],
ifrs17-result-snapshot,直保,10,2,32480946.307152104,"32,480,946.31",
ifrs17-result-snapshot,直保,10,3,0,0,
ifrs17-result-snapshot,直保,10,4,0,0,
ifrs17-result-snapshot,直保,10,5,32480946.307152104,"32,480,946.31",
ifrs17-result-snapshot,直保,10,7,"""保险获取现金流量的摊销""",保险获取现金流量的摊销,
ifrs17-result-snapshot,直保,10,8,"""[6]""",[6],
ifrs17-result-snapshot,直保,10,9,66014825.16735027,"66,014,825.17",
ifrs17-result-snapshot,直保,10,10,0,0,
ifrs17-result-snapshot,直保,10,11,0,0,
ifrs17-result-snapshot,直保,10,12,66014825.16735027,"66,014,825.17",
ifrs17-result-snapshot,直保,11,0,"""与未来服务相关的变动""",与未来服务相关的变动,
ifrs17-result-snapshot,直保,11,1,"""[8]=[9]+[10]+[11]+[12]""",[8]=[9]+[10]+[11]+[12],
ifrs17-result-snapshot,直保,11,2,-649406457.2620523,"(649,406,457.26)",
ifrs17-result-snapshot,直保,11,3,49483437.39283535,"49,483,437.39",
ifrs17-result-snapshot,直保,11,4,615649642.6003007,"615,649,642.6",
ifrs17-result-snapshot,直保,11,5,15726622.731083896,"15,726,622.73",
ifrs17-result-snapshot,直保,11,7,"""亏损部分的确认及转回""",亏损部分的确认及转回,
ifrs17-result-snapshot,直保,11,8,"""[7]""",[7],
ifrs17-result-snapshot,直保,11,9,0,0,
ifrs17-result-snapshot,直保,11,10,15756130.710098887,"15,756,130.71",
ifrs17-result-snapshot,直保,11,11,0,0,
ifrs17-result-snapshot,直保,11,12,15756130.710098887,"15,756,130.71",
ifrs17-result-snapshot,直保,12,0,"""当期初始确认的保险合同影响""",当期初始确认的保险合同影响,
ifrs17-result-snapshot,直保,12,1,"""[9]""",[9],
ifrs17-result-snapshot,直保,12,2,-437766780.51080465,"(437,766,780.51)",
ifrs17-result-snapshot,直保,12,3,16832471.027237587,"16,832,471.03",
ifrs17-result-snapshot,直保,12,4,442292593.7175295,"442,292,593.72",
ifrs17-result-snapshot,直保,12,5,21358284.233962506,"21,358,284.23",
ifrs17-result-snapshot,直保,12,7,"""已发生赔款负债相关履约现金流量变动""",已发生赔款负债相关履约现金流量变动,
ifrs17-result-snapshot,直保,12,8,"""[8]""",[8],
ifrs17-result-snapshot,直保,12,9,0,0,
ifrs17-result-snapshot,直保,12,10,0,0,
ifrs17-result-snapshot,直保,12,11,-41465842.82365894,"(41,465,842.82)",
ifrs17-result-snapshot,直保,12,12,-41465842.82365894,"(41,465,842.82)",
ifrs17-result-snapshot,直保,13,0,"""调整合同服务边际的估计变更""",调整合同服务边际的估计变更,
ifrs17-result-snapshot,直保,13,1,"""[10]""",[10],
ifrs17-result-snapshot,直保,13,2,-203401397.61513776,"(203,401,397.62)",
ifrs17-result-snapshot,直保,13,3,30044348.73236696,"30,044,348.73",
ifrs17-result-snapshot,直保,13,4,173357048.88277125,"173,357,048.88",
ifrs17-result-snapshot,直保,13,5,4.470348358154297e-7,0,
ifrs17-result-snapshot,直保,13,7,"""其他""",其他,
ifrs17-result-snapshot,直保,13,8,"""[9]""",[9],
ifrs17-result-snapshot,直保,13,9,1244.6188016000108,"1,244.62",
ifrs17-result-snapshot,直保,13,10,0,0,
ifrs17-result-snapshot,直保,13,11,0,0,
ifrs17-result-snapshot,直保,13,12,1244.6188016000108,"1,244.62",
ifrs17-result-snapshot,直保,14,0,"""不调整合同服务边际的估计变更""",不调整合同服务边际的估计变更,
ifrs17-result-snapshot,直保,14,1,"""[11]""",[11],
ifrs17-result-snapshot,直保,14,2,-8238279.136109918,"(8,238,279.14)",
ifrs17-result-snapshot,直保,14,3,2606617.6332308007,"2,606,617.63",
ifrs17-result-snapshot,直保,14,4,0,0,
ifrs17-result-snapshot,直保,14,5,-5631661.502879118,"(5,631,661.5)",
ifrs17-result-snapshot,直保,14,7,"""保险服务费用小计""",保险服务费用小计,
ifrs17-result-snapshot,直保,14,8,"""[10]=[5]～[9]之和""",[10]=[5]～[9]之和,
ifrs17-result-snapshot,直保,14,9,66016069.78615187,"66,016,069.79",
ifrs17-result-snapshot,直保,14,10,-9156828.632103113,"(9,156,828.63)",
ifrs17-result-snapshot,直保,14,11,288281307.44801915,"288,281,307.45",
ifrs17-result-snapshot,直保,14,12,345140548.6020678,"345,140,548.6",
ifrs17-result-snapshot,直保,15,0,"""其他""",其他,
ifrs17-result-snapshot,直保,15,1,"""[12]""",[12],
ifrs17-result-snapshot,直保,15,2,0,0,
ifrs17-result-snapshot,直保,15,3,0,0,
ifrs17-result-snapshot,直保,15,4,0,0,
ifrs17-result-snapshot,直保,15,5,0,0,
ifrs17-result-snapshot,直保,15,7,"""保险服务业绩""",保险服务业绩,
ifrs17-result-snapshot,直保,15,8,"""[11]=[4]+[10]""",[11]=[4]+[10],
ifrs17-result-snapshot,直保,15,9,-422806189.15622276,"(422,806,189.16)",
ifrs17-result-snapshot,直保,15,10,-9156828.632103113,"(9,156,828.63)",
ifrs17-result-snapshot,直保,15,11,288281307.44801915,"288,281,307.45",
ifrs17-result-snapshot,直保,15,12,-143681710.34030673,"(143,681,710.34)",
ifrs17-result-snapshot,直保,16,0,"""与过去服务相关的变动""",与过去服务相关的变动,
ifrs17-result-snapshot,直保,16,1,"""[13]=[14]+[15]""",[13]=[14]+[15],
ifrs17-result-snapshot,直保,16,2,-25603020.33889474,"(25,603,020.34)",
ifrs17-result-snapshot,直保,16,3,-640074.0703357159,"(640,074.07)",
ifrs17-result-snapshot,直保,16,4,0,0,
ifrs17-result-snapshot,直保,16,5,-26243094.409230456,"(26,243,094.41)",
ifrs17-result-snapshot,直保,16,7,"""保险合同金融变动额""",保险合同金融变动额,
ifrs17-result-snapshot,直保,16,8,"""[12]""",[12],
ifrs17-result-snapshot,直保,16,9,179440855.09844658,"179,440,855.1",
ifrs17-result-snapshot,直保,16,10,-312348.1046615873,"(312,348.1)",
ifrs17-result-snapshot,直保,16,11,0,0,
ifrs17-result-snapshot,直保,16,12,179128506.993785,"179,128,506.99",
ifrs17-result-snapshot,直保,17,0,"""已发生赔款负债相关履约现金流量变动""",已发生赔款负债相关履约现金流量变动,
ifrs17-result-snapshot,直保,17,1,"""[14]""",[14],
ifrs17-result-snapshot,直保,17,2,-25603020.33889474,"(25,603,020.34)",
ifrs17-result-snapshot,直保,17,3,-640074.0703357159,"(640,074.07)",
ifrs17-result-snapshot,直保,17,4,0,0,
ifrs17-result-snapshot,直保,17,5,-26243094.409230456,"(26,243,094.41)",
ifrs17-result-snapshot,直保,17,7,"""其他1""",其他1,
ifrs17-result-snapshot,直保,17,8,"""[13]""",[13],
ifrs17-result-snapshot,直保,17,9,0,0,
ifrs17-result-snapshot,直保,17,10,0,0,
ifrs17-result-snapshot,直保,17,11,0,0,
ifrs17-result-snapshot,直保,17,12,0,0,
ifrs17-result-snapshot,直保,18,0,"""其他""",其他,
ifrs17-result-snapshot,直保,18,1,"""[15]""",[15],
ifrs17-result-snapshot,直保,18,2,0,0,
ifrs17-result-snapshot,直保,18,3,0,0,
ifrs17-result-snapshot,直保,18,4,0,0,
ifrs17-result-snapshot,直保,18,5,0,0,
ifrs17-result-snapshot,直保,18,7,"""计入综合收益的变动合计""",计入综合收益的变动合计,
ifrs17-result-snapshot,直保,18,8,"""[14]=[11]+[12]+[13]""",[14]=[11]+[12]+[13],
ifrs17-result-snapshot,直保,18,9,-243365334.05777612,"(243,365,334.06)",
ifrs17-result-snapshot,直保,18,10,-9469176.736764701,"(9,469,176.74)",
ifrs17-result-snapshot,直保,18,11,288281307.44801915,"288,281,307.45",
ifrs17-result-snapshot,直保,18,12,35446796.65347831,"35,446,796.65",
ifrs17-result-snapshot,直保,19,0,"""保险服务业绩""",保险服务业绩,
ifrs17-result-snapshot,直保,19,1,"""[16]=[4]+[8]+[13]""",[16]=[4]+[8]+[13],
ifrs17-result-snapshot,直保,19,2,-642528531.2937949,"(642,528,531.29)",
ifrs17-result-snapshot,直保,19,3,34208112.86678831,"34,208,112.87",
ifrs17-result-snapshot,直保,19,4,463537462.2475233,"463,537,462.25",
ifrs17-result-snapshot,直保,19,5,-144782956.17948323,"(144,782,956.18)",
ifrs17-result-snapshot,直保,19,7,"""投资成分（及保费返还 ）2""",投资成分（及保费返还 ）2,
ifrs17-result-snapshot,直保,19,8,"""[15]""",[15],
ifrs17-result-snapshot,直保,19,9,-773834772.2087618,"(773,834,772.21)",
ifrs17-result-snapshot,直保,19,10,0,0,
ifrs17-result-snapshot,直保,19,11,773834772.2087618,"773,834,772.21",
ifrs17-result-snapshot,直保,19,12,0,0,
ifrs17-result-snapshot,直保,20,0,"""保险合同金融变动额""",保险合同金融变动额,
ifrs17-result-snapshot,直保,20,1,"""[17]""",[17],
ifrs17-result-snapshot,直保,20,2,128214852.44399595,"128,214,852.44",
ifrs17-result-snapshot,直保,20,3,0,0,
ifrs17-result-snapshot,直保,20,4,50916404.44178897,"50,916,404.44",
ifrs17-result-snapshot,直保,20,5,179131256.88578492,"179,131,256.89",
ifrs17-result-snapshot,直保,20,6,0.009110536680550129,0.009111,
ifrs17-result-snapshot,直保,20,7,"""现金流量""",现金流量,
ifrs17-result-snapshot,直保,20,9,0,0,
ifrs17-result-snapshot,直保,20,10,0,0,
ifrs17-result-snapshot,直保,20,11,0,0,
ifrs17-result-snapshot,直保,20,12,0,0,
ifrs17-result-snapshot,直保,21,0,"""其他1""",其他1,
ifrs17-result-snapshot,直保,21,1,"""[18]""",[18],
ifrs17-result-snapshot,直保,21,2,0,0,
ifrs17-result-snapshot,直保,21,3,0,0,
ifrs17-result-snapshot,直保,21,4,0,0,
ifrs17-result-snapshot,直保,21,5,0,0,
ifrs17-result-snapshot,直保,21,7,"""收到的保费""",收到的保费,
ifrs17-result-snapshot,直保,21,8,"""[16]""",[16],
ifrs17-result-snapshot,直保,21,9,4792120664.531952,"4,792,120,664.53",
ifrs17-result-snapshot,直保,21,10,0,0,
ifrs17-result-snapshot,直保,21,11,0,0,
ifrs17-result-snapshot,直保,21,12,4792120664.531952,"4,792,120,664.53",
ifrs17-result-snapshot,直保,22,0,"""计入综合收益的变动合计""",计入综合收益的变动合计,
ifrs17-result-snapshot,直保,22,1,"""[19]=[16]+[17]+[18]""",[19]=[16]+[17]+[18],
ifrs17-result-snapshot,直保,22,2,-514313678.84979886,"(514,313,678.85)",
ifrs17-result-snapshot,直保,22,3,34208112.86678831,"34,208,112.87",
ifrs17-result-snapshot,直保,22,4,514453866.68931234,"514,453,866.69",
ifrs17-result-snapshot,直保,22,5,34348300.70630168,"34,348,300.71",
ifrs17-result-snapshot,直保,22,7,"""支付的保险获取现金流量""",支付的保险获取现金流量,
ifrs17-result-snapshot,直保,22,8,"""[17]""",[17],
ifrs17-result-snapshot,直保,22,9,-395464181.67600006,"(395,464,181.68)",
ifrs17-result-snapshot,直保,22,10,0,0,
ifrs17-result-snapshot,直保,22,11,0,0,
ifrs17-result-snapshot,直保,22,12,-395464181.67600006,"(395,464,181.68)",
ifrs17-result-snapshot,直保,22,13,-35057804.62651558,"(35,057,804.63)",
ifrs17-result-snapshot,直保,23,0,"""现金流量""",现金流量,
ifrs17-result-snapshot,直保,23,2,0,0,
ifrs17-result-snapshot,直保,23,3,0,0,
ifrs17-result-snapshot,直保,23,4,0,0,
ifrs17-result-snapshot,直保,23,5,0,0,
ifrs17-result-snapshot,直保,23,7,"""支付的赔款及其他相关费用（含投资成分）""",支付的赔款及其他相关费用（含投资成分）,
ifrs17-result-snapshot,直保,23,8,"""[18]""",[18],
ifrs17-result-snapshot,直保,23,9,0,0,
ifrs17-result-snapshot,直保,23,10,0,0,
ifrs17-result-snapshot,直保,23,11,-1057382102.4999698,"(1,057,382,102.5)",
ifrs17-result-snapshot,直保,23,12,-1057382102.4999698,"(1,057,382,102.5)",
ifrs17-result-snapshot,直保,23,13,-225443170.47823304,"(225,443,170.48)",
ifrs17-result-snapshot,直保,24,0,"""收到的保费""",收到的保费,
ifrs17-result-snapshot,直保,24,1,"""[20]""",[20],
ifrs17-result-snapshot,直保,24,2,4706538726.344358,"4,706,538,726.34",
ifrs17-result-snapshot,直保,24,3,0,0,
ifrs17-result-snapshot,直保,24,4,0,0,
ifrs17-result-snapshot,直保,24,5,4706538726.344358,"4,706,538,726.34",
ifrs17-result-snapshot,直保,24,7,"""其他""",其他,
ifrs17-result-snapshot,直保,24,8,"""[19]""",[19],
ifrs17-result-snapshot,直保,24,9,0,0,
ifrs17-result-snapshot,直保,24,10,0,0,
ifrs17-result-snapshot,直保,24,11,0,0,
ifrs17-result-snapshot,直保,24,12,0,0,
ifrs17-result-snapshot,直保,25,0,"""支付的保险获取现金流量""",支付的保险获取现金流量,
ifrs17-result-snapshot,直保,25,1,"""[21]""",[21],
ifrs17-result-snapshot,直保,25,2,-372288616.52800006,"(372,288,616.53)",
ifrs17-result-snapshot,直保,25,3,0,0,
ifrs17-result-snapshot,直保,25,4,0,0,
ifrs17-result-snapshot,直保,25,5,-372288616.52800006,"(372,288,616.53)",
ifrs17-result-snapshot,直保,25,7,"""现金流量合计""",现金流量合计,
ifrs17-result-snapshot,直保,25,8,"""[20]=[16]～[19]之和""",[20]=[16]～[19]之和,
ifrs17-result-snapshot,直保,25,9,4396656482.855951,"4,396,656,482.86",
ifrs17-result-snapshot,直保,25,10,0,0,
ifrs17-result-snapshot,直保,25,11,-1057382102.4999698,"(1,057,382,102.5)",
ifrs17-result-snapshot,直保,25,12,3339274380.355982,"3,339,274,380.36",
ifrs17-result-snapshot,直保,26,0,"""支付的赔款及其他相关费用（含相关投资成分）""",支付的赔款及其他相关费用（含相关投资成分）,
ifrs17-result-snapshot,直保,26,1,"""[22]""",[22],
ifrs17-result-snapshot,直保,26,2,-970850048.9052013,"(970,850,048.91)",
ifrs17-result-snapshot,直保,26,3,0,0,
ifrs17-result-snapshot,直保,26,4,0,0,
ifrs17-result-snapshot,直保,26,5,-970850048.9052013,"(970,850,048.91)",
ifrs17-result-snapshot,直保,26,7,"""其他变动""",其他变动,
ifrs17-result-snapshot,直保,26,8,"""[21]""",[21],
ifrs17-result-snapshot,直保,26,9,0,0,
ifrs17-result-snapshot,直保,26,10,0,0,
ifrs17-result-snapshot,直保,26,11,0,0,
ifrs17-result-snapshot,直保,26,12,0,0,
ifrs17-result-snapshot,直保,27,0,"""其他""",其他,
ifrs17-result-snapshot,直保,27,1,"""[23]""",[23],
ifrs17-result-snapshot,直保,27,2,0,0,
ifrs17-result-snapshot,直保,27,3,0,0,
ifrs17-result-snapshot,直保,27,4,0,0,
ifrs17-result-snapshot,直保,27,5,0,0,
ifrs17-result-snapshot,直保,27,7,"""于期末/年末的保险合同净负债/资产余额""",于期末/年末的保险合同净负债/资产余额,
ifrs17-result-snapshot,直保,27,8,"""[22]=[3]+[14]+[15]+[20]+[21]""",[22]=[3]+[14]+[15]+[20]+[21],
ifrs17-result-snapshot,直保,27,9,15635456477.011486,"15,635,456,477.01",
ifrs17-result-snapshot,直保,27,10,74872471.14970765,"74,872,471.15",
ifrs17-result-snapshot,直保,27,11,90655394.171274,"90,655,394.17",
ifrs17-result-snapshot,直保,27,12,15800984342.332468,"15,800,984,342.33",
ifrs17-result-snapshot,直保,28,0,"""现金流量合计""",现金流量合计,
ifrs17-result-snapshot,直保,28,1,"""[24]=[20]+[21]+[22]+[23]""",[24]=[20]+[21]+[22]+[23],
ifrs17-result-snapshot,直保,28,2,3363400060.9111576,"3,363,400,060.91",
ifrs17-result-snapshot,直保,28,3,0,0,
ifrs17-result-snapshot,直保,28,4,0,0,
ifrs17-result-snapshot,直保,28,5,3363400060.9111576,"3,363,400,060.91",
ifrs17-result-snapshot,直保,28,7,"""于期末/年末的保险合同资产""",于期末/年末的保险合同资产,
ifrs17-result-snapshot,直保,28,8,"""[23]""",[23],
ifrs17-result-snapshot,直保,28,9,0,0,
ifrs17-result-snapshot,直保,28,10,0,0,
ifrs17-result-snapshot,直保,28,11,0,0,
ifrs17-result-snapshot,直保,28,12,0,0,
ifrs17-result-snapshot,直保,29,0,"""其他变动""",其他变动,
ifrs17-result-snapshot,直保,29,1,"""[25]""",[25],
ifrs17-result-snapshot,直保,29,2,0,0,
ifrs17-result-snapshot,直保,29,3,0,0,
ifrs17-result-snapshot,直保,29,4,0,0,
ifrs17-result-snapshot,直保,29,5,0,0,
ifrs17-result-snapshot,直保,29,7,"""于期末/年末的保险合同负债""",于期末/年末的保险合同负债,
ifrs17-result-snapshot,直保,29,8,"""[24]=[22]-[23]""",[24]=[22]-[23],
ifrs17-result-snapshot,直保,29,9,15635456477.011486,"15,635,456,477.01",
ifrs17-result-snapshot,直保,29,10,74872471.14970765,"74,872,471.15",
ifrs17-result-snapshot,直保,29,11,90655394.171274,"90,655,394.17",
ifrs17-result-snapshot,直保,29,12,15800984342.332468,"15,800,984,342.33",
ifrs17-result-snapshot,直保,30,0,"""于期末/年末的保险合同净负债/资产余额""",于期末/年末的保险合同净负债/资产余额,
ifrs17-result-snapshot,直保,30,1,"""[26]=[3]+[19]+[24]+[25]""",[26]=[3]+[19]+[24]+[25],
ifrs17-result-snapshot,直保,30,2,13190212511.39886,"13,190,212,511.4",
ifrs17-result-snapshot,直保,30,3,223163491.2959543,"223,163,491.3",
ifrs17-result-snapshot,直保,30,4,2307656556.159731,"2,307,656,556.16",
ifrs17-result-snapshot,直保,30,5,15721032558.854548,"15,721,032,558.85",
ifrs17-result-snapshot,直保,30,7,"""1例如，外币报表折算差额。""",1例如，外币报表折算差额。,
ifrs17-result-snapshot,直保,31,0,"""于期末/年末的保险合同资产""",于期末/年末的保险合同资产,
ifrs17-result-snapshot,直保,31,1,"""[27]""",[27],
ifrs17-result-snapshot,直保,31,2,0,0,
ifrs17-result-snapshot,直保,31,3,0,0,
ifrs17-result-snapshot,直保,31,4,0,0,
ifrs17-result-snapshot,直保,31,5,0,0,
ifrs17-result-snapshot,直保,31,7,"""2该保费返还可以作为“收到的保费”的减项。""",2该保费返还可以作为“收到的保费”的减项。,
ifrs17-result-snapshot,直保,31,8,"""check""",check,
ifrs17-result-snapshot,直保,31,9,15635456477.011087,"15,635,456,477.01",
ifrs17-result-snapshot,直保,31,10,74872471.14970766,"74,872,471.15",
ifrs17-result-snapshot,直保,31,11,90655394.17127399,"90,655,394.17",
ifrs17-result-snapshot,直保,31,12,15800984342.332067,"15,800,984,342.33",
ifrs17-result-snapshot,直保,32,0,"""于期末/年末的保险合同负债""",于期末/年末的保险合同负债,
ifrs17-result-snapshot,直保,32,1,"""[28]=[26]-[27]""",[28]=[26]-[27],
ifrs17-result-snapshot,直保,32,2,13190212511.39886,"13,190,212,511.4",
ifrs17-result-snapshot,直保,32,3,223163491.2959543,"223,163,491.3",
ifrs17-result-snapshot,直保,32,4,2307656556.159731,"2,307,656,556.16",
ifrs17-result-snapshot,直保,32,5,15721032558.854548,"15,721,032,558.85",
ifrs17-result-snapshot,直保,32,8,"""DIFF""",DIFF,
ifrs17-result-snapshot,直保,32,9,-0.0003997802734375,(0),
ifrs17-result-snapshot,直保,32,10,0,0,
ifrs17-result-snapshot,直保,32,11,0,0,
ifrs17-result-snapshot,直保,32,12,-0.0003997802734375,(0),
ifrs17-result-snapshot,直保,34,1,"""check""",check,
ifrs17-result-snapshot,直保,34,2,13190212511.396008,"13,190,212,511.4",
ifrs17-result-snapshot,直保,34,3,223163491.29595423,"223,163,491.3",
ifrs17-result-snapshot,直保,34,4,2307656556.1635714,"2,307,656,556.16",
ifrs17-result-snapshot,直保,34,5,15721032558.855536,"15,721,032,558.86",
ifrs17-result-snapshot,直保,34,8,"""COMPCHK""",COMPCHK,
ifrs17-result-snapshot,直保,34,9,15632561974.815659,"15,632,561,974.82",
ifrs17-result-snapshot,直保,34,12,15798089840.136639,"15,798,089,840.14",
ifrs17-result-snapshot,直保,35,1,"""DIFF""",DIFF,
ifrs17-result-snapshot,直保,35,2,-0.0028533935546875,(0),
ifrs17-result-snapshot,直保,35,3,0,0,
ifrs17-result-snapshot,直保,35,4,0.0038402557373046877,0,
ifrs17-result-snapshot,直保,35,5,0.00098876953125,0,
ifrs17-result-snapshot,直保,37,2,13187318009.20058,"13,187,318,009.2",
ifrs17-result-snapshot,直保,37,9,3379456376.589813,"3,379,456,376.59",
ifrs17-result-snapshot,直保,37,10,-9469176.736764729,"(9,469,176.74)",
ifrs17-result-snapshot,直保,38,2,13187318009.203434,"13,187,318,009.2",
ifrs17-result-snapshot,直保长险,0,0,"""保险合同负债余额调节表1（M1表）——按组成要素""",保险合同负债余额调节表1（M1表）——按组成要素,
ifrs17-result-snapshot,直保长险,0,3,0,0,
ifrs17-result-snapshot,直保长险,0,7,"""保险合同负债余额调节表2（M2表）——按负债类别""",保险合同负债余额调节表2（M2表）——按负债类别,
ifrs17-result-snapshot,直保长险,1,0,"""项目""",项目,
ifrs17-result-snapshot,直保长险,1,1,"""编号""",编号,
ifrs17-result-snapshot,直保长险,1,2,"""未来现金流量现值""",未来现金流量现值,
ifrs17-result-snapshot,直保长险,1,3,"""非金融风险调整""",非金融风险调整,
ifrs17-result-snapshot,直保长险,1,4,"""合同服务边际""",合同服务边际,
ifrs17-result-snapshot,直保长险,1,5,"""合计""",合计,
ifrs17-result-snapshot,直保长险,1,7,"""项目""",项目,
ifrs17-result-snapshot,直保长险,1,8,"""编号""",编号,
ifrs17-result-snapshot,直保长险,1,9,"""未到期责任负债""",未到期责任负债,
ifrs17-result-snapshot,直保长险,1,11,"""已发生赔款负债""",已发生赔款负债,
ifrs17-result-snapshot,直保长险,1,12,"""合计""",合计,
ifrs17-result-snapshot,直保长险,2,9,"""非亏损部分""",非亏损部分,
ifrs17-result-snapshot,直保长险,2,10,"""亏损部分""",亏损部分,
ifrs17-result-snapshot,直保长险,3,0,"""于期初/年初的保险合同负债""",于期初/年初的保险合同负债,
ifrs17-result-snapshot,直保长险,3,1,"""[1]""",[1],
ifrs17-result-snapshot,直保长险,3,2,10341126129.33465,"10,341,126,129.33",
ifrs17-result-snapshot,直保长险,3,3,188955378.4291659,"188,955,378.43",
ifrs17-result-snapshot,直保长险,3,4,1793202689.474259,"1,793,202,689.47",
ifrs17-result-snapshot,直保长险,3,5,12323284197.238077,"12,323,284,197.24",
ifrs17-result-snapshot,直保长险,3,7,"""于期初/年初的保险合同负债""",于期初/年初的保险合同负债,
ifrs17-result-snapshot,直保长险,3,8,"""[1]""",[1],
ifrs17-result-snapshot,直保长险,3,9,12206712435.649137,"12,206,712,435.65",
ifrs17-result-snapshot,直保长险,3,10,82107148.00647238,"82,107,148.01",
ifrs17-result-snapshot,直保长险,3,11,34464613.582462914,"34,464,613.58",
ifrs17-result-snapshot,直保长险,3,12,12323284197.238075,"12,323,284,197.24",
ifrs17-result-snapshot,直保长险,4,0,"""于期初/年初的保险合同资产""",于期初/年初的保险合同资产,
ifrs17-result-snapshot,直保长险,4,1,"""[2]""",[2],
ifrs17-result-snapshot,直保长险,4,2,0,0,
ifrs17-result-snapshot,直保长险,4,3,0,0,
ifrs17-result-snapshot,直保长险,4,4,0,0,
ifrs17-result-snapshot,直保长险,4,5,0,0,
ifrs17-result-snapshot,直保长险,4,7,"""于期初/年初的保险合同资产""",于期初/年初的保险合同资产,
ifrs17-result-snapshot,直保长险,4,8,"""[2]""",[2],
ifrs17-result-snapshot,直保长险,4,9,0,0,
ifrs17-result-snapshot,直保长险,4,10,0,0,
ifrs17-result-snapshot,直保长险,4,11,0,0,
ifrs17-result-snapshot,直保长险,4,12,0,0,
ifrs17-result-snapshot,直保长险,5,0,"""于期初/年初的保险合同净负债/资产余额""",于期初/年初的保险合同净负债/资产余额,
ifrs17-result-snapshot,直保长险,5,1,"""[3]=[1]+[2]""",[3]=[1]+[2],
ifrs17-result-snapshot,直保长险,5,2,10341126129.33465,"10,341,126,129.33",
ifrs17-result-snapshot,直保长险,5,3,188955378.4291659,"188,955,378.43",
ifrs17-result-snapshot,直保长险,5,4,1793202689.474259,"1,793,202,689.47",
ifrs17-result-snapshot,直保长险,5,5,12323284197.238077,"12,323,284,197.24",
ifrs17-result-snapshot,直保长险,5,6,0,0,
ifrs17-result-snapshot,直保长险,5,7,"""于期初/年初的保险合同净负债/资产余额""",于期初/年初的保险合同净负债/资产余额,
ifrs17-result-snapshot,直保长险,5,8,"""[3]=[1]+[2]""",[3]=[1]+[2],
ifrs17-result-snapshot,直保长险,5,9,12206712435.649137,"12,206,712,435.65",
ifrs17-result-snapshot,直保长险,5,10,82107148.00647238,"82,107,148.01",
ifrs17-result-snapshot,直保长险,5,11,34464613.582462914,"34,464,613.58",
ifrs17-result-snapshot,直保长险,5,12,12323284197.238075,"12,323,284,197.24",
ifrs17-result-snapshot,直保长险,5,13,0,0,
ifrs17-result-snapshot,直保长险,6,0,"""计入综合收益的变动""",计入综合收益的变动,
ifrs17-result-snapshot,直保长险,6,2,0,0,
ifrs17-result-snapshot,直保长险,6,3,0,0,
ifrs17-result-snapshot,直保长险,6,4,0,0,
ifrs17-result-snapshot,直保长险,6,5,0,0,
ifrs17-result-snapshot,直保长险,6,6,0,0,
ifrs17-result-snapshot,直保长险,6,7,"""计入综合收益的变动""",计入综合收益的变动,
ifrs17-result-snapshot,直保长险,6,9,0,0,
ifrs17-result-snapshot,直保长险,6,10,0,0,
ifrs17-result-snapshot,直保长险,6,11,0,0,
ifrs17-result-snapshot,直保长险,6,12,0,0,
ifrs17-result-snapshot,直保长险,6,13,0,0,
ifrs17-result-snapshot,直保长险,6,14,"""倒算法REVENUE""",倒算法REVENUE,
ifrs17-result-snapshot,直保长险,6,15,"""check diff""",check diff,
ifrs17-result-snapshot,直保长险,7,0,"""与当期服务相关的变动""",与当期服务相关的变动,
ifrs17-result-snapshot,直保长险,7,1,"""[4]=[5]+[6]+[7]""",[4]=[5]+[6]+[7],
ifrs17-result-snapshot,直保长险,7,2,32480946.307152104,"32,480,946.31",
ifrs17-result-snapshot,直保长险,7,3,-14635250.455711316,"(14,635,250.46)",
ifrs17-result-snapshot,直保长险,7,4,-152112180.35277745,"(152,112,180.35)",
ifrs17-result-snapshot,直保长险,7,5,-134266484.5013367,"(134,266,484.5)",
ifrs17-result-snapshot,直保长险,7,6,0,0,
ifrs17-result-snapshot,直保长险,7,7,"""保险服务收入""",保险服务收入,
ifrs17-result-snapshot,直保长险,7,8,"""[4]""",[4],
ifrs17-result-snapshot,直保长险,7,9,-386134218.4347823,"(386,134,218.43)",
ifrs17-result-snapshot,直保长险,7,10,0,0,
ifrs17-result-snapshot,直保长险,7,11,0,0,
ifrs17-result-snapshot,直保长险,7,12,-386134218.4347823,"(386,134,218.43)",
ifrs17-result-snapshot,直保长险,7,13,0,0,
ifrs17-result-snapshot,直保长险,7,14,-746790592.3160007,"(746,790,592.32)",
ifrs17-result-snapshot,直保长险,7,15,0.0035958290100097656,0.00,
ifrs17-result-snapshot,直保长险,8,0,"""合同服务边际的摊销""",合同服务边际的摊销,
ifrs17-result-snapshot,直保长险,8,1,"""[5]""",[5],
ifrs17-result-snapshot,直保长险,8,2,0,0,
ifrs17-result-snapshot,直保长险,8,3,0,0,
ifrs17-result-snapshot,直保长险,8,4,-152112180.35277745,"(152,112,180.35)",
ifrs17-result-snapshot,直保长险,8,5,-152112180.35277745,"(152,112,180.35)",
ifrs17-result-snapshot,直保长险,8,6,0,0,
ifrs17-result-snapshot,直保长险,8,7,"""保险服务费用""",保险服务费用,
ifrs17-result-snapshot,直保长险,8,9,0,0,
ifrs17-result-snapshot,直保长险,8,10,0,0,
ifrs17-result-snapshot,直保长险,8,11,0,0,
ifrs17-result-snapshot,直保长险,8,12,0,0,
ifrs17-result-snapshot,直保长险,8,13,0,0,
ifrs17-result-snapshot,直保长险,9,0,"""非金融风险调整的变动""",非金融风险调整的变动,
ifrs17-result-snapshot,直保长险,9,1,"""[6]""",[6],
ifrs17-result-snapshot,直保长险,9,2,0,0,
ifrs17-result-snapshot,直保长险,9,3,-14635250.455711316,"(14,635,250.46)",
ifrs17-result-snapshot,直保长险,9,4,0,0,
ifrs17-result-snapshot,直保长险,9,5,-14635250.455711316,"(14,635,250.46)",
ifrs17-result-snapshot,直保长险,9,6,0,0,
ifrs17-result-snapshot,直保长险,9,7,"""当期发生赔款及其他相关费用（保险获取现金流量除外）""",当期发生赔款及其他相关费用（保险获取现金流量除外）,
ifrs17-result-snapshot,直保长险,9,8,"""[5]""",[5],
ifrs17-result-snapshot,直保长险,9,9,0,0,
ifrs17-result-snapshot,直保长险,9,10,-22678459.462202,"(22,678,459.46)",
ifrs17-result-snapshot,直保长险,9,11,231705688.75749573,"231,705,688.76",
ifrs17-result-snapshot,直保长险,9,12,209027229.2952938,"209,027,229.3",
ifrs17-result-snapshot,直保长险,9,13,0,0,
ifrs17-result-snapshot,直保长险,10,0,"""当期经验调整""",当期经验调整,
ifrs17-result-snapshot,直保长险,10,1,"""[7]""",[7],
ifrs17-result-snapshot,直保长险,10,2,32480946.307152104,"32,480,946.31",
ifrs17-result-snapshot,直保长险,10,3,0,0,
ifrs17-result-snapshot,直保长险,10,4,0,0,
ifrs17-result-snapshot,直保长险,10,5,32480946.307152104,"32,480,946.31",
ifrs17-result-snapshot,直保长险,10,6,0,0,
ifrs17-result-snapshot,直保长险,10,7,"""保险获取现金流量的摊销""",保险获取现金流量的摊销,
ifrs17-result-snapshot,直保长险,10,8,"""[6]""",[6],
ifrs17-result-snapshot,直保长险,10,9,42839260.019350275,"42,839,260.02",
ifrs17-result-snapshot,直保长险,10,10,0,0,
ifrs17-result-snapshot,直保长险,10,11,0,0,
ifrs17-result-snapshot,直保长险,10,12,42839260.019350275,"42,839,260.02",
ifrs17-result-snapshot,直保长险,10,13,0,0,
ifrs17-result-snapshot,直保长险,11,0,"""与未来服务相关的变动""",与未来服务相关的变动,
ifrs17-result-snapshot,直保长险,11,1,"""[8]=[9]+[10]+[11]+[12]""",[8]=[9]+[10]+[11]+[12],
ifrs17-result-snapshot,直保长险,11,2,-649406457.2620523,"(649,406,457.26)",
ifrs17-result-snapshot,直保长险,11,3,49483437.39283535,"49,483,437.39",
ifrs17-result-snapshot,直保长险,11,4,615649642.6003007,"615,649,642.6",
ifrs17-result-snapshot,直保长险,11,5,15726622.731083896,"15,726,622.73",
ifrs17-result-snapshot,直保长险,11,6,0,0,
ifrs17-result-snapshot,直保长险,11,7,"""亏损部分的确认及转回""",亏损部分的确认及转回,
ifrs17-result-snapshot,直保长险,11,8,"""[7]""",[7],
ifrs17-result-snapshot,直保长险,11,9,0,0,
ifrs17-result-snapshot,直保长险,11,10,15726622.730098885,"15,726,622.73",
ifrs17-result-snapshot,直保长险,11,11,0,0,
ifrs17-result-snapshot,直保长险,11,12,15726622.730098885,"15,726,622.73",
ifrs17-result-snapshot,直保长险,11,13,0,0,
ifrs17-result-snapshot,直保长险,12,0,"""当期初始确认的保险合同影响""",当期初始确认的保险合同影响,
ifrs17-result-snapshot,直保长险,12,1,"""[9]""",[9],
ifrs17-result-snapshot,直保长险,12,2,-437766780.51080465,"(437,766,780.51)",
ifrs17-result-snapshot,直保长险,12,3,16832471.027237587,"16,832,471.03",
ifrs17-result-snapshot,直保长险,12,4,442292593.7175295,"442,292,593.72",
ifrs17-result-snapshot,直保长险,12,5,21358284.233962506,"21,358,284.23",
ifrs17-result-snapshot,直保长险,12,6,0,0,
ifrs17-result-snapshot,直保长险,12,7,"""已发生赔款负债相关履约现金流量变动""",已发生赔款负债相关履约现金流量变动,
ifrs17-result-snapshot,直保长险,12,8,"""[8]""",[8],
ifrs17-result-snapshot,直保长险,12,9,0,0,
ifrs17-result-snapshot,直保长险,12,10,0,0,
ifrs17-result-snapshot,直保长险,12,11,-26243094.409230463,"(26,243,094.41)",
ifrs17-result-snapshot,直保长险,12,12,-26243094.409230463,"(26,243,094.41)",
ifrs17-result-snapshot,直保长险,12,13,0,0,
ifrs17-result-snapshot,直保长险,13,0,"""调整合同服务边际的估计变更""",调整合同服务边际的估计变更,
ifrs17-result-snapshot,直保长险,13,1,"""[10]""",[10],
ifrs17-result-snapshot,直保长险,13,2,-203401397.61513776,"(203,401,397.62)",
ifrs17-result-snapshot,直保长险,13,3,30044348.73236696,"30,044,348.73",
ifrs17-result-snapshot,直保长险,13,4,173357048.88277125,"173,357,048.88",
ifrs17-result-snapshot,直保长险,13,5,4.470348358154297e-7,0,
ifrs17-result-snapshot,直保长险,13,6,0,0,
ifrs17-result-snapshot,直保长险,13,7,"""其他""",其他,
ifrs17-result-snapshot,直保长险,13,8,"""[9]""",[9],
ifrs17-result-snapshot,直保长险,13,9,1244.6188016000108,"1,244.62",
ifrs17-result-snapshot,直保长险,13,10,0,0,
ifrs17-result-snapshot,直保长险,13,11,0,0,
ifrs17-result-snapshot,直保长险,13,12,1244.6188016000108,"1,244.62",
ifrs17-result-snapshot,直保长险,13,13,0,0,
ifrs17-result-snapshot,直保长险,14,0,"""不调整合同服务边际的估计变更""",不调整合同服务边际的估计变更,
ifrs17-result-snapshot,直保长险,14,1,"""[11]""",[11],
ifrs17-result-snapshot,直保长险,14,2,-8238279.136109918,"(8,238,279.14)",
ifrs17-result-snapshot,直保长险,14,3,2606617.6332308007,"2,606,617.63",
ifrs17-result-snapshot,直保长险,14,4,0,0,
ifrs17-result-snapshot,直保长险,14,5,-5631661.502879118,"(5,631,661.5)",
ifrs17-result-snapshot,直保长险,14,6,0,0,
ifrs17-result-snapshot,直保长险,14,7,"""保险服务费用小计""",保险服务费用小计,
ifrs17-result-snapshot,直保长险,14,8,"""[10]=[5]～[9]之和""",[10]=[5]～[9]之和,
ifrs17-result-snapshot,直保长险,14,9,42840504.63815187,"42,840,504.64",
ifrs17-result-snapshot,直保长险,14,10,-6951836.732103114,"(6,951,836.73)",
ifrs17-result-snapshot,直保长险,14,11,205462594.34826535,"205,462,594.35",
ifrs17-result-snapshot,直保长险,14,12,241351262.2543141,"241,351,262.25",
ifrs17-result-snapshot,直保长险,14,13,0,0,
ifrs17-result-snapshot,直保长险,15,0,"""其他""",其他,
ifrs17-result-snapshot,直保长险,15,1,"""[12]""",[12],
ifrs17-result-snapshot,直保长险,15,2,0,0,
ifrs17-result-snapshot,直保长险,15,3,0,0,
ifrs17-result-snapshot,直保长险,15,4,0,0,
ifrs17-result-snapshot,直保长险,15,5,0,0,
ifrs17-result-snapshot,直保长险,15,6,0,0,
ifrs17-result-snapshot,直保长险,15,7,"""保险服务业绩""",保险服务业绩,
ifrs17-result-snapshot,直保长险,15,8,"""[11]=[4]+[10]""",[11]=[4]+[10],
ifrs17-result-snapshot,直保长险,15,9,-343293713.79663044,"(343,293,713.8)",
ifrs17-result-snapshot,直保长险,15,10,-6951836.732103114,"(6,951,836.73)",
ifrs17-result-snapshot,直保长险,15,11,205462594.34826535,"205,462,594.35",
ifrs17-result-snapshot,直保长险,15,12,-144782956.18046817,"(144,782,956.18)",
ifrs17-result-snapshot,直保长险,15,13,0,0,
ifrs17-result-snapshot,直保长险,15,15,"""NONLC""",NONLC,
ifrs17-result-snapshot,直保长险,15,16,"""LC""",LC,
ifrs17-result-snapshot,直保长险,15,17,"""LIC""",LIC,
ifrs17-result-snapshot,直保长险,15,18,"""TOT""",TOT,
ifrs17-result-snapshot,直保长险,16,0,"""与过去服务相关的变动""",与过去服务相关的变动,
ifrs17-result-snapshot,直保长险,16,1,"""[13]=[14]+[15]""",[13]=[14]+[15],
ifrs17-result-snapshot,直保长险,16,2,-25603020.33889474,"(25,603,020.34)",
ifrs17-result-snapshot,直保长险,16,3,-640074.0703357159,"(640,074.07)",
ifrs17-result-snapshot,直保长险,16,4,0,0,
ifrs17-result-snapshot,直保长险,16,5,-26243094.409230456,"(26,243,094.41)",
ifrs17-result-snapshot,直保长险,16,6,0,0,
ifrs17-result-snapshot,直保长险,16,7,"""保险合同金融变动额""",保险合同金融变动额,
ifrs17-result-snapshot,直保长险,16,8,"""[12]""",[12],
ifrs17-result-snapshot,直保长险,16,9,179443604.9904466,"179,443,604.99",
ifrs17-result-snapshot,直保长险,16,10,-312348.1046615873,"(312,348.1)",
ifrs17-result-snapshot,直保长险,16,11,0,0,
ifrs17-result-snapshot,直保长险,16,12,179131256.885785,"179,131,256.89",
ifrs17-result-snapshot,直保长险,16,13,0,0,
ifrs17-result-snapshot,直保长险,16,14,"""IFIEPL""",IFIEPL,
ifrs17-result-snapshot,直保长险,16,15,298940393.8689507,"298,940,393.87",
ifrs17-result-snapshot,直保长险,16,16,160574.87057282907,"160,574.87",
ifrs17-result-snapshot,直保长险,16,17,-9845898.008000003,"(9,845,898.01)",
ifrs17-result-snapshot,直保长险,16,18,289255070.7315236,"289,255,070.73",
ifrs17-result-snapshot,直保长险,17,0,"""已发生赔款负债相关履约现金流量变动""",已发生赔款负债相关履约现金流量变动,
ifrs17-result-snapshot,直保长险,17,1,"""[14]""",[14],
ifrs17-result-snapshot,直保长险,17,2,-25603020.33889474,"(25,603,020.34)",
ifrs17-result-snapshot,直保长险,17,3,-640074.0703357159,"(640,074.07)",
ifrs17-result-snapshot,直保长险,17,4,0,0,
ifrs17-result-snapshot,直保长险,17,5,-26243094.409230456,"(26,243,094.41)",
ifrs17-result-snapshot,直保长险,17,6,0,0,
ifrs17-result-snapshot,直保长险,17,7,"""其他1""",其他1,
ifrs17-result-snapshot,直保长险,17,8,"""[13]""",[13],
ifrs17-result-snapshot,直保长险,17,9,0,0,
ifrs17-result-snapshot,直保长险,17,10,0,0,
ifrs17-result-snapshot,直保长险,17,11,0,0,
ifrs17-result-snapshot,直保长险,17,12,0,0,
ifrs17-result-snapshot,直保长险,17,13,0,0,
ifrs17-result-snapshot,直保长险,17,14,"""IFIEPLOCI""",IFIEPLOCI,
ifrs17-result-snapshot,直保长险,17,15,1335138436.8588033,"1,335,138,436.86",
ifrs17-result-snapshot,直保长险,17,16,0,0,
ifrs17-result-snapshot,直保长险,17,17,8852368.14,"8,852,368.14",
ifrs17-result-snapshot,直保长险,17,18,1343990804.9988031,"1,343,990,805",
ifrs17-result-snapshot,直保长险,18,0,"""其他""",其他,
ifrs17-result-snapshot,直保长险,18,1,"""[15]""",[15],
ifrs17-result-snapshot,直保长险,18,2,0,0,
ifrs17-result-snapshot,直保长险,18,3,0,0,
ifrs17-result-snapshot,直保长险,18,4,0,0,
ifrs17-result-snapshot,直保长险,18,5,0,0,
ifrs17-result-snapshot,直保长险,18,6,0,0,
ifrs17-result-snapshot,直保长险,18,7,"""计入综合收益的变动合计""",计入综合收益的变动合计,
ifrs17-result-snapshot,直保长险,18,8,"""[14]=[11]+[12]+[13]""",[14]=[11]+[12]+[13],
ifrs17-result-snapshot,直保长险,18,9,-163850108.80618376,"(163,850,108.81)",
ifrs17-result-snapshot,直保长险,18,10,-7264184.836764701,"(7,264,184.84)",
ifrs17-result-snapshot,直保长险,18,11,205462594.34826535,"205,462,594.35",
ifrs17-result-snapshot,直保长险,18,12,34348300.70531686,"34,348,300.71",
ifrs17-result-snapshot,直保长险,18,13,0,0,
ifrs17-result-snapshot,直保长险,18,15,"""UI_CHG_IFIEPL_NONLC""",UI_CHG_IFIEPL_NONLC,
ifrs17-result-snapshot,直保长险,18,16,"""UI_CHG_IFIEPL_LC""",UI_CHG_IFIEPL_LC,
ifrs17-result-snapshot,直保长险,19,0,"""保险服务业绩""",保险服务业绩,
ifrs17-result-snapshot,直保长险,19,1,"""[16]=[4]+[8]+[13]""",[16]=[4]+[8]+[13],
ifrs17-result-snapshot,直保长险,19,2,-642528531.2937949,"(642,528,531.29)",
ifrs17-result-snapshot,直保长险,19,3,34208112.86678831,"34,208,112.87",
ifrs17-result-snapshot,直保长险,19,4,463537462.2475233,"463,537,462.25",
ifrs17-result-snapshot,直保长险,19,5,-144782956.17948323,"(144,782,956.18)",
ifrs17-result-snapshot,直保长险,19,6,0,0,
ifrs17-result-snapshot,直保长险,19,7,"""投资成分（及保费返还 ）2""",投资成分（及保费返还 ）2,
ifrs17-result-snapshot,直保长险,19,8,"""[15]""",[15],
ifrs17-result-snapshot,直保长险,19,9,-773833977.5007617,"(773,833,977.5)",
ifrs17-result-snapshot,直保长险,19,10,0,0,
ifrs17-result-snapshot,直保长险,19,11,773833977.5007617,"773,833,977.5",
ifrs17-result-snapshot,直保长险,19,12,0,0,
ifrs17-result-snapshot,直保长险,19,13,0,0,
ifrs17-result-snapshot,直保长险,19,14,"""UI_IFIEPL""",UI_IFIEPL,
ifrs17-result-snapshot,直保长险,19,15,30892782.579999994,"30,892,782.58",
ifrs17-result-snapshot,直保长险,19,16,2544971.339892161,"2,544,971.34",
ifrs17-result-snapshot,直保长险,20,0,"""保险合同金融变动额""",保险合同金融变动额,
ifrs17-result-snapshot,直保长险,20,1,"""[17]""",[17],
ifrs17-result-snapshot,直保长险,20,2,128214852.44399595,"128,214,852.44",
ifrs17-result-snapshot,直保长险,20,3,0,0,
ifrs17-result-snapshot,直保长险,20,4,50916404.44178897,"50,916,404.44",
ifrs17-result-snapshot,直保长险,20,5,179131256.88578492,"179,131,256.89",
ifrs17-result-snapshot,直保长险,20,6,0,0,
ifrs17-result-snapshot,直保长险,20,7,"""现金流量""",现金流量,
ifrs17-result-snapshot,直保长险,20,9,0,0,
ifrs17-result-snapshot,直保长险,20,10,0,0,
ifrs17-result-snapshot,直保长险,20,11,0,0,
ifrs17-result-snapshot,直保长险,20,12,0,0,
ifrs17-result-snapshot,直保长险,20,13,0,0,
ifrs17-result-snapshot,直保长险,20,14,"""投资收益""",投资收益,
ifrs17-result-snapshot,直保长险,20,15,574328000,"574,328,000",
ifrs17-result-snapshot,直保长险,21,0,"""其他1""",其他1,
ifrs17-result-snapshot,直保长险,21,1,"""[18]""",[18],
ifrs17-result-snapshot,直保长险,21,2,0,0,
ifrs17-result-snapshot,直保长险,21,3,0,0,
ifrs17-result-snapshot,直保长险,21,4,0,0,
ifrs17-result-snapshot,直保长险,21,5,0,0,
ifrs17-result-snapshot,直保长险,21,6,0,0,
ifrs17-result-snapshot,直保长险,21,7,"""收到的保费""",收到的保费,
ifrs17-result-snapshot,直保长险,21,8,"""[16]""",[16],
ifrs17-result-snapshot,直保长险,21,9,4706538726.344358,"4,706,538,726.34",
ifrs17-result-snapshot,直保长险,21,10,0,0,
ifrs17-result-snapshot,直保长险,21,11,0,0,
ifrs17-result-snapshot,直保长险,21,12,4706538726.344358,"4,706,538,726.34",
ifrs17-result-snapshot,直保长险,21,13,0,0,
ifrs17-result-snapshot,直保长险,22,0,"""计入综合收益的变动合计""",计入综合收益的变动合计,
ifrs17-result-snapshot,直保长险,22,1,"""[19]=[16]+[17]+[18]""",[19]=[16]+[17]+[18],
ifrs17-result-snapshot,直保长险,22,2,-514313678.84979886,"(514,313,678.85)",
ifrs17-result-snapshot,直保长险,22,3,34208112.86678831,"34,208,112.87",
ifrs17-result-snapshot,直保长险,22,4,514453866.68931234,"514,453,866.69",
ifrs17-result-snapshot,直保长险,22,5,34348300.70630168,"34,348,300.71",
ifrs17-result-snapshot,直保长险,22,6,0,0,
ifrs17-result-snapshot,直保长险,22,7,"""支付的保险获取现金流量""",支付的保险获取现金流量,
ifrs17-result-snapshot,直保长险,22,8,"""[17]""",[17],
ifrs17-result-snapshot,直保长险,22,9,-372288616.52800006,"(372,288,616.53)",
ifrs17-result-snapshot,直保长险,22,10,0,0,
ifrs17-result-snapshot,直保长险,22,11,0,0,
ifrs17-result-snapshot,直保长险,22,12,-372288616.52800006,"(372,288,616.53)",
ifrs17-result-snapshot,直保长险,22,13,0,0,
ifrs17-result-snapshot,直保长险,23,0,"""现金流量""",现金流量,
ifrs17-result-snapshot,直保长险,23,2,0,0,
ifrs17-result-snapshot,直保长险,23,3,0,0,
ifrs17-result-snapshot,直保长险,23,4,0,0,
ifrs17-result-snapshot,直保长险,23,5,0,0,
ifrs17-result-snapshot,直保长险,23,6,0,0,
ifrs17-result-snapshot,直保长险,23,7,"""支付的赔款及其他相关费用（含投资成分）""",支付的赔款及其他相关费用（含投资成分）,
ifrs17-result-snapshot,直保长险,23,8,"""[18]""",[18],
ifrs17-result-snapshot,直保长险,23,9,0,0,
ifrs17-result-snapshot,直保长险,23,10,0,0,
ifrs17-result-snapshot,直保长险,23,11,-970850048.9052013,"(970,850,048.91)",
ifrs17-result-snapshot,直保长险,23,12,-970850048.9052013,"(970,850,048.91)",
ifrs17-result-snapshot,直保长险,23,13,0,0,
ifrs17-result-snapshot,直保长险,24,0,"""收到的保费""",收到的保费,
ifrs17-result-snapshot,直保长险,24,1,"""[20]""",[20],
ifrs17-result-snapshot,直保长险,24,2,4706538726.344358,"4,706,538,726.34",
ifrs17-result-snapshot,直保长险,24,3,0,0,
ifrs17-result-snapshot,直保长险,24,4,0,0,
ifrs17-result-snapshot,直保长险,24,5,4706538726.344358,"4,706,538,726.34",
ifrs17-result-snapshot,直保长险,24,6,0,0,
ifrs17-result-snapshot,直保长险,24,7,"""其他""",其他,
ifrs17-result-snapshot,直保长险,24,8,"""[19]""",[19],
ifrs17-result-snapshot,直保长险,24,9,0,0,
ifrs17-result-snapshot,直保长险,24,10,0,0,
ifrs17-result-snapshot,直保长险,24,11,0,0,
ifrs17-result-snapshot,直保长险,24,12,0,0,
ifrs17-result-snapshot,直保长险,24,13,0,0,
ifrs17-result-snapshot,直保长险,25,0,"""支付的保险获取现金流量""",支付的保险获取现金流量,
ifrs17-result-snapshot,直保长险,25,1,"""[21]""",[21],
ifrs17-result-snapshot,直保长险,25,2,-372288616.52800006,"(372,288,616.53)",
ifrs17-result-snapshot,直保长险,25,3,0,0,
ifrs17-result-snapshot,直保长险,25,4,0,0,
ifrs17-result-snapshot,直保长险,25,5,-372288616.52800006,"(372,288,616.53)",
ifrs17-result-snapshot,直保长险,25,6,0,0,
ifrs17-result-snapshot,直保长险,25,7,"""现金流量合计""",现金流量合计,
ifrs17-result-snapshot,直保长险,25,8,"""[20]=[16]～[19]之和""",[20]=[16]～[19]之和,
ifrs17-result-snapshot,直保长险,25,9,4334250109.816359,"4,334,250,109.82",
ifrs17-result-snapshot,直保长险,25,10,0,0,
ifrs17-result-snapshot,直保长险,25,11,-970850048.9052013,"(970,850,048.91)",
ifrs17-result-snapshot,直保长险,25,12,3363400060.9111576,"3,363,400,060.91",
ifrs17-result-snapshot,直保长险,25,13,0,0,
ifrs17-result-snapshot,直保长险,26,0,"""支付的赔款及其他相关费用（含相关投资成分）""",支付的赔款及其他相关费用（含相关投资成分）,
ifrs17-result-snapshot,直保长险,26,1,"""[22]""",[22],
ifrs17-result-snapshot,直保长险,26,2,-970850048.9052013,"(970,850,048.91)",
ifrs17-result-snapshot,直保长险,26,3,0,0,
ifrs17-result-snapshot,直保长险,26,4,0,0,
ifrs17-result-snapshot,直保长险,26,5,-970850048.9052013,"(970,850,048.91)",
ifrs17-result-snapshot,直保长险,26,6,0,0,
ifrs17-result-snapshot,直保长险,26,7,"""其他变动""",其他变动,
ifrs17-result-snapshot,直保长险,26,8,"""[21]""",[21],
ifrs17-result-snapshot,直保长险,26,9,0,0,
ifrs17-result-snapshot,直保长险,26,10,0,0,
ifrs17-result-snapshot,直保长险,26,11,0,0,
ifrs17-result-snapshot,直保长险,26,12,0,0,
ifrs17-result-snapshot,直保长险,26,13,0,0,
ifrs17-result-snapshot,直保长险,27,0,"""其他""",其他,
ifrs17-result-snapshot,直保长险,27,1,"""[23]""",[23],
ifrs17-result-snapshot,直保长险,27,2,0,0,
ifrs17-result-snapshot,直保长险,27,3,0,0,
ifrs17-result-snapshot,直保长险,27,4,0,0,
ifrs17-result-snapshot,直保长险,27,5,0,0,
ifrs17-result-snapshot,直保长险,27,6,0,0,
ifrs17-result-snapshot,直保长险,27,7,"""于期末/年末的保险合同净负债/资产余额""",于期末/年末的保险合同净负债/资产余额,
ifrs17-result-snapshot,直保长险,27,8,"""[22]=[3]+[14]+[15]+[20]+[21]""",[22]=[3]+[14]+[15]+[20]+[21],
ifrs17-result-snapshot,直保长险,27,9,15603278459.15855,"15,603,278,459.16",
ifrs17-result-snapshot,直保长险,27,10,74842963.16970764,"74,842,963.17",
ifrs17-result-snapshot,直保长险,27,11,42911136.526288785,"42,911,136.53",
ifrs17-result-snapshot,直保长险,27,12,15721032558.854548,"15,721,032,558.85",
ifrs17-result-snapshot,直保长险,27,13,0,0,
ifrs17-result-snapshot,直保长险,28,0,"""现金流量合计""",现金流量合计,
ifrs17-result-snapshot,直保长险,28,1,"""[24]=[20]+[21]+[22]+[23]""",[24]=[20]+[21]+[22]+[23],
ifrs17-result-snapshot,直保长险,28,2,3363400060.9111576,"3,363,400,060.91",
ifrs17-result-snapshot,直保长险,28,3,0,0,
ifrs17-result-snapshot,直保长险,28,4,0,0,
ifrs17-result-snapshot,直保长险,28,5,3363400060.9111576,"3,363,400,060.91",
ifrs17-result-snapshot,直保长险,28,6,0,0,
ifrs17-result-snapshot,直保长险,28,7,"""于期末/年末的保险合同资产""",于期末/年末的保险合同资产,
ifrs17-result-snapshot,直保长险,28,8,"""[23]""",[23],
ifrs17-result-snapshot,直保长险,28,9,0,0,
ifrs17-result-snapshot,直保长险,28,10,0,0,
ifrs17-result-snapshot,直保长险,28,11,0,0,
ifrs17-result-snapshot,直保长险,28,12,0,0,
ifrs17-result-snapshot,直保长险,29,0,"""其他变动""",其他变动,
ifrs17-result-snapshot,直保长险,29,1,"""[25]""",[25],
ifrs17-result-snapshot,直保长险,29,2,0,0,
ifrs17-result-snapshot,直保长险,29,3,0,0,
ifrs17-result-snapshot,直保长险,29,4,0,0,
ifrs17-result-snapshot,直保长险,29,5,0,0,
ifrs17-result-snapshot,直保长险,29,6,0,0,
ifrs17-result-snapshot,直保长险,29,7,"""于期末/年末的保险合同负债""",于期末/年末的保险合同负债,
ifrs17-result-snapshot,直保长险,29,8,"""[24]=[22]-[23]""",[24]=[22]-[23],
ifrs17-result-snapshot,直保长险,29,9,15603278459.15855,"15,603,278,459.16",
ifrs17-result-snapshot,直保长险,29,10,74842963.16970764,"74,842,963.17",
ifrs17-result-snapshot,直保长险,29,11,42911136.526288785,"42,911,136.53",
ifrs17-result-snapshot,直保长险,29,12,15721032558.854548,"15,721,032,558.85",
ifrs17-result-snapshot,直保长险,30,0,"""于期末/年末的保险合同净负债/资产余额""",于期末/年末的保险合同净负债/资产余额,
ifrs17-result-snapshot,直保长险,30,1,"""[26]=[3]+[19]+[24]+[25]""",[26]=[3]+[19]+[24]+[25],
ifrs17-result-snapshot,直保长险,30,2,13190212511.39886,"13,190,212,511.4",
ifrs17-result-snapshot,直保长险,30,3,223163491.2959543,"223,163,491.3",
ifrs17-result-snapshot,直保长险,30,4,2307656556.159731,"2,307,656,556.16",
ifrs17-result-snapshot,直保长险,30,5,15721032558.854548,"15,721,032,558.85",
ifrs17-result-snapshot,直保长险,30,6,0,0,
ifrs17-result-snapshot,直保长险,30,7,"""1例如，外币报表折算差额。""",1例如，外币报表折算差额。,
ifrs17-result-snapshot,直保长险,31,0,"""于期末/年末的保险合同资产""",于期末/年末的保险合同资产,
ifrs17-result-snapshot,直保长险,31,1,"""[27]""",[27],
ifrs17-result-snapshot,直保长险,31,2,0,0,
ifrs17-result-snapshot,直保长险,31,3,0,0,
ifrs17-result-snapshot,直保长险,31,4,0,0,
ifrs17-result-snapshot,直保长险,31,5,0,0,
ifrs17-result-snapshot,直保长险,31,7,"""2该保费返还可以作为“收到的保费”的减项。""",2该保费返还可以作为“收到的保费”的减项。,
ifrs17-result-snapshot,直保长险,31,8,"""check""",check,
ifrs17-result-snapshot,直保长险,31,9,15603278459.15855,"15,603,278,459.16",
ifrs17-result-snapshot,直保长险,31,10,74842963.16970767,"74,842,963.17",
ifrs17-result-snapshot,直保长险,31,11,42911136.526288606,"42,911,136.53",
ifrs17-result-snapshot,直保长险,31,12,15721032558.854548,"15,721,032,558.85",
ifrs17-result-snapshot,直保长险,32,0,"""于期末/年末的保险合同负债""",于期末/年末的保险合同负债,
ifrs17-result-snapshot,直保长险,32,1,"""[28]=[26]-[27]""",[28]=[26]-[27],
ifrs17-result-snapshot,直保长险,32,2,13190212511.39886,"13,190,212,511.4",
ifrs17-result-snapshot,直保长险,32,3,223163491.2959543,"223,163,491.3",
ifrs17-result-snapshot,直保长险,32,4,2307656556.159731,"2,307,656,556.16",
ifrs17-result-snapshot,直保长险,32,5,15721032558.854548,"15,721,032,558.85",
ifrs17-result-snapshot,直保长险,32,8,"""DIFF""",DIFF,
ifrs17-result-snapshot,直保长险,32,9,0,0,
ifrs17-result-snapshot,直保长险,32,10,0,0,
ifrs17-result-snapshot,直保长险,32,11,-1.7881393432617188e-7,(0),
ifrs17-result-snapshot,直保长险,32,12,0,0,
ifrs17-result-snapshot,直保长险,34,1,"""check""",check,
ifrs17-result-snapshot,直保长险,34,2,13190212511.396008,"13,190,212,511.4",
ifrs17-result-snapshot,直保长险,34,3,223163491.29595423,"223,163,491.3",
ifrs17-result-snapshot,直保长险,34,4,2307656556.1635714,"2,307,656,556.16",
ifrs17-result-snapshot,直保长险,34,5,15721032558.855536,"15,721,032,558.86",
ifrs17-result-snapshot,直保长险,34,9,15600383956.963123,"15,600,383,956.96",
ifrs17-result-snapshot,直保长险,34,10,-7264184.836764729,"(7,264,184.84)",
ifrs17-result-snapshot,直保长险,35,1,"""DIFF""",DIFF,
ifrs17-result-snapshot,直保长险,35,2,-0.0028533935546875,(0),
ifrs17-result-snapshot,直保长险,35,3,0,0,
ifrs17-result-snapshot,直保长险,35,4,0.0038402557373046877,0,
ifrs17-result-snapshot,直保长险,35,5,0.00098876953125,0,
ifrs17-result-snapshot,直保长险,35,10,-0.009145092964172364,(0.01),
ifrs17-result-snapshot,直保长险,37,2,2849086382.064212,"2,849,086,382.06",
ifrs17-result-snapshot,直保长险,37,3,554423795.5062764,"554,423,795.51",
ifrs17-result-snapshot,直保长险,37,4,-9968000.087285709,"(9,968,000.09)",
ifrs17-result-snapshot,传统账户-长,0,0,"""保险合同负债余额调节表1（M1表）——按组成要素""",保险合同负债余额调节表1（M1表）——按组成要素,
ifrs17-result-snapshot,传统账户-长,0,7,"""保险合同负债余额调节表2（M2表）——按负债类别""",保险合同负债余额调节表2（M2表）——按负债类别,
ifrs17-result-snapshot,传统账户-长,1,0,"""项目""",项目,
ifrs17-result-snapshot,传统账户-长,1,1,"""编号""",编号,
ifrs17-result-snapshot,传统账户-长,1,2,"""未来现金流量现值""",未来现金流量现值,
ifrs17-result-snapshot,传统账户-长,1,3,"""非金融风险调整""",非金融风险调整,
ifrs17-result-snapshot,传统账户-长,1,4,"""合同服务边际""",合同服务边际,
ifrs17-result-snapshot,传统账户-长,1,5,"""合计""",合计,
ifrs17-result-snapshot,传统账户-长,1,7,"""项目""",项目,
ifrs17-result-snapshot,传统账户-长,1,8,"""编号""",编号,
ifrs17-result-snapshot,传统账户-长,1,9,"""未到期责任负债""",未到期责任负债,
ifrs17-result-snapshot,传统账户-长,1,11,"""已发生赔款负债""",已发生赔款负债,
ifrs17-result-snapshot,传统账户-长,1,12,"""合计""",合计,
ifrs17-result-snapshot,传统账户-长,2,9,"""非亏损部分""",非亏损部分,
ifrs17-result-snapshot,传统账户-长,2,10,"""亏损部分""",亏损部分,
ifrs17-result-snapshot,传统账户-长,3,0,"""于期初/年初的保险合同负债""",于期初/年初的保险合同负债,
ifrs17-result-snapshot,传统账户-长,3,1,"""[1]""",[1],
ifrs17-result-snapshot,传统账户-长,3,2,6577355411.186785,"6,577,355,411.19",
ifrs17-result-snapshot,传统账户-长,3,3,173204495.88386434,"173,204,495.88",
ifrs17-result-snapshot,传统账户-长,3,4,1635883767.8800457,"1,635,883,767.88",
ifrs17-result-snapshot,传统账户-长,3,5,8386443674.950696,"8,386,443,674.95",
ifrs17-result-snapshot,传统账户-长,3,7,"""于期初/年初的保险合同负债""",于期初/年初的保险合同负债,
ifrs17-result-snapshot,传统账户-长,3,8,"""[1]""",[1],
ifrs17-result-snapshot,传统账户-长,3,9,8304784287.914327,"8,304,784,287.91",
ifrs17-result-snapshot,传统账户-长,3,10,69633980.01879051,"69,633,980.02",
ifrs17-result-snapshot,传统账户-长,3,11,12025407.017575318,"12,025,407.02",
ifrs17-result-snapshot,传统账户-长,3,12,8386443674.950693,"8,386,443,674.95",
ifrs17-result-snapshot,传统账户-长,4,0,"""于期初/年初的保险合同资产""",于期初/年初的保险合同资产,
ifrs17-result-snapshot,传统账户-长,4,1,"""[2]""",[2],
ifrs17-result-snapshot,传统账户-长,4,2,0,0,
ifrs17-result-snapshot,传统账户-长,4,3,0,0,
ifrs17-result-snapshot,传统账户-长,4,4,0,0,
ifrs17-result-snapshot,传统账户-长,4,5,0,0,
ifrs17-result-snapshot,传统账户-长,4,7,"""于期初/年初的保险合同资产""",于期初/年初的保险合同资产,
ifrs17-result-snapshot,传统账户-长,4,8,"""[2]""",[2],
ifrs17-result-snapshot,传统账户-长,4,9,0,0,
ifrs17-result-snapshot,传统账户-长,4,10,0,0,
ifrs17-result-snapshot,传统账户-长,4,11,0,0,
ifrs17-result-snapshot,传统账户-长,4,12,0,0,
ifrs17-result-snapshot,传统账户-长,5,0,"""于期初/年初的保险合同净负债/资产余额""",于期初/年初的保险合同净负债/资产余额,
ifrs17-result-snapshot,传统账户-长,5,1,"""[3]=[1]+[2]""",[3]=[1]+[2],
ifrs17-result-snapshot,传统账户-长,5,2,6577355411.186785,"6,577,355,411.19",
ifrs17-result-snapshot,传统账户-长,5,3,173204495.88386434,"173,204,495.88",
ifrs17-result-snapshot,传统账户-长,5,4,1635883767.8800457,"1,635,883,767.88",
ifrs17-result-snapshot,传统账户-长,5,5,8386443674.950696,"8,386,443,674.95",
ifrs17-result-snapshot,传统账户-长,5,7,"""于期初/年初的保险合同净负债/资产余额""",于期初/年初的保险合同净负债/资产余额,
ifrs17-result-snapshot,传统账户-长,5,8,"""[3]=[1]+[2]""",[3]=[1]+[2],
ifrs17-result-snapshot,传统账户-长,5,9,8304784287.914327,"8,304,784,287.91",
ifrs17-result-snapshot,传统账户-长,5,10,69633980.01879051,"69,633,980.02",
ifrs17-result-snapshot,传统账户-长,5,11,12025407.017575318,"12,025,407.02",
ifrs17-result-snapshot,传统账户-长,5,12,8386443674.950693,"8,386,443,674.95",
ifrs17-result-snapshot,传统账户-长,5,13,0,0,
ifrs17-result-snapshot,传统账户-长,6,0,"""计入综合收益的变动""",计入综合收益的变动,
ifrs17-result-snapshot,传统账户-长,6,7,"""计入综合收益的变动""",计入综合收益的变动,
ifrs17-result-snapshot,传统账户-长,7,0,"""与当期服务相关的变动""",与当期服务相关的变动,
ifrs17-result-snapshot,传统账户-长,7,1,"""[4]=[5]+[6]+[7]""",[4]=[5]+[6]+[7],
ifrs17-result-snapshot,传统账户-长,7,2,28740349.21870006,"28,740,349.22",
ifrs17-result-snapshot,传统账户-长,7,3,-11382830.56578416,"(11,382,830.57)",
ifrs17-result-snapshot,传统账户-长,7,4,-124241581.8362467,"(124,241,581.84)",
ifrs17-result-snapshot,传统账户-长,7,5,-106884063.1833308,"(106,884,063.18)",
ifrs17-result-snapshot,传统账户-长,7,7,"""保险服务收入""",保险服务收入,
ifrs17-result-snapshot,传统账户-长,7,8,"""[4]""",[4],
ifrs17-result-snapshot,传统账户-长,7,9,-306278739.43706536,"(306,278,739.44)",
ifrs17-result-snapshot,传统账户-长,7,12,-306278739.43706536,"(306,278,739.44)",
ifrs17-result-snapshot,传统账户-长,7,13,0,0,
ifrs17-result-snapshot,传统账户-长,7,14,0,0,
ifrs17-result-snapshot,传统账户-长,8,0,"""合同服务边际的摊销""",合同服务边际的摊销,
ifrs17-result-snapshot,传统账户-长,8,1,"""[5]""",[5],
ifrs17-result-snapshot,传统账户-长,8,4,-124241581.8362467,"(124,241,581.84)",
ifrs17-result-snapshot,传统账户-长,8,5,-124241581.8362467,"(124,241,581.84)",
ifrs17-result-snapshot,传统账户-长,8,6,-0.028623261181065073,(0.0286),
ifrs17-result-snapshot,传统账户-长,8,7,"""保险服务费用""",保险服务费用,
ifrs17-result-snapshot,传统账户-长,8,12,0,0,
ifrs17-result-snapshot,传统账户-长,9,0,"""非金融风险调整的变动""",非金融风险调整的变动,
ifrs17-result-snapshot,传统账户-长,9,1,"""[6]""",[6],
ifrs17-result-snapshot,传统账户-长,9,3,-11382830.56578416,"(11,382,830.57)",
ifrs17-result-snapshot,传统账户-长,9,5,-11382830.56578416,"(11,382,830.57)",
ifrs17-result-snapshot,传统账户-长,9,7,"""当期发生赔款及其他相关费用（保险获取现金流量除外）""",当期发生赔款及其他相关费用（保险获取现金流量除外）,
ifrs17-result-snapshot,传统账户-长,9,8,"""[5]""",[5],
ifrs17-result-snapshot,传统账户-长,9,10,-20727663.430233665,"(20,727,663.43)",
ifrs17-result-snapshot,传统账户-长,9,11,188657160.0032485,"188,657,160",
ifrs17-result-snapshot,传统账户-长,9,12,167929496.57301486,"167,929,496.57",
ifrs17-result-snapshot,传统账户-长,10,0,"""当期经验调整""",当期经验调整,
ifrs17-result-snapshot,传统账户-长,10,1,"""[7]""",[7],
ifrs17-result-snapshot,传统账户-长,10,2,28740349.21870006,"28,740,349.22",
ifrs17-result-snapshot,传统账户-长,10,5,28740349.21870006,"28,740,349.22",
ifrs17-result-snapshot,传统账户-长,10,7,"""保险获取现金流量的摊销""",保险获取现金流量的摊销,
ifrs17-result-snapshot,传统账户-长,10,8,"""[6]""",[6],
ifrs17-result-snapshot,传统账户-长,10,9,31465179.680719785,"31,465,179.68",
ifrs17-result-snapshot,传统账户-长,10,12,31465179.680719785,"31,465,179.68",
ifrs17-result-snapshot,传统账户-长,11,0,"""与未来服务相关的变动""",与未来服务相关的变动,
ifrs17-result-snapshot,传统账户-长,11,1,"""[8]=[9]+[10]+[11]+[12]""",[8]=[9]+[10]+[11]+[12],
ifrs17-result-snapshot,传统账户-长,11,2,-185175863.56128028,"(185,175,863.56)",
ifrs17-result-snapshot,传统账户-长,11,3,34008023.31704416,"34,008,023.32",
ifrs17-result-snapshot,传统账户-长,11,4,159057934.08281118,"159,057,934.08",
ifrs17-result-snapshot,传统账户-长,11,5,7890093.838575053,"7,890,093.84",
ifrs17-result-snapshot,传统账户-长,11,7,"""亏损部分的确认及转回""",亏损部分的确认及转回,
ifrs17-result-snapshot,传统账户-长,11,8,"""[7]""",[7],
ifrs17-result-snapshot,传统账户-长,11,10,7890093.83838779,"7,890,093.84",
ifrs17-result-snapshot,传统账户-长,11,12,7890093.83838779,"7,890,093.84",
ifrs17-result-snapshot,传统账户-长,12,0,"""当期初始确认的保险合同影响""",当期初始确认的保险合同影响,
ifrs17-result-snapshot,传统账户-长,12,1,"""[9]""",[9],
ifrs17-result-snapshot,传统账户-长,12,2,-115185699.22430229,"(115,185,699.22)",
ifrs17-result-snapshot,传统账户-长,12,3,5635763.270618399,"5,635,763.27",
ifrs17-result-snapshot,传统账户-长,12,4,117418654.35524078,"117,418,654.36",
ifrs17-result-snapshot,传统账户-长,12,5,7868718.401556874,"7,868,718.4",
ifrs17-result-snapshot,传统账户-长,12,7,"""已发生赔款负债相关履约现金流量变动""",已发生赔款负债相关履约现金流量变动,
ifrs17-result-snapshot,传统账户-长,12,8,"""[8]""",[8],
ifrs17-result-snapshot,传统账户-长,12,11,-24779396.78925329,"(24,779,396.79)",
ifrs17-result-snapshot,传统账户-长,12,12,-24779396.78925329,"(24,779,396.79)",
ifrs17-result-snapshot,传统账户-长,13,0,"""调整合同服务边际的估计变更""",调整合同服务边际的估计变更,
ifrs17-result-snapshot,传统账户-长,13,1,"""[10]""",[10],
ifrs17-result-snapshot,传统账户-长,13,2,-68980446.70290776,"(68,980,446.7)",
ifrs17-result-snapshot,传统账户-长,13,3,27341166.975337368,"27,341,166.98",
ifrs17-result-snapshot,传统账户-长,13,4,41639279.727570385,"41,639,279.73",
ifrs17-result-snapshot,传统账户-长,13,5,0,0,
ifrs17-result-snapshot,传统账户-长,13,7,"""其他""",其他,
ifrs17-result-snapshot,传统账户-长,13,8,"""[9]""",[9],
ifrs17-result-snapshot,传统账户-长,13,9,0,0,
ifrs17-result-snapshot,传统账户-长,13,12,0,0,
ifrs17-result-snapshot,传统账户-长,14,0,"""不调整合同服务边际的估计变更""",不调整合同服务边际的估计变更,
ifrs17-result-snapshot,传统账户-长,14,1,"""[11]""",[11],
ifrs17-result-snapshot,传统账户-长,14,2,-1009717.6340702202,"(1,009,717.63)",
ifrs17-result-snapshot,传统账户-长,14,3,1031093.0710884,"1,031,093.07",
ifrs17-result-snapshot,传统账户-长,14,5,21375.437018179706,"21,375.44",
ifrs17-result-snapshot,传统账户-长,14,7,"""保险服务费用小计""",保险服务费用小计,
ifrs17-result-snapshot,传统账户-长,14,8,"""[10]=[5]～[9]之和""",[10]=[5]～[9]之和,
ifrs17-result-snapshot,传统账户-长,14,9,31465179.680719785,"31,465,179.68",
ifrs17-result-snapshot,传统账户-长,14,10,-12837569.591845876,"(12,837,569.59)",
ifrs17-result-snapshot,传统账户-长,14,11,163877763.21399525,"163,877,763.21",
ifrs17-result-snapshot,传统账户-长,14,12,182505373.30286914,"182,505,373.3",
ifrs17-result-snapshot,传统账户-长,14,14,-0.00018491744995117188,(0),
ifrs17-result-snapshot,传统账户-长,15,0,"""其他""",其他,
ifrs17-result-snapshot,传统账户-长,15,1,"""[12]""",[12],
ifrs17-result-snapshot,传统账户-长,15,5,0,0,
ifrs17-result-snapshot,传统账户-长,15,7,"""保险服务业绩""",保险服务业绩,
ifrs17-result-snapshot,传统账户-长,15,8,"""[11]=[4]+[10]""",[11]=[4]+[10],
ifrs17-result-snapshot,传统账户-长,15,9,-274813559.75634557,"(274,813,559.76)",
ifrs17-result-snapshot,传统账户-长,15,10,-12837569.591845876,"(12,837,569.59)",
ifrs17-result-snapshot,传统账户-长,15,11,163877763.21399525,"163,877,763.21",
ifrs17-result-snapshot,传统账户-长,15,12,-123773366.1341962,"(123,773,366.13)",
ifrs17-result-snapshot,传统账户-长,15,13,-0.00018715858459472656,(0),
ifrs17-result-snapshot,传统账户-长,16,0,"""与过去服务相关的变动""",与过去服务相关的变动,
ifrs17-result-snapshot,传统账户-长,16,1,"""[13]=[14]+[15]""",[13]=[14]+[15],
ifrs17-result-snapshot,传统账户-长,16,2,-24175022.69678073,"(24,175,022.7)",
ifrs17-result-snapshot,传统账户-长,16,3,-604374.0924725563,"(604,374.09)",
ifrs17-result-snapshot,传统账户-长,16,4,0,0,
ifrs17-result-snapshot,传统账户-长,16,5,-24779396.789253287,"(24,779,396.79)",
ifrs17-result-snapshot,传统账户-长,16,7,"""保险合同金融变动额""",保险合同金融变动额,
ifrs17-result-snapshot,传统账户-长,16,8,"""[12]""",[12],
ifrs17-result-snapshot,传统账户-长,16,9,43296754.39887138,"43,296,754.4",
ifrs17-result-snapshot,传统账户-长,16,10,-327664.72075965814,"(327,664.72)",
ifrs17-result-snapshot,传统账户-长,16,11,0,0,
ifrs17-result-snapshot,传统账户-长,16,12,42969089.67811172,"42,969,089.68",
ifrs17-result-snapshot,传统账户-长,16,13,0,0,
ifrs17-result-snapshot,传统账户-长,17,0,"""已发生赔款负债相关履约现金流量变动""",已发生赔款负债相关履约现金流量变动,
ifrs17-result-snapshot,传统账户-长,17,1,"""[14]""",[14],
ifrs17-result-snapshot,传统账户-长,17,2,-24175022.69678073,"(24,175,022.7)",
ifrs17-result-snapshot,传统账户-长,17,3,-604374.0924725563,"(604,374.09)",
ifrs17-result-snapshot,传统账户-长,17,5,-24779396.789253287,"(24,779,396.79)",
ifrs17-result-snapshot,传统账户-长,17,7,"""其他1""",其他1,
ifrs17-result-snapshot,传统账户-长,17,8,"""[13]""",[13],
ifrs17-result-snapshot,传统账户-长,17,12,0,0,
ifrs17-result-snapshot,传统账户-长,18,0,"""其他""",其他,
ifrs17-result-snapshot,传统账户-长,18,1,"""[15]""",[15],
ifrs17-result-snapshot,传统账户-长,18,5,0,0,
ifrs17-result-snapshot,传统账户-长,18,7,"""计入综合收益的变动合计""",计入综合收益的变动合计,
ifrs17-result-snapshot,传统账户-长,18,8,"""[14]=[11]+[12]+[13]""",[14]=[11]+[12]+[13],
ifrs17-result-snapshot,传统账户-长,18,9,-231516805.35747418,"(231,516,805.36)",
ifrs17-result-snapshot,传统账户-长,18,10,-13165234.312605534,"(13,165,234.31)",
ifrs17-result-snapshot,传统账户-长,18,11,163877763.21399525,"163,877,763.21",
ifrs17-result-snapshot,传统账户-长,18,12,-80804276.45608446,"(80,804,276.46)",
ifrs17-result-snapshot,传统账户-长,18,13,-0.00018712282180786133,(0),
ifrs17-result-snapshot,传统账户-长,19,0,"""保险服务业绩""",保险服务业绩,
ifrs17-result-snapshot,传统账户-长,19,1,"""[16]=[4]+[8]+[13]""",[16]=[4]+[8]+[13],
ifrs17-result-snapshot,传统账户-长,19,2,-180610537.03936094,"(180,610,537.04)",
ifrs17-result-snapshot,传统账户-长,19,3,22020818.658787448,"22,020,818.66",
ifrs17-result-snapshot,传统账户-长,19,4,34816352.24656446,"34,816,352.25",
ifrs17-result-snapshot,传统账户-长,19,5,-123773366.13400905,"(123,773,366.13)",
ifrs17-result-snapshot,传统账户-长,19,7,"""投资成分（及保费返还 ）2""",投资成分（及保费返还 ）2,
ifrs17-result-snapshot,传统账户-长,19,8,"""[15]""",[15],
ifrs17-result-snapshot,传统账户-长,19,9,-253083025.97815704,"(253,083,025.98)",
ifrs17-result-snapshot,传统账户-长,19,11,253083025.97815704,"253,083,025.98",
ifrs17-result-snapshot,传统账户-长,19,12,0,0,
ifrs17-result-snapshot,传统账户-长,20,0,"""保险合同金融变动额""",保险合同金融变动额,
ifrs17-result-snapshot,传统账户-长,20,1,"""[17]""",[17],
ifrs17-result-snapshot,传统账户-长,20,2,-5929182.123738503,"(5,929,182.12)",
ifrs17-result-snapshot,传统账户-长,20,4,48898271.801850215,"48,898,271.8",
ifrs17-result-snapshot,传统账户-长,20,5,42969089.67811171,"42,969,089.68",
ifrs17-result-snapshot,传统账户-长,20,6,0.011155695944230722,0.0112,
ifrs17-result-snapshot,传统账户-长,20,7,"""现金流量""",现金流量,
ifrs17-result-snapshot,传统账户-长,20,12,0,0,
ifrs17-result-snapshot,传统账户-长,21,0,"""其他1""",其他1,
ifrs17-result-snapshot,传统账户-长,21,1,"""[18]""",[18],
ifrs17-result-snapshot,传统账户-长,21,5,0,0,
ifrs17-result-snapshot,传统账户-长,21,6,367367482.756173,"367,367,482.76",
ifrs17-result-snapshot,传统账户-长,21,7,"""收到的保费""",收到的保费,
ifrs17-result-snapshot,传统账户-长,21,8,"""[16]""",[16],
ifrs17-result-snapshot,传统账户-长,21,9,2413383626.836349,"2,413,383,626.84",
ifrs17-result-snapshot,传统账户-长,21,12,2413383626.836349,"2,413,383,626.84",
ifrs17-result-snapshot,传统账户-长,22,0,"""计入综合收益的变动合计""",计入综合收益的变动合计,
ifrs17-result-snapshot,传统账户-长,22,1,"""[19]=[16]+[17]+[18]""",[19]=[16]+[17]+[18],
ifrs17-result-snapshot,传统账户-长,22,2,-186539719.16309947,"(186,539,719.16)",
ifrs17-result-snapshot,传统账户-长,22,3,22020818.658787448,"22,020,818.66",
ifrs17-result-snapshot,传统账户-长,22,4,83714624.04841468,"83,714,624.05",
ifrs17-result-snapshot,传统账户-长,22,5,-80804276.45589735,"(80,804,276.46)",
ifrs17-result-snapshot,传统账户-长,22,7,"""支付的保险获取现金流量""",支付的保险获取现金流量,
ifrs17-result-snapshot,传统账户-长,22,8,"""[17]""",[17],
ifrs17-result-snapshot,传统账户-长,22,9,-83912353.60448813,"(83,912,353.6)",
ifrs17-result-snapshot,传统账户-长,22,12,-83912353.60448813,"(83,912,353.6)",
ifrs17-result-snapshot,传统账户-长,23,0,"""现金流量""",现金流量,
ifrs17-result-snapshot,传统账户-长,23,5,0,0,
ifrs17-result-snapshot,传统账户-长,23,7,"""支付的赔款及其他相关费用（含投资成分）""",支付的赔款及其他相关费用（含投资成分）,
ifrs17-result-snapshot,传统账户-长,23,8,"""[18]""",[18],
ifrs17-result-snapshot,传统账户-长,23,11,-416413686.0972634,"(416,413,686.1)",
ifrs17-result-snapshot,传统账户-长,23,12,-416413686.0972634,"(416,413,686.1)",
ifrs17-result-snapshot,传统账户-长,24,0,"""收到的保费""",收到的保费,
ifrs17-result-snapshot,传统账户-长,24,1,"""[20]""",[20],
ifrs17-result-snapshot,传统账户-长,24,2,2413383626.8363495,"2,413,383,626.84",
ifrs17-result-snapshot,传统账户-长,24,5,2413383626.8363495,"2,413,383,626.84",
ifrs17-result-snapshot,传统账户-长,24,7,"""其他""",其他,
ifrs17-result-snapshot,传统账户-长,24,8,"""[19]""",[19],
ifrs17-result-snapshot,传统账户-长,24,9,0,0,
ifrs17-result-snapshot,传统账户-长,24,12,0,0,
ifrs17-result-snapshot,传统账户-长,25,0,"""支付的保险获取现金流量""",支付的保险获取现金流量,
ifrs17-result-snapshot,传统账户-长,25,1,"""[21]""",[21],
ifrs17-result-snapshot,传统账户-长,25,2,-83912353.60448813,"(83,912,353.6)",
ifrs17-result-snapshot,传统账户-长,25,5,-83912353.60448813,"(83,912,353.6)",
ifrs17-result-snapshot,传统账户-长,25,7,"""现金流量合计""",现金流量合计,
ifrs17-result-snapshot,传统账户-长,25,8,"""[20]=[16]～[19]之和""",[20]=[16]～[19]之和,
ifrs17-result-snapshot,传统账户-长,25,9,2329471273.231861,"2,329,471,273.23",
ifrs17-result-snapshot,传统账户-长,25,11,-416413686.0972634,"(416,413,686.1)",
ifrs17-result-snapshot,传统账户-长,25,12,1913057587.1345978,"1,913,057,587.13",
ifrs17-result-snapshot,传统账户-长,25,13,0,0,
ifrs17-result-snapshot,传统账户-长,26,0,"""支付的赔款及其他相关费用（含相关投资成分）""",支付的赔款及其他相关费用（含相关投资成分）,
ifrs17-result-snapshot,传统账户-长,26,1,"""[22]""",[22],
ifrs17-result-snapshot,传统账户-长,26,2,-416413686.0972634,"(416,413,686.1)",
ifrs17-result-snapshot,传统账户-长,26,5,-416413686.0972634,"(416,413,686.1)",
ifrs17-result-snapshot,传统账户-长,26,7,"""其他变动""",其他变动,
ifrs17-result-snapshot,传统账户-长,26,8,"""[21]""",[21],
ifrs17-result-snapshot,传统账户-长,26,12,0,0,
ifrs17-result-snapshot,传统账户-长,27,0,"""其他""",其他,
ifrs17-result-snapshot,传统账户-长,27,1,"""[23]""",[23],
ifrs17-result-snapshot,传统账户-长,27,2,0,0,
ifrs17-result-snapshot,传统账户-长,27,5,0,0,
ifrs17-result-snapshot,传统账户-长,27,7,"""于期末/年末的保险合同净负债/资产余额""",于期末/年末的保险合同净负债/资产余额,
ifrs17-result-snapshot,传统账户-长,27,8,"""[22]=[3]+[14]+[15]+[20]+[21]""",[22]=[3]+[14]+[15]+[20]+[21],
ifrs17-result-snapshot,传统账户-长,27,9,10149655729.810558,"10,149,655,729.81",
ifrs17-result-snapshot,传统账户-长,27,10,56468745.70618496,"56,468,745.71",
ifrs17-result-snapshot,传统账户-长,27,11,12572510.112464288,"12,572,510.11",
ifrs17-result-snapshot,传统账户-长,27,12,10218696985.629208,"10,218,696,985.63",
ifrs17-result-snapshot,传统账户-长,27,13,0,0,
ifrs17-result-snapshot,传统账户-长,28,0,"""现金流量合计""",现金流量合计,
ifrs17-result-snapshot,传统账户-长,28,1,"""[24]=[20]+[21]+[22]+[23]""",[24]=[20]+[21]+[22]+[23],
ifrs17-result-snapshot,传统账户-长,28,2,1913057587.1345983,"1,913,057,587.13",
ifrs17-result-snapshot,传统账户-长,28,5,1913057587.1345983,"1,913,057,587.13",
ifrs17-result-snapshot,传统账户-长,28,7,"""于期末/年末的保险合同资产""",于期末/年末的保险合同资产,
ifrs17-result-snapshot,传统账户-长,28,8,"""[23]""",[23],
ifrs17-result-snapshot,传统账户-长,28,9,0,0,
ifrs17-result-snapshot,传统账户-长,28,10,0,0,
ifrs17-result-snapshot,传统账户-长,28,11,0,0,
ifrs17-result-snapshot,传统账户-长,28,12,0,0,
ifrs17-result-snapshot,传统账户-长,29,0,"""其他变动""",其他变动,
ifrs17-result-snapshot,传统账户-长,29,1,"""[25]""",[25],
ifrs17-result-snapshot,传统账户-长,29,5,0,0,
ifrs17-result-snapshot,传统账户-长,29,7,"""于期末/年末的保险合同负债""",于期末/年末的保险合同负债,
ifrs17-result-snapshot,传统账户-长,29,8,"""[24]=[22]-[23]""",[24]=[22]-[23],
ifrs17-result-snapshot,传统账户-长,29,9,10149655729.810558,"10,149,655,729.81",
ifrs17-result-snapshot,传统账户-长,29,10,56468745.70618496,"56,468,745.71",
ifrs17-result-snapshot,传统账户-长,29,11,12572510.112464288,"12,572,510.11",
ifrs17-result-snapshot,传统账户-长,29,12,10218696985.629208,"10,218,696,985.63",
ifrs17-result-snapshot,传统账户-长,30,0,"""于期末/年末的保险合同净负债/资产余额""",于期末/年末的保险合同净负债/资产余额,
ifrs17-result-snapshot,传统账户-长,30,1,"""[26]=[3]+[19]+[24]+[25]""",[26]=[3]+[19]+[24]+[25],
ifrs17-result-snapshot,传统账户-长,30,2,8303873279.157962,"8,303,873,279.16",
ifrs17-result-snapshot,传统账户-长,30,3,195225314.5426518,"195,225,314.54",
ifrs17-result-snapshot,传统账户-长,30,4,1719598391.9285908,"1,719,598,391.93",
ifrs17-result-snapshot,传统账户-长,30,5,10218696985.629204,"10,218,696,985.63",
ifrs17-result-snapshot,传统账户-长,30,7,"""1例如，外币报表折算差额。""",1例如，外币报表折算差额。,
ifrs17-result-snapshot,传统账户-长,31,0,"""于期末/年末的保险合同资产""",于期末/年末的保险合同资产,
ifrs17-result-snapshot,传统账户-长,31,1,"""[27]""",[27],
ifrs17-result-snapshot,传统账户-长,31,2,0,0,
ifrs17-result-snapshot,传统账户-长,31,3,0,0,
ifrs17-result-snapshot,传统账户-长,31,4,0,0,
ifrs17-result-snapshot,传统账户-长,31,5,0,0,
ifrs17-result-snapshot,传统账户-长,31,7,"""2该保费返还可以作为“收到的保费”的减项。""",2该保费返还可以作为“收到的保费”的减项。,
ifrs17-result-snapshot,传统账户-长,31,8,"""check""",check,
ifrs17-result-snapshot,传统账户-长,31,9,10149655729.810556,"10,149,655,729.81",
ifrs17-result-snapshot,传统账户-长,31,10,56468745.70618497,"56,468,745.71",
ifrs17-result-snapshot,传统账户-长,31,11,12572510.11246419,"12,572,510.11",
ifrs17-result-snapshot,传统账户-长,31,12,10218696985.629206,"10,218,696,985.63",
ifrs17-result-snapshot,传统账户-长,32,0,"""于期末/年末的保险合同负债""",于期末/年末的保险合同负债,
ifrs17-result-snapshot,传统账户-长,32,1,"""[28]=[26]-[27]""",[28]=[26]-[27],
ifrs17-result-snapshot,传统账户-长,32,2,8303873279.157962,"8,303,873,279.16",
ifrs17-result-snapshot,传统账户-长,32,3,195225314.5426518,"195,225,314.54",
ifrs17-result-snapshot,传统账户-长,32,4,1719598391.9285908,"1,719,598,391.93",
ifrs17-result-snapshot,传统账户-长,32,5,10218696985.629204,"10,218,696,985.63",
ifrs17-result-snapshot,传统账户-长,32,8,"""DIFF""",DIFF,
ifrs17-result-snapshot,传统账户-长,32,9,0,0,
ifrs17-result-snapshot,传统账户-长,32,10,0,0,
ifrs17-result-snapshot,传统账户-长,32,11,-9.834766387939453e-8,(0),
ifrs17-result-snapshot,传统账户-长,32,12,0,0,
ifrs17-result-snapshot,传统账户-长,34,1,"""check""",check,
ifrs17-result-snapshot,传统账户-长,34,2,8303873279.158284,"8,303,873,279.16",
ifrs17-result-snapshot,传统账户-长,34,3,195225314.54265177,"195,225,314.54",
ifrs17-result-snapshot,传统账户-长,34,4,1719598391.9284604,"1,719,598,391.93",
ifrs17-result-snapshot,传统账户-长,34,5,10218696985.629396,"10,218,696,985.63",
ifrs17-result-snapshot,传统账户-长,35,1,"""DIFF""",DIFF,
ifrs17-result-snapshot,传统账户-长,35,2,0.00032196044921875,0.000322,
ifrs17-result-snapshot,传统账户-长,35,3,0,0,
ifrs17-result-snapshot,传统账户-长,35,4,-0.000130462646484375,(0),
ifrs17-result-snapshot,传统账户-长,35,5,0.0001922607421875,0,
ifrs17-result-snapshot,分红账户1,0,0,"""保险合同负债余额调节表1（M1表）——按组成要素""",保险合同负债余额调节表1（M1表）——按组成要素,
ifrs17-result-snapshot,分红账户1,0,7,"""保险合同负债余额调节表2（M2表）——按负债类别""",保险合同负债余额调节表2（M2表）——按负债类别,
ifrs17-result-snapshot,分红账户1,0,14,"""倒算法REVENUE""",倒算法REVENUE,
ifrs17-result-snapshot,分红账户1,0,15,"""checkdiff""",checkdiff,
ifrs17-result-snapshot,分红账户1,1,0,"""项目""",项目,
ifrs17-result-snapshot,分红账户1,1,1,"""编号""",编号,
ifrs17-result-snapshot,分红账户1,1,2,"""未来现金流量现值""",未来现金流量现值,
ifrs17-result-snapshot,分红账户1,1,3,"""非金融风险调整""",非金融风险调整,
ifrs17-result-snapshot,分红账户1,1,4,"""合同服务边际""",合同服务边际,
ifrs17-result-snapshot,分红账户1,1,5,"""合计""",合计,
ifrs17-result-snapshot,分红账户1,1,7,"""项目""",项目,
ifrs17-result-snapshot,分红账户1,1,8,"""编号""",编号,
ifrs17-result-snapshot,分红账户1,1,9,"""未到期责任负债""",未到期责任负债,
ifrs17-result-snapshot,分红账户1,1,11,"""已发生赔款负债""",已发生赔款负债,
ifrs17-result-snapshot,分红账户1,1,12,"""合计""",合计,
ifrs17-result-snapshot,分红账户1,1,14,-67345736.95939066,"(67,345,736.96)",
ifrs17-result-snapshot,分红账户1,1,15,-1.7881393432617188e-7,(0),
ifrs17-result-snapshot,分红账户1,2,9,"""非亏损部分""",非亏损部分,
ifrs17-result-snapshot,分红账户1,2,10,"""亏损部分""",亏损部分,
ifrs17-result-snapshot,分红账户1,3,0,"""于期初/年初的保险合同负债""",于期初/年初的保险合同负债,
ifrs17-result-snapshot,分红账户1,3,1,"""[1]""",[1],
ifrs17-result-snapshot,分红账户1,3,2,1253359143.859827,"1,253,359,143.86",
ifrs17-result-snapshot,分红账户1,3,3,14290646.369229201,"14,290,646.37",
ifrs17-result-snapshot,分红账户1,3,4,85192534.074542,"85,192,534.07",
ifrs17-result-snapshot,分红账户1,3,5,1352842324.3035982,"1,352,842,324.3",
ifrs17-result-snapshot,分红账户1,3,7,"""于期初/年初的保险合同负债""",于期初/年初的保险合同负债,
ifrs17-result-snapshot,分红账户1,3,8,"""[1]""",[1],
ifrs17-result-snapshot,分红账户1,3,9,1320896953.7287126,"1,320,896,953.73",
ifrs17-result-snapshot,分红账户1,3,10,11663865.147179475,"11,663,865.15",
ifrs17-result-snapshot,分红账户1,3,11,20281505.427706,"20,281,505.43",
ifrs17-result-snapshot,分红账户1,3,12,1352842324.303598,"1,352,842,324.3",
ifrs17-result-snapshot,分红账户1,4,0,"""于期初/年初的保险合同资产""",于期初/年初的保险合同资产,
ifrs17-result-snapshot,分红账户1,4,1,"""[2]""",[2],
ifrs17-result-snapshot,分红账户1,4,2,0,0,
ifrs17-result-snapshot,分红账户1,4,3,0,0,
ifrs17-result-snapshot,分红账户1,4,4,0,0,
ifrs17-result-snapshot,分红账户1,4,5,0,0,
ifrs17-result-snapshot,分红账户1,4,7,"""于期初/年初的保险合同资产""",于期初/年初的保险合同资产,
ifrs17-result-snapshot,分红账户1,4,8,"""[2]""",[2],
ifrs17-result-snapshot,分红账户1,4,9,0,0,
ifrs17-result-snapshot,分红账户1,4,10,0,0,
ifrs17-result-snapshot,分红账户1,4,11,0,0,
ifrs17-result-snapshot,分红账户1,4,12,0,0,
ifrs17-result-snapshot,分红账户1,5,0,"""于期初/年初的保险合同净负债/资产余额""",于期初/年初的保险合同净负债/资产余额,
ifrs17-result-snapshot,分红账户1,5,1,"""[3]=[1]+[2]""",[3]=[1]+[2],
ifrs17-result-snapshot,分红账户1,5,2,1253359143.859827,"1,253,359,143.86",
ifrs17-result-snapshot,分红账户1,5,3,14290646.369229201,"14,290,646.37",
ifrs17-result-snapshot,分红账户1,5,4,85192534.074542,"85,192,534.07",
ifrs17-result-snapshot,分红账户1,5,5,1352842324.3035982,"1,352,842,324.3",
ifrs17-result-snapshot,分红账户1,5,7,"""于期初/年初的保险合同净负债/资产余额""",于期初/年初的保险合同净负债/资产余额,
ifrs17-result-snapshot,分红账户1,5,8,"""[3]=[1]+[2]""",[3]=[1]+[2],
ifrs17-result-snapshot,分红账户1,5,9,1320896953.7287126,"1,320,896,953.73",
ifrs17-result-snapshot,分红账户1,5,10,11663865.147179475,"11,663,865.15",
ifrs17-result-snapshot,分红账户1,5,11,20281505.427706,"20,281,505.43",
ifrs17-result-snapshot,分红账户1,5,12,1352842324.303598,"1,352,842,324.3",
ifrs17-result-snapshot,分红账户1,5,13,0,0,
ifrs17-result-snapshot,分红账户1,6,0,"""计入综合收益的变动""",计入综合收益的变动,
ifrs17-result-snapshot,分红账户1,6,7,"""计入综合收益的变动""",计入综合收益的变动,
ifrs17-result-snapshot,分红账户1,7,0,"""与当期服务相关的变动""",与当期服务相关的变动,
ifrs17-result-snapshot,分红账户1,7,1,"""[4]=[5]+[6]+[7]""",[4]=[5]+[6]+[7],
ifrs17-result-snapshot,分红账户1,7,2,766478.0192351623,"766,478.02",
ifrs17-result-snapshot,分红账户1,7,3,-3169532.664052886,"(3,169,532.66)",
ifrs17-result-snapshot,分红账户1,7,4,-16830749.728069022,"(16,830,749.73)",
ifrs17-result-snapshot,分红账户1,7,5,-19233804.372886747,"(19,233,804.37)",
ifrs17-result-snapshot,分红账户1,7,7,"""保险服务收入""",保险服务收入,
ifrs17-result-snapshot,分红账户1,7,8,"""[4]""",[4],
ifrs17-result-snapshot,分红账户1,7,9,-67345736.95939048,"(67,345,736.96)",
ifrs17-result-snapshot,分红账户1,7,12,-67345736.95939048,"(67,345,736.96)",
ifrs17-result-snapshot,分红账户1,7,13,0,0,
ifrs17-result-snapshot,分红账户1,7,14,0,0,
ifrs17-result-snapshot,分红账户1,8,0,"""合同服务边际的摊销""",合同服务边际的摊销,
ifrs17-result-snapshot,分红账户1,8,1,"""[5]""",[5],
ifrs17-result-snapshot,分红账户1,8,4,-16830749.728069022,"(16,830,749.73)",
ifrs17-result-snapshot,分红账户1,8,5,-16830749.728069022,"(16,830,749.73)",
ifrs17-result-snapshot,分红账户1,8,6,-0.020211375018985903,(0.020211),
ifrs17-result-snapshot,分红账户1,8,7,"""保险服务费用""",保险服务费用,
ifrs17-result-snapshot,分红账户1,8,12,0,0,
ifrs17-result-snapshot,分红账户1,9,0,"""非金融风险调整的变动""",非金融风险调整的变动,
ifrs17-result-snapshot,分红账户1,9,1,"""[6]""",[6],
ifrs17-result-snapshot,分红账户1,9,3,-3169532.664052886,"(3,169,532.66)",
ifrs17-result-snapshot,分红账户1,9,5,-3169532.664052886,"(3,169,532.66)",
ifrs17-result-snapshot,分红账户1,9,7,"""当期发生赔款及其他相关费用（保险获取现金流量除外）""",当期发生赔款及其他相关费用（保险获取现金流量除外）,
ifrs17-result-snapshot,分红账户1,9,8,"""[5]""",[5],
ifrs17-result-snapshot,分红账户1,9,10,-1658429.2668386777,"(1,658,429.27)",
ifrs17-result-snapshot,分红账户1,9,11,38638543.53526106,"38,638,543.54",
ifrs17-result-snapshot,分红账户1,9,12,36980114.26842238,"36,980,114.27",
ifrs17-result-snapshot,分红账户1,10,0,"""当期经验调整""",当期经验调整,
ifrs17-result-snapshot,分红账户1,10,1,"""[7]""",[7],
ifrs17-result-snapshot,分红账户1,10,2,766478.0192351623,"766,478.02",
ifrs17-result-snapshot,分红账户1,10,5,766478.0192351623,"766,478.02",
ifrs17-result-snapshot,分红账户1,10,7,"""保险获取现金流量的摊销""",保险获取现金流量的摊销,
ifrs17-result-snapshot,分红账户1,10,8,"""[6]""",[6],
ifrs17-result-snapshot,分红账户1,10,9,11131818.318081336,"11,131,818.32",
ifrs17-result-snapshot,分红账户1,10,12,11131818.318081336,"11,131,818.32",
ifrs17-result-snapshot,分红账户1,11,0,"""与未来服务相关的变动""",与未来服务相关的变动,
ifrs17-result-snapshot,分红账户1,11,1,"""[8]=[9]+[10]+[11]+[12]""",[8]=[9]+[10]+[11]+[12],
ifrs17-result-snapshot,分红账户1,11,2,-419184352.87357557,"(419,184,352.87)",
ifrs17-result-snapshot,分红账户1,11,3,14487634.723026788,"14,487,634.72",
ifrs17-result-snapshot,分红账户1,11,4,410302668.19944125,"410,302,668.2",
ifrs17-result-snapshot,分红账户1,11,5,5605950.0488924505,"5,605,950.05",
ifrs17-result-snapshot,分红账户1,11,7,"""亏损部分的确认及转回""",亏损部分的确认及转回,
ifrs17-result-snapshot,分红账户1,11,8,"""[7]""",[7],
ifrs17-result-snapshot,分红账户1,11,10,5605950.048872316,"5,605,950.05",
ifrs17-result-snapshot,分红账户1,11,12,5605950.048872316,"5,605,950.05",
ifrs17-result-snapshot,分红账户1,12,0,"""当期初始确认的保险合同影响""",当期初始确认的保险合同影响,
ifrs17-result-snapshot,分红账户1,12,1,"""[9]""",[9],
ifrs17-result-snapshot,分红账户1,12,2,-331774048.52914864,"(331,774,048.53)",
ifrs17-result-snapshot,分红账户1,12,3,10238323.49554239,"10,238,323.5",
ifrs17-result-snapshot,分红账户1,12,4,324801203.17957795,"324,801,203.18",
ifrs17-result-snapshot,分红账户1,12,5,3265478.1459716796,"3,265,478.15",
ifrs17-result-snapshot,分红账户1,12,7,"""已发生赔款负债相关履约现金流量变动""",已发生赔款负债相关履约现金流量变动,
ifrs17-result-snapshot,分红账户1,12,8,"""[8]""",[8],
ifrs17-result-snapshot,分红账户1,12,11,-461718.73759234964,"(461,718.74)",
ifrs17-result-snapshot,分红账户1,12,12,-461718.73759234964,"(461,718.74)",
ifrs17-result-snapshot,分红账户1,13,0,"""调整合同服务边际的估计变更""",调整合同服务边际的估计变更,
ifrs17-result-snapshot,分红账户1,13,1,"""[10]""",[10],
ifrs17-result-snapshot,分红账户1,13,2,-88179156.35026291,"(88,179,156.35)",
ifrs17-result-snapshot,分红账户1,13,3,2677691.330399596,"2,677,691.33",
ifrs17-result-snapshot,分红账户1,13,4,85501465.01986332,"85,501,465.02",
ifrs17-result-snapshot,分红账户1,13,5,0,0,
ifrs17-result-snapshot,分红账户1,13,7,"""其他""",其他,
ifrs17-result-snapshot,分红账户1,13,8,"""[9]""",[9],
ifrs17-result-snapshot,分红账户1,13,9,0,0,
ifrs17-result-snapshot,分红账户1,13,12,0,0,
ifrs17-result-snapshot,分红账户1,14,0,"""不调整合同服务边际的估计变更""",不调整合同服务边际的估计变更,
ifrs17-result-snapshot,分红账户1,14,1,"""[11]""",[11],
ifrs17-result-snapshot,分红账户1,14,2,768852.0058359151,"768,852.01",
ifrs17-result-snapshot,分红账户1,14,3,1571619.897084801,"1,571,619.9",
ifrs17-result-snapshot,分红账户1,14,5,2340471.9029207164,"2,340,471.9",
ifrs17-result-snapshot,分红账户1,14,7,"""保险服务费用小计""",保险服务费用小计,
ifrs17-result-snapshot,分红账户1,14,8,"""[10]=[5]～[9]之和""",[10]=[5]～[9]之和,
ifrs17-result-snapshot,分红账户1,14,9,11131818.318081336,"11,131,818.32",
ifrs17-result-snapshot,分红账户1,14,10,3947520.7820336386,"3,947,520.78",
ifrs17-result-snapshot,分红账户1,14,11,38176824.79766871,"38,176,824.8",
ifrs17-result-snapshot,分红账户1,14,12,53256163.89778368,"53,256,163.9",
ifrs17-result-snapshot,分红账户1,14,14,-0.004117190837860107,(0),
ifrs17-result-snapshot,分红账户1,15,0,"""其他""",其他,
ifrs17-result-snapshot,分红账户1,15,1,"""[12]""",[12],
ifrs17-result-snapshot,分红账户1,15,5,0,0,
ifrs17-result-snapshot,分红账户1,15,7,"""保险服务业绩""",保险服务业绩,
ifrs17-result-snapshot,分红账户1,15,8,"""[11]=[4]+[10]""",[11]=[4]+[10],
ifrs17-result-snapshot,分红账户1,15,9,-56213918.64130914,"(56,213,918.64)",
ifrs17-result-snapshot,分红账户1,15,10,3947520.7820336386,"3,947,520.78",
ifrs17-result-snapshot,分红账户1,15,11,38176824.79766871,"38,176,824.8",
ifrs17-result-snapshot,分红账户1,15,12,-14089573.061606795,"(14,089,573.06)",
ifrs17-result-snapshot,分红账户1,15,13,-0.000020176172256469727,(0),
ifrs17-result-snapshot,分红账户1,16,0,"""与过去服务相关的变动""",与过去服务相关的变动,
ifrs17-result-snapshot,分红账户1,16,1,"""[13]=[14]+[15]""",[13]=[14]+[15],
ifrs17-result-snapshot,分红账户1,16,2,-450457.2894749879,"(450,457.29)",
ifrs17-result-snapshot,分红账户1,16,3,-11261.4481173616,"(11,261.45)",
ifrs17-result-snapshot,分红账户1,16,4,0,0,
ifrs17-result-snapshot,分红账户1,16,5,-461718.73759234947,"(461,718.74)",
ifrs17-result-snapshot,分红账户1,16,7,"""保险合同金融变动额""",保险合同金融变动额,
ifrs17-result-snapshot,分红账户1,16,8,"""[12]""",[12],
ifrs17-result-snapshot,分红账户1,16,9,64737487.628202364,"64,737,487.63",
ifrs17-result-snapshot,分红账户1,16,10,-360513.20036250015,"(360,513.2)",
ifrs17-result-snapshot,分红账户1,16,11,0,0,
ifrs17-result-snapshot,分红账户1,16,12,64376974.42783986,"64,376,974.43",
ifrs17-result-snapshot,分红账户1,16,13,0,0,
ifrs17-result-snapshot,分红账户1,17,0,"""已发生赔款负债相关履约现金流量变动""",已发生赔款负债相关履约现金流量变动,
ifrs17-result-snapshot,分红账户1,17,1,"""[14]""",[14],
ifrs17-result-snapshot,分红账户1,17,2,-450457.2894749879,"(450,457.29)",
ifrs17-result-snapshot,分红账户1,17,3,-11261.4481173616,"(11,261.45)",
ifrs17-result-snapshot,分红账户1,17,5,-461718.73759234947,"(461,718.74)",
ifrs17-result-snapshot,分红账户1,17,7,"""其他1""",其他1,
ifrs17-result-snapshot,分红账户1,17,8,"""[13]""",[13],
ifrs17-result-snapshot,分红账户1,17,12,0,0,
ifrs17-result-snapshot,分红账户1,18,0,"""其他""",其他,
ifrs17-result-snapshot,分红账户1,18,1,"""[15]""",[15],
ifrs17-result-snapshot,分红账户1,18,5,0,0,
ifrs17-result-snapshot,分红账户1,18,7,"""计入综合收益的变动合计""",计入综合收益的变动合计,
ifrs17-result-snapshot,分红账户1,18,8,"""[14]=[11]+[12]+[13]""",[14]=[11]+[12]+[13],
ifrs17-result-snapshot,分红账户1,18,9,8523568.986893225,"8,523,568.99",
ifrs17-result-snapshot,分红账户1,18,10,3587007.5816711388,"3,587,007.58",
ifrs17-result-snapshot,分红账户1,18,11,38176824.79766871,"38,176,824.8",
ifrs17-result-snapshot,分红账户1,18,12,50287401.36623307,"50,287,401.37",
ifrs17-result-snapshot,分红账户1,18,13,-0.00002015829086303711,(0),
ifrs17-result-snapshot,分红账户1,19,0,"""保险服务业绩""",保险服务业绩,
ifrs17-result-snapshot,分红账户1,19,1,"""[16]=[4]+[8]+[13]""",[16]=[4]+[8]+[13],
ifrs17-result-snapshot,分红账户1,19,2,-418868332.1438154,"(418,868,332.14)",
ifrs17-result-snapshot,分红账户1,19,3,11306840.61085654,"11,306,840.61",
ifrs17-result-snapshot,分红账户1,19,4,393471918.47137225,"393,471,918.47",
ifrs17-result-snapshot,分红账户1,19,5,-14089573.061586618,"(14,089,573.06)",
ifrs17-result-snapshot,分红账户1,19,7,"""投资成分（及保费返还 ）2""",投资成分（及保费返还 ）2,
ifrs17-result-snapshot,分红账户1,19,8,"""[15]""",[15],
ifrs17-result-snapshot,分红账户1,19,9,-61388224.58395954,"(61,388,224.58)",
ifrs17-result-snapshot,分红账户1,19,11,61388224.58395954,"61,388,224.58",
ifrs17-result-snapshot,分红账户1,19,12,0,0,
ifrs17-result-snapshot,分红账户1,20,0,"""保险合同金融变动额""",保险合同金融变动额,
ifrs17-result-snapshot,分红账户1,20,1,"""[17]""",[17],
ifrs17-result-snapshot,分红账户1,20,2,64376974.42783986,"64,376,974.43",
ifrs17-result-snapshot,分红账户1,20,4,0,0,
ifrs17-result-snapshot,分红账户1,20,5,64376974.42783986,"64,376,974.43",
ifrs17-result-snapshot,分红账户1,20,7,"""现金流量""",现金流量,
ifrs17-result-snapshot,分红账户1,20,12,0,0,
ifrs17-result-snapshot,分红账户1,21,0,"""其他1""",其他1,
ifrs17-result-snapshot,分红账户1,21,1,"""[18]""",[18],
ifrs17-result-snapshot,分红账户1,21,5,0,0,
ifrs17-result-snapshot,分红账户1,21,7,"""收到的保费""",收到的保费,
ifrs17-result-snapshot,分红账户1,21,8,"""[16]""",[16],
ifrs17-result-snapshot,分红账户1,21,9,1739646354.4400144,"1,739,646,354.44",
ifrs17-result-snapshot,分红账户1,21,12,1739646354.4400144,"1,739,646,354.44",
ifrs17-result-snapshot,分红账户1,22,0,"""计入综合收益的变动合计""",计入综合收益的变动合计,
ifrs17-result-snapshot,分红账户1,22,1,"""[19]=[16]+[17]+[18]""",[19]=[16]+[17]+[18],
ifrs17-result-snapshot,分红账户1,22,2,-354491357.7159755,"(354,491,357.72)",
ifrs17-result-snapshot,分红账户1,22,3,11306840.61085654,"11,306,840.61",
ifrs17-result-snapshot,分红账户1,22,4,393471918.47137225,"393,471,918.47",
ifrs17-result-snapshot,分红账户1,22,5,50287401.366253234,"50,287,401.37",
ifrs17-result-snapshot,分红账户1,22,7,"""支付的保险获取现金流量""",支付的保险获取现金流量,
ifrs17-result-snapshot,分红账户1,22,8,"""[17]""",[17],
ifrs17-result-snapshot,分红账户1,22,9,-288258225.7785959,"(288,258,225.78)",
ifrs17-result-snapshot,分红账户1,22,12,-288258225.7785959,"(288,258,225.78)",
ifrs17-result-snapshot,分红账户1,23,0,"""现金流量""",现金流量,
ifrs17-result-snapshot,分红账户1,23,5,0,0,
ifrs17-result-snapshot,分红账户1,23,7,"""支付的赔款及其他相关费用（含投资成分）""",支付的赔款及其他相关费用（含投资成分）,
ifrs17-result-snapshot,分红账户1,23,8,"""[18]""",[18],
ifrs17-result-snapshot,分红账户1,23,11,-92393495.64478968,"(92,393,495.64)",
ifrs17-result-snapshot,分红账户1,23,12,-92393495.64478968,"(92,393,495.64)",
ifrs17-result-snapshot,分红账户1,24,0,"""收到的保费""",收到的保费,
ifrs17-result-snapshot,分红账户1,24,1,"""[20]""",[20],
ifrs17-result-snapshot,分红账户1,24,2,1739646354.440014,"1,739,646,354.44",
ifrs17-result-snapshot,分红账户1,24,5,1739646354.440014,"1,739,646,354.44",
ifrs17-result-snapshot,分红账户1,24,7,"""其他""",其他,
ifrs17-result-snapshot,分红账户1,24,8,"""[19]""",[19],
ifrs17-result-snapshot,分红账户1,24,9,0,0,
ifrs17-result-snapshot,分红账户1,24,12,0,0,
ifrs17-result-snapshot,分红账户1,25,0,"""支付的保险获取现金流量""",支付的保险获取现金流量,
ifrs17-result-snapshot,分红账户1,25,1,"""[21]""",[21],
ifrs17-result-snapshot,分红账户1,25,2,-288258225.7785959,"(288,258,225.78)",
ifrs17-result-snapshot,分红账户1,25,5,-288258225.7785959,"(288,258,225.78)",
ifrs17-result-snapshot,分红账户1,25,7,"""现金流量合计""",现金流量合计,
ifrs17-result-snapshot,分红账户1,25,8,"""[20]=[16]～[19]之和""",[20]=[16]～[19]之和,
ifrs17-result-snapshot,分红账户1,25,9,1451388128.6614184,"1,451,388,128.66",
ifrs17-result-snapshot,分红账户1,25,11,-92393495.64478968,"(92,393,495.64)",
ifrs17-result-snapshot,分红账户1,25,12,1358994633.0166287,"1,358,994,633.02",
ifrs17-result-snapshot,分红账户1,25,13,0,0,
ifrs17-result-snapshot,分红账户1,26,0,"""支付的赔款及其他相关费用（含相关投资成分）""",支付的赔款及其他相关费用（含相关投资成分）,
ifrs17-result-snapshot,分红账户1,26,1,"""[22]""",[22],
ifrs17-result-snapshot,分红账户1,26,2,-92393495.64478968,"(92,393,495.64)",
ifrs17-result-snapshot,分红账户1,26,5,-92393495.64478968,"(92,393,495.64)",
ifrs17-result-snapshot,分红账户1,26,7,"""其他变动""",其他变动,
ifrs17-result-snapshot,分红账户1,26,8,"""[21]""",[21],
ifrs17-result-snapshot,分红账户1,26,12,0,0,
ifrs17-result-snapshot,分红账户1,27,0,"""其他""",其他,
ifrs17-result-snapshot,分红账户1,27,1,"""[23]""",[23],
ifrs17-result-snapshot,分红账户1,27,2,0,0,
ifrs17-result-snapshot,分红账户1,27,5,0,0,
ifrs17-result-snapshot,分红账户1,27,7,"""于期末/年末的保险合同净负债/资产余额""",于期末/年末的保险合同净负债/资产余额,
ifrs17-result-snapshot,分红账户1,27,8,"""[22]=[3]+[14]+[15]+[20]+[21]""",[22]=[3]+[14]+[15]+[20]+[21],
ifrs17-result-snapshot,分红账户1,27,9,2719420426.7930646,"2,719,420,426.79",
ifrs17-result-snapshot,分红账户1,27,10,15250872.7288506,"15,250,872.73",
ifrs17-result-snapshot,分红账户1,27,11,27453059.164544545,"27,453,059.16",
ifrs17-result-snapshot,分红账户1,27,12,2762124358.6864595,"2,762,124,358.69",
ifrs17-result-snapshot,分红账户1,27,13,0,0,
ifrs17-result-snapshot,分红账户1,28,0,"""现金流量合计""",现金流量合计,
ifrs17-result-snapshot,分红账户1,28,1,"""[24]=[20]+[21]+[22]+[23]""",[24]=[20]+[21]+[22]+[23],
ifrs17-result-snapshot,分红账户1,28,2,1358994633.0166283,"1,358,994,633.02",
ifrs17-result-snapshot,分红账户1,28,5,1358994633.0166283,"1,358,994,633.02",
ifrs17-result-snapshot,分红账户1,28,7,"""于期末/年末的保险合同资产""",于期末/年末的保险合同资产,
ifrs17-result-snapshot,分红账户1,28,8,"""[23]""",[23],
ifrs17-result-snapshot,分红账户1,28,9,0,0,
ifrs17-result-snapshot,分红账户1,28,10,0,0,
ifrs17-result-snapshot,分红账户1,28,11,0,0,
ifrs17-result-snapshot,分红账户1,28,12,0,0,
ifrs17-result-snapshot,分红账户1,29,0,"""其他变动""",其他变动,
ifrs17-result-snapshot,分红账户1,29,1,"""[25]""",[25],
ifrs17-result-snapshot,分红账户1,29,5,0,0,
ifrs17-result-snapshot,分红账户1,29,7,"""于期末/年末的保险合同负债""",于期末/年末的保险合同负债,
ifrs17-result-snapshot,分红账户1,29,8,"""[24]=[22]-[23]""",[24]=[22]-[23],
ifrs17-result-snapshot,分红账户1,29,9,2719420426.7930646,"2,719,420,426.79",
ifrs17-result-snapshot,分红账户1,29,10,15250872.7288506,"15,250,872.73",
ifrs17-result-snapshot,分红账户1,29,11,27453059.164544545,"27,453,059.16",
ifrs17-result-snapshot,分红账户1,29,12,2762124358.6864595,"2,762,124,358.69",
ifrs17-result-snapshot,分红账户1,30,0,"""于期末/年末的保险合同净负债/资产余额""",于期末/年末的保险合同净负债/资产余额,
ifrs17-result-snapshot,分红账户1,30,1,"""[26]=[3]+[19]+[24]+[25]""",[26]=[3]+[19]+[24]+[25],
ifrs17-result-snapshot,分红账户1,30,2,2257862419.1644335,"2,257,862,419.16",
ifrs17-result-snapshot,分红账户1,30,3,25597486.980085745,"25,597,486.98",
ifrs17-result-snapshot,分红账户1,30,4,478664452.54194033,"478,664,452.54",
ifrs17-result-snapshot,分红账户1,30,5,2762124358.6864595,"2,762,124,358.69",
ifrs17-result-snapshot,分红账户1,30,7,"""1例如，外币报表折算差额。""",1例如，外币报表折算差额。,
ifrs17-result-snapshot,分红账户1,31,0,"""于期末/年末的保险合同资产""",于期末/年末的保险合同资产,
ifrs17-result-snapshot,分红账户1,31,1,"""[27]""",[27],
ifrs17-result-snapshot,分红账户1,31,2,0,0,
ifrs17-result-snapshot,分红账户1,31,3,0,0,
ifrs17-result-snapshot,分红账户1,31,4,0,0,
ifrs17-result-snapshot,分红账户1,31,5,0,0,
ifrs17-result-snapshot,分红账户1,31,7,"""2该保费返还可以作为“收到的保费”的减项。""",2该保费返还可以作为“收到的保费”的减项。,
ifrs17-result-snapshot,分红账户1,31,8,"""check""",check,
ifrs17-result-snapshot,分红账户1,31,9,2719420426.793065,"2,719,420,426.79",
ifrs17-result-snapshot,分红账户1,31,10,15250872.728850614,"15,250,872.73",
ifrs17-result-snapshot,分红账户1,31,11,27453059.16454457,"27,453,059.16",
ifrs17-result-snapshot,分红账户1,31,12,2762124358.68646,"2,762,124,358.69",
ifrs17-result-snapshot,分红账户1,32,0,"""于期末/年末的保险合同负债""",于期末/年末的保险合同负债,
ifrs17-result-snapshot,分红账户1,32,1,"""[28]=[26]-[27]""",[28]=[26]-[27],
ifrs17-result-snapshot,分红账户1,32,2,2257862419.1644335,"2,257,862,419.16",
ifrs17-result-snapshot,分红账户1,32,3,25597486.980085745,"25,597,486.98",
ifrs17-result-snapshot,分红账户1,32,4,478664452.54194033,"478,664,452.54",
ifrs17-result-snapshot,分红账户1,32,5,2762124358.6864595,"2,762,124,358.69",
ifrs17-result-snapshot,分红账户1,32,8,"""DIFF""",DIFF,
ifrs17-result-snapshot,分红账户1,32,9,0,0,
ifrs17-result-snapshot,分红账户1,32,10,0,0,
ifrs17-result-snapshot,分红账户1,32,11,0,0,
ifrs17-result-snapshot,分红账户1,32,12,0,0,
ifrs17-result-snapshot,分红账户1,34,1,"""check""",check,
ifrs17-result-snapshot,分红账户1,34,2,2257862419.1604795,"2,257,862,419.16",
ifrs17-result-snapshot,分红账户1,34,3,25597486.98008574,"25,597,486.98",
ifrs17-result-snapshot,分红账户1,34,4,478664452.5459143,"478,664,452.55",
ifrs17-result-snapshot,分红账户1,34,5,2762124358.68648,"2,762,124,358.69",
ifrs17-result-snapshot,分红账户1,35,1,"""DIFF""",DIFF,
ifrs17-result-snapshot,分红账户1,35,2,-0.00395355224609375,(0),
ifrs17-result-snapshot,分红账户1,35,3,0,0,
ifrs17-result-snapshot,分红账户1,35,4,0.003973960876464844,0,
ifrs17-result-snapshot,分红账户1,35,5,0.000020599365234375,0,
ifrs17-result-snapshot,分红账户2,0,0,"""保险合同负债余额调节表1（M1表）——按组成要素""",保险合同负债余额调节表1（M1表）——按组成要素,
ifrs17-result-snapshot,分红账户2,0,7,"""保险合同负债余额调节表2（M2表）——按负债类别""",保险合同负债余额调节表2（M2表）——按负债类别,
ifrs17-result-snapshot,分红账户2,0,14,"""倒算法REVENUE""",倒算法REVENUE,
ifrs17-result-snapshot,分红账户2,0,15,"""checkdiff""",checkdiff,
ifrs17-result-snapshot,分红账户2,1,0,"""项目""",项目,
ifrs17-result-snapshot,分红账户2,1,1,"""编号""",编号,
ifrs17-result-snapshot,分红账户2,1,2,"""未来现金流量现值""",未来现金流量现值,
ifrs17-result-snapshot,分红账户2,1,3,"""非金融风险调整""",非金融风险调整,
ifrs17-result-snapshot,分红账户2,1,4,"""合同服务边际""",合同服务边际,
ifrs17-result-snapshot,分红账户2,1,5,"""合计""",合计,
ifrs17-result-snapshot,分红账户2,1,7,"""项目""",项目,
ifrs17-result-snapshot,分红账户2,1,8,"""编号""",编号,
ifrs17-result-snapshot,分红账户2,1,9,"""未到期责任负债""",未到期责任负债,
ifrs17-result-snapshot,分红账户2,1,11,"""已发生赔款负债""",已发生赔款负债,
ifrs17-result-snapshot,分红账户2,1,12,"""合计""",合计,
ifrs17-result-snapshot,分红账户2,1,14,-2724206.0056574787,"(2,724,206.01)",
ifrs17-result-snapshot,分红账户2,1,15,-1.4156103134155273e-8,(0),
ifrs17-result-snapshot,分红账户2,2,9,"""非亏损部分""",非亏损部分,
ifrs17-result-snapshot,分红账户2,2,10,"""亏损部分""",亏损部分,
ifrs17-result-snapshot,分红账户2,3,0,"""于期初/年初的保险合同负债""",于期初/年初的保险合同负债,
ifrs17-result-snapshot,分红账户2,3,1,"""[1]""",[1],
ifrs17-result-snapshot,分红账户2,3,2,145929852.68588758,"145,929,852.69",
ifrs17-result-snapshot,分红账户2,3,3,25252.6669124,"25,252.67",
ifrs17-result-snapshot,分红账户2,3,4,1808241.6215999997,"1,808,241.62",
ifrs17-result-snapshot,分红账户2,3,5,147763346.97439998,"147,763,346.97",
ifrs17-result-snapshot,分红账户2,3,7,"""于期初/年初的保险合同负债""",于期初/年初的保险合同负债,
ifrs17-result-snapshot,分红账户2,3,8,"""[1]""",[1],
ifrs17-result-snapshot,分红账户2,3,9,147451697.0092,"147,451,697.01",
ifrs17-result-snapshot,分红账户2,3,10,311649.9651999994,"311,649.97",
ifrs17-result-snapshot,分红账户2,3,11,0,0,
ifrs17-result-snapshot,分红账户2,3,12,147763346.97439998,"147,763,346.97",
ifrs17-result-snapshot,分红账户2,4,0,"""于期初/年初的保险合同资产""",于期初/年初的保险合同资产,
ifrs17-result-snapshot,分红账户2,4,1,"""[2]""",[2],
ifrs17-result-snapshot,分红账户2,4,2,0,0,
ifrs17-result-snapshot,分红账户2,4,3,0,0,
ifrs17-result-snapshot,分红账户2,4,4,0,0,
ifrs17-result-snapshot,分红账户2,4,5,0,0,
ifrs17-result-snapshot,分红账户2,4,7,"""于期初/年初的保险合同资产""",于期初/年初的保险合同资产,
ifrs17-result-snapshot,分红账户2,4,8,"""[2]""",[2],
ifrs17-result-snapshot,分红账户2,4,9,0,0,
ifrs17-result-snapshot,分红账户2,4,10,0,0,
ifrs17-result-snapshot,分红账户2,4,11,0,0,
ifrs17-result-snapshot,分红账户2,4,12,0,0,
ifrs17-result-snapshot,分红账户2,5,0,"""于期初/年初的保险合同净负债/资产余额""",于期初/年初的保险合同净负债/资产余额,
ifrs17-result-snapshot,分红账户2,5,1,"""[3]=[1]+[2]""",[3]=[1]+[2],
ifrs17-result-snapshot,分红账户2,5,2,145929852.68588758,"145,929,852.69",
ifrs17-result-snapshot,分红账户2,5,3,25252.6669124,"25,252.67",
ifrs17-result-snapshot,分红账户2,5,4,1808241.6215999997,"1,808,241.62",
ifrs17-result-snapshot,分红账户2,5,5,147763346.97439998,"147,763,346.97",
ifrs17-result-snapshot,分红账户2,5,7,"""于期初/年初的保险合同净负债/资产余额""",于期初/年初的保险合同净负债/资产余额,
ifrs17-result-snapshot,分红账户2,5,8,"""[3]=[1]+[2]""",[3]=[1]+[2],
ifrs17-result-snapshot,分红账户2,5,9,147451697.0092,"147,451,697.01",
ifrs17-result-snapshot,分红账户2,5,10,311649.9651999994,"311,649.97",
ifrs17-result-snapshot,分红账户2,5,11,0,0,
ifrs17-result-snapshot,分红账户2,5,12,147763346.97439998,"147,763,346.97",
ifrs17-result-snapshot,分红账户2,5,13,0,0,
ifrs17-result-snapshot,分红账户2,6,0,"""计入综合收益的变动""",计入综合收益的变动,
ifrs17-result-snapshot,分红账户2,6,7,"""计入综合收益的变动""",计入综合收益的变动,
ifrs17-result-snapshot,分红账户2,7,0,"""与当期服务相关的变动""",与当期服务相关的变动,
ifrs17-result-snapshot,分红账户2,7,1,"""[4]=[5]+[6]+[7]""",[4]=[5]+[6]+[7],
ifrs17-result-snapshot,分红账户2,7,2,119904.66780679848,"119,904.67",
ifrs17-result-snapshot,分红账户2,7,3,-10540.3486804,"(10,540.35)",
ifrs17-result-snapshot,分红账户2,7,4,-2433552.2309206733,"(2,433,552.23)",
ifrs17-result-snapshot,分红账户2,7,5,-2324187.9117942746,"(2,324,187.91)",
ifrs17-result-snapshot,分红账户2,7,7,"""保险服务收入""",保险服务收入,
ifrs17-result-snapshot,分红账户2,7,8,"""[4]""",[4],
ifrs17-result-snapshot,分红账户2,7,9,-2724206.0056574647,"(2,724,206.01)",
ifrs17-result-snapshot,分红账户2,7,12,-2724206.0056574647,"(2,724,206.01)",
ifrs17-result-snapshot,分红账户2,7,13,0,0,
ifrs17-result-snapshot,分红账户2,7,14,0,0,
ifrs17-result-snapshot,分红账户2,8,0,"""合同服务边际的摊销""",合同服务边际的摊销,
ifrs17-result-snapshot,分红账户2,8,1,"""[5]""",[5],
ifrs17-result-snapshot,分红账户2,8,4,-2433552.2309206733,"(2,433,552.23)",
ifrs17-result-snapshot,分红账户2,8,5,-2433552.2309206733,"(2,433,552.23)",
ifrs17-result-snapshot,分红账户2,8,7,"""保险服务费用""",保险服务费用,
ifrs17-result-snapshot,分红账户2,8,12,0,0,
ifrs17-result-snapshot,分红账户2,9,0,"""非金融风险调整的变动""",非金融风险调整的变动,
ifrs17-result-snapshot,分红账户2,9,1,"""[6]""",[6],
ifrs17-result-snapshot,分红账户2,9,3,-10540.3486804,"(10,540.35)",
ifrs17-result-snapshot,分红账户2,9,5,-10540.3486804,"(10,540.35)",
ifrs17-result-snapshot,分红账户2,9,7,"""当期发生赔款及其他相关费用（保险获取现金流量除外）""",当期发生赔款及其他相关费用（保险获取现金流量除外）,
ifrs17-result-snapshot,分红账户2,9,8,"""[5]""",[5],
ifrs17-result-snapshot,分红账户2,9,10,-33914.88110424062,"(33,914.88)",
ifrs17-result-snapshot,分红账户2,9,11,238724.08621239843,"238,724.09",
ifrs17-result-snapshot,分红账户2,9,12,204809.20510815782,"204,809.21",
ifrs17-result-snapshot,分红账户2,10,0,"""当期经验调整""",当期经验调整,
ifrs17-result-snapshot,分红账户2,10,1,"""[7]""",[7],
ifrs17-result-snapshot,分红账户2,10,2,119904.66780679848,"119,904.67",
ifrs17-result-snapshot,分红账户2,10,5,119904.66780679848,"119,904.67",
ifrs17-result-snapshot,分红账户2,10,7,"""保险获取现金流量的摊销""",保险获取现金流量的摊销,
ifrs17-result-snapshot,分红账户2,10,8,"""[6]""",[6],
ifrs17-result-snapshot,分红账户2,10,9,195208.88875503192,"195,208.89",
ifrs17-result-snapshot,分红账户2,10,12,195208.88875503192,"195,208.89",
ifrs17-result-snapshot,分红账户2,11,0,"""与未来服务相关的变动""",与未来服务相关的变动,
ifrs17-result-snapshot,分红账户2,11,1,"""[8]=[9]+[10]+[11]+[12]""",[8]=[9]+[10]+[11]+[12],
ifrs17-result-snapshot,分红账户2,11,2,-3722523.4826071486,"(3,722,523.48)",
ifrs17-result-snapshot,分红账户2,11,3,4046.5665980000026,"4,046.57",
ifrs17-result-snapshot,分红账户2,11,4,3419066.6837981036,"3,419,066.68",
ifrs17-result-snapshot,分红账户2,11,5,-299410.23221104516,"(299,410.23)",
ifrs17-result-snapshot,分红账户2,11,7,"""亏损部分的确认及转回""",亏损部分的确认及转回,
ifrs17-result-snapshot,分红账户2,11,8,"""[7]""",[7],
ifrs17-result-snapshot,分红账户2,11,10,-299410.2322110447,"(299,410.23)",
ifrs17-result-snapshot,分红账户2,11,12,-299410.2322110447,"(299,410.23)",
ifrs17-result-snapshot,分红账户2,12,0,"""当期初始确认的保险合同影响""",当期初始确认的保险合同影响,
ifrs17-result-snapshot,分红账户2,12,1,"""[9]""",[9],
ifrs17-result-snapshot,分红账户2,12,2,0,0,
ifrs17-result-snapshot,分红账户2,12,3,0,0,
ifrs17-result-snapshot,分红账户2,12,4,0,0,
ifrs17-result-snapshot,分红账户2,12,5,0,0,
ifrs17-result-snapshot,分红账户2,12,7,"""已发生赔款负债相关履约现金流量变动""",已发生赔款负债相关履约现金流量变动,
ifrs17-result-snapshot,分红账户2,12,8,"""[8]""",[8],
ifrs17-result-snapshot,分红账户2,12,11,0,0,
ifrs17-result-snapshot,分红账户2,12,12,0,0,
ifrs17-result-snapshot,分红账户2,13,0,"""调整合同服务边际的估计变更""",调整合同服务边际的估计变更,
ifrs17-result-snapshot,分红账户2,13,1,"""[10]""",[10],
ifrs17-result-snapshot,分红账户2,13,2,-3423113.250396104,"(3,423,113.25)",
ifrs17-result-snapshot,分红账户2,13,3,4046.5665980000026,"4,046.57",
ifrs17-result-snapshot,分红账户2,13,4,3419066.6837981036,"3,419,066.68",
ifrs17-result-snapshot,分红账户2,13,5,0,0,
ifrs17-result-snapshot,分红账户2,13,7,"""其他""",其他,
ifrs17-result-snapshot,分红账户2,13,8,"""[9]""",[9],
ifrs17-result-snapshot,分红账户2,13,9,0,0,
ifrs17-result-snapshot,分红账户2,13,12,0,0,
ifrs17-result-snapshot,分红账户2,14,0,"""不调整合同服务边际的估计变更""",不调整合同服务边际的估计变更,
ifrs17-result-snapshot,分红账户2,14,1,"""[11]""",[11],
ifrs17-result-snapshot,分红账户2,14,2,-299410.2322110447,"(299,410.23)",
ifrs17-result-snapshot,分红账户2,14,3,0,0,
ifrs17-result-snapshot,分红账户2,14,5,-299410.2322110447,"(299,410.23)",
ifrs17-result-snapshot,分红账户2,14,7,"""保险服务费用小计""",保险服务费用小计,
ifrs17-result-snapshot,分红账户2,14,8,"""[10]=[5]～[9]之和""",[10]=[5]～[9]之和,
ifrs17-result-snapshot,分红账户2,14,9,195208.88875503192,"195,208.89",
ifrs17-result-snapshot,分红账户2,14,10,-333325.1133152853,"(333,325.11)",
ifrs17-result-snapshot,分红账户2,14,11,238724.08621239843,"238,724.09",
ifrs17-result-snapshot,分红账户2,14,12,100607.86165214502,"100,607.86",
ifrs17-result-snapshot,分红账户2,14,14,1.962762326002121e-8,0,
ifrs17-result-snapshot,分红账户2,15,0,"""其他""",其他,
ifrs17-result-snapshot,分红账户2,15,1,"""[12]""",[12],
ifrs17-result-snapshot,分红账户2,15,5,0,0,
ifrs17-result-snapshot,分红账户2,15,7,"""保险服务业绩""",保险服务业绩,
ifrs17-result-snapshot,分红账户2,15,8,"""[11]=[4]+[10]""",[11]=[4]+[10],
ifrs17-result-snapshot,分红账户2,15,9,-2528997.1169024324,"(2,528,997.12)",
ifrs17-result-snapshot,分红账户2,15,10,-333325.1133152853,"(333,325.11)",
ifrs17-result-snapshot,分红账户2,15,11,238724.08621239843,"238,724.09",
ifrs17-result-snapshot,分红账户2,15,12,-2623598.1440053196,"(2,623,598.14)",
ifrs17-result-snapshot,分红账户2,15,13,0,0,
ifrs17-result-snapshot,分红账户2,16,0,"""与过去服务相关的变动""",与过去服务相关的变动,
ifrs17-result-snapshot,分红账户2,16,1,"""[13]=[14]+[15]""",[13]=[14]+[15],
ifrs17-result-snapshot,分红账户2,16,2,0,0,
ifrs17-result-snapshot,分红账户2,16,3,0,0,
ifrs17-result-snapshot,分红账户2,16,4,0,0,
ifrs17-result-snapshot,分红账户2,16,5,0,0,
ifrs17-result-snapshot,分红账户2,16,7,"""保险合同金融变动额""",保险合同金融变动额,
ifrs17-result-snapshot,分红账户2,16,8,"""[12]""",[12],
ifrs17-result-snapshot,分红账户2,16,9,9281620.492050722,"9,281,620.49",
ifrs17-result-snapshot,分红账户2,16,10,21675.148115285985,"21,675.15",
ifrs17-result-snapshot,分红账户2,16,11,0,0,
ifrs17-result-snapshot,分红账户2,16,12,9303295.640166009,"9,303,295.64",
ifrs17-result-snapshot,分红账户2,16,13,0,0,
ifrs17-result-snapshot,分红账户2,17,0,"""已发生赔款负债相关履约现金流量变动""",已发生赔款负债相关履约现金流量变动,
ifrs17-result-snapshot,分红账户2,17,1,"""[14]""",[14],
ifrs17-result-snapshot,分红账户2,17,2,0,0,
ifrs17-result-snapshot,分红账户2,17,3,0,0,
ifrs17-result-snapshot,分红账户2,17,5,0,0,
ifrs17-result-snapshot,分红账户2,17,7,"""其他1""",其他1,
ifrs17-result-snapshot,分红账户2,17,8,"""[13]""",[13],
ifrs17-result-snapshot,分红账户2,17,12,0,0,
ifrs17-result-snapshot,分红账户2,18,0,"""其他""",其他,
ifrs17-result-snapshot,分红账户2,18,1,"""[15]""",[15],
ifrs17-result-snapshot,分红账户2,18,5,0,0,
ifrs17-result-snapshot,分红账户2,18,7,"""计入综合收益的变动合计""",计入综合收益的变动合计,
ifrs17-result-snapshot,分红账户2,18,8,"""[14]=[11]+[12]+[13]""",[14]=[11]+[12]+[13],
ifrs17-result-snapshot,分红账户2,18,9,6752623.375148291,"6,752,623.38",
ifrs17-result-snapshot,分红账户2,18,10,-311649.96519999934,"(311,649.97)",
ifrs17-result-snapshot,分红账户2,18,11,238724.08621239843,"238,724.09",
ifrs17-result-snapshot,分红账户2,18,12,6679697.496160689,"6,679,697.5",
ifrs17-result-snapshot,分红账户2,18,13,0,0,
ifrs17-result-snapshot,分红账户2,19,0,"""保险服务业绩""",保险服务业绩,
ifrs17-result-snapshot,分红账户2,19,1,"""[16]=[4]+[8]+[13]""",[16]=[4]+[8]+[13],
ifrs17-result-snapshot,分红账户2,19,2,-3602618.8148003505,"(3,602,618.81)",
ifrs17-result-snapshot,分红账户2,19,3,-6493.782082399997,"(6,493.78)",
ifrs17-result-snapshot,分红账户2,19,4,985514.4528774306,"985,514.45",
ifrs17-result-snapshot,分红账户2,19,5,-2623598.1440053196,"(2,623,598.14)",
ifrs17-result-snapshot,分红账户2,19,7,"""投资成分（及保费返还 ）2""",投资成分（及保费返还 ）2,
ifrs17-result-snapshot,分红账户2,19,8,"""[15]""",[15],
ifrs17-result-snapshot,分红账户2,19,9,-4852191.334444001,"(4,852,191.33)",
ifrs17-result-snapshot,分红账户2,19,11,4852191.334444001,"4,852,191.33",
ifrs17-result-snapshot,分红账户2,19,12,0,0,
ifrs17-result-snapshot,分红账户2,20,0,"""保险合同金融变动额""",保险合同金融变动额,
ifrs17-result-snapshot,分红账户2,20,1,"""[17]""",[17],
ifrs17-result-snapshot,分红账户2,20,2,9303295.640166009,"9,303,295.64",
ifrs17-result-snapshot,分红账户2,20,4,0,0,
ifrs17-result-snapshot,分红账户2,20,5,9303295.640166009,"9,303,295.64",
ifrs17-result-snapshot,分红账户2,20,7,"""现金流量""",现金流量,
ifrs17-result-snapshot,分红账户2,20,12,0,0,
ifrs17-result-snapshot,分红账户2,21,0,"""其他1""",其他1,
ifrs17-result-snapshot,分红账户2,21,1,"""[18]""",[18],
ifrs17-result-snapshot,分红账户2,21,5,0,0,
ifrs17-result-snapshot,分红账户2,21,7,"""收到的保费""",收到的保费,
ifrs17-result-snapshot,分红账户2,21,8,"""[16]""",[16],
ifrs17-result-snapshot,分红账户2,21,9,0,0,
ifrs17-result-snapshot,分红账户2,21,12,0,0,
ifrs17-result-snapshot,分红账户2,22,0,"""计入综合收益的变动合计""",计入综合收益的变动合计,
ifrs17-result-snapshot,分红账户2,22,1,"""[19]=[16]+[17]+[18]""",[19]=[16]+[17]+[18],
ifrs17-result-snapshot,分红账户2,22,2,5700676.825365658,"5,700,676.83",
ifrs17-result-snapshot,分红账户2,22,3,-6493.782082399997,"(6,493.78)",
ifrs17-result-snapshot,分红账户2,22,4,985514.4528774306,"985,514.45",
ifrs17-result-snapshot,分红账户2,22,5,6679697.496160689,"6,679,697.5",
ifrs17-result-snapshot,分红账户2,22,7,"""支付的保险获取现金流量""",支付的保险获取现金流量,
ifrs17-result-snapshot,分红账户2,22,8,"""[17]""",[17],
ifrs17-result-snapshot,分红账户2,22,9,-207.56384406072502,(207.56),
ifrs17-result-snapshot,分红账户2,22,12,-207.56384406072502,(207.56),
ifrs17-result-snapshot,分红账户2,23,0,"""现金流量""",现金流量,
ifrs17-result-snapshot,分红账户2,23,5,0,0,
ifrs17-result-snapshot,分红账户2,23,7,"""支付的赔款及其他相关费用（含投资成分）""",支付的赔款及其他相关费用（含投资成分）,
ifrs17-result-snapshot,分红账户2,23,8,"""[18]""",[18],
ifrs17-result-snapshot,分红账户2,23,11,-4533061.42689173,"(4,533,061.43)",
ifrs17-result-snapshot,分红账户2,23,12,-4533061.42689173,"(4,533,061.43)",
ifrs17-result-snapshot,分红账户2,24,0,"""收到的保费""",收到的保费,
ifrs17-result-snapshot,分红账户2,24,1,"""[20]""",[20],
ifrs17-result-snapshot,分红账户2,24,2,0,0,
ifrs17-result-snapshot,分红账户2,24,5,0,0,
ifrs17-result-snapshot,分红账户2,24,7,"""其他""",其他,
ifrs17-result-snapshot,分红账户2,24,8,"""[19]""",[19],
ifrs17-result-snapshot,分红账户2,24,9,0,0,
ifrs17-result-snapshot,分红账户2,24,12,0,0,
ifrs17-result-snapshot,分红账户2,25,0,"""支付的保险获取现金流量""",支付的保险获取现金流量,
ifrs17-result-snapshot,分红账户2,25,1,"""[21]""",[21],
ifrs17-result-snapshot,分红账户2,25,2,-207.56384406072502,(207.56),
ifrs17-result-snapshot,分红账户2,25,5,-207.56384406072502,(207.56),
ifrs17-result-snapshot,分红账户2,25,7,"""现金流量合计""",现金流量合计,
ifrs17-result-snapshot,分红账户2,25,8,"""[20]=[16]～[19]之和""",[20]=[16]～[19]之和,
ifrs17-result-snapshot,分红账户2,25,9,-207.56384406072502,(207.56),
ifrs17-result-snapshot,分红账户2,25,11,-4533061.42689173,"(4,533,061.43)",
ifrs17-result-snapshot,分红账户2,25,12,-4533268.990735791,"(4,533,268.99)",
ifrs17-result-snapshot,分红账户2,25,13,0,0,
ifrs17-result-snapshot,分红账户2,26,0,"""支付的赔款及其他相关费用（含相关投资成分）""",支付的赔款及其他相关费用（含相关投资成分）,
ifrs17-result-snapshot,分红账户2,26,1,"""[22]""",[22],
ifrs17-result-snapshot,分红账户2,26,2,-4533061.42689173,"(4,533,061.43)",
ifrs17-result-snapshot,分红账户2,26,5,-4533061.42689173,"(4,533,061.43)",
ifrs17-result-snapshot,分红账户2,26,7,"""其他变动""",其他变动,
ifrs17-result-snapshot,分红账户2,26,8,"""[21]""",[21],
ifrs17-result-snapshot,分红账户2,26,12,0,0,
ifrs17-result-snapshot,分红账户2,27,0,"""其他""",其他,
ifrs17-result-snapshot,分红账户2,27,1,"""[23]""",[23],
ifrs17-result-snapshot,分红账户2,27,2,0,0,
ifrs17-result-snapshot,分红账户2,27,5,0,0,
ifrs17-result-snapshot,分红账户2,27,7,"""于期末/年末的保险合同净负债/资产余额""",于期末/年末的保险合同净负债/资产余额,
ifrs17-result-snapshot,分红账户2,27,8,"""[22]=[3]+[14]+[15]+[20]+[21]""",[22]=[3]+[14]+[15]+[20]+[21],
ifrs17-result-snapshot,分红账户2,27,9,149351921.4860602,"149,351,921.49",
ifrs17-result-snapshot,分红账户2,27,10,-1.7248927074843537e-10,(0),
ifrs17-result-snapshot,分红账户2,27,11,557853.9937646696,"557,853.99",
ifrs17-result-snapshot,分红账户2,27,12,149909775.47982487,"149,909,775.48",
ifrs17-result-snapshot,分红账户2,27,13,0,0,
ifrs17-result-snapshot,分红账户2,28,0,"""现金流量合计""",现金流量合计,
ifrs17-result-snapshot,分红账户2,28,1,"""[24]=[20]+[21]+[22]+[23]""",[24]=[20]+[21]+[22]+[23],
ifrs17-result-snapshot,分红账户2,28,2,-4533268.990735791,"(4,533,268.99)",
ifrs17-result-snapshot,分红账户2,28,5,-4533268.990735791,"(4,533,268.99)",
ifrs17-result-snapshot,分红账户2,28,7,"""于期末/年末的保险合同资产""",于期末/年末的保险合同资产,
ifrs17-result-snapshot,分红账户2,28,8,"""[23]""",[23],
ifrs17-result-snapshot,分红账户2,28,9,0,0,
ifrs17-result-snapshot,分红账户2,28,10,0,0,
ifrs17-result-snapshot,分红账户2,28,11,0,0,
ifrs17-result-snapshot,分红账户2,28,12,0,0,
ifrs17-result-snapshot,分红账户2,29,0,"""其他变动""",其他变动,
ifrs17-result-snapshot,分红账户2,29,1,"""[25]""",[25],
ifrs17-result-snapshot,分红账户2,29,5,0,0,
ifrs17-result-snapshot,分红账户2,29,7,"""于期末/年末的保险合同负债""",于期末/年末的保险合同负债,
ifrs17-result-snapshot,分红账户2,29,8,"""[24]=[22]-[23]""",[24]=[22]-[23],
ifrs17-result-snapshot,分红账户2,29,9,149351921.4860602,"149,351,921.49",
ifrs17-result-snapshot,分红账户2,29,10,-1.7248927074843537e-10,(0),
ifrs17-result-snapshot,分红账户2,29,11,557853.9937646696,"557,853.99",
ifrs17-result-snapshot,分红账户2,29,12,149909775.47982487,"149,909,775.48",
ifrs17-result-snapshot,分红账户2,30,0,"""于期末/年末的保险合同净负债/资产余额""",于期末/年末的保险合同净负债/资产余额,
ifrs17-result-snapshot,分红账户2,30,1,"""[26]=[3]+[19]+[24]+[25]""",[26]=[3]+[19]+[24]+[25],
ifrs17-result-snapshot,分红账户2,30,2,147097260.52051744,"147,097,260.52",
ifrs17-result-snapshot,分红账户2,30,3,18758.884830000003,"18,758.88",
ifrs17-result-snapshot,分红账户2,30,4,2793756.0744774304,"2,793,756.07",
ifrs17-result-snapshot,分红账户2,30,5,149909775.47982487,"149,909,775.48",
ifrs17-result-snapshot,分红账户2,30,7,"""1例如，外币报表折算差额。""",1例如，外币报表折算差额。,
ifrs17-result-snapshot,分红账户2,31,0,"""于期末/年末的保险合同资产""",于期末/年末的保险合同资产,
ifrs17-result-snapshot,分红账户2,31,1,"""[27]""",[27],
ifrs17-result-snapshot,分红账户2,31,2,0,0,
ifrs17-result-snapshot,分红账户2,31,3,0,0,
ifrs17-result-snapshot,分红账户2,31,4,0,0,
ifrs17-result-snapshot,分红账户2,31,5,0,0,
ifrs17-result-snapshot,分红账户2,31,7,"""2该保费返还可以作为“收到的保费”的减项。""",2该保费返还可以作为“收到的保费”的减项。,
ifrs17-result-snapshot,分红账户2,31,8,"""check""",check,
ifrs17-result-snapshot,分红账户2,31,9,149351921.48606023,"149,351,921.49",
ifrs17-result-snapshot,分红账户2,31,10,9.313225746154786e-11,0,
ifrs17-result-snapshot,分红账户2,31,11,557853.9937646694,"557,853.99",
ifrs17-result-snapshot,分红账户2,31,12,149909775.4798249,"149,909,775.48",
ifrs17-result-snapshot,分红账户2,32,0,"""于期末/年末的保险合同负债""",于期末/年末的保险合同负债,
ifrs17-result-snapshot,分红账户2,32,1,"""[28]=[26]-[27]""",[28]=[26]-[27],
ifrs17-result-snapshot,分红账户2,32,2,147097260.52051744,"147,097,260.52",
ifrs17-result-snapshot,分红账户2,32,3,18758.884830000003,"18,758.88",
ifrs17-result-snapshot,分红账户2,32,4,2793756.0744774304,"2,793,756.07",
ifrs17-result-snapshot,分红账户2,32,5,149909775.47982487,"149,909,775.48",
ifrs17-result-snapshot,分红账户2,32,8,"""DIFF""",DIFF,
ifrs17-result-snapshot,分红账户2,32,9,0,0,
ifrs17-result-snapshot,分红账户2,32,10,2.656215282099832e-10,0,
ifrs17-result-snapshot,分红账户2,32,11,0,0,
ifrs17-result-snapshot,分红账户2,32,12,0,0,
ifrs17-result-snapshot,分红账户2,34,1,"""check""",check,
ifrs17-result-snapshot,分红账户2,34,2,147097260.52051744,"147,097,260.52",
ifrs17-result-snapshot,分红账户2,34,3,18758.884830000003,"18,758.88",
ifrs17-result-snapshot,分红账户2,34,4,2793756.0744774304,"2,793,756.07",
ifrs17-result-snapshot,分红账户2,34,5,149909775.47982487,"149,909,775.48",
ifrs17-result-snapshot,分红账户2,35,1,"""DIFF""",DIFF,
ifrs17-result-snapshot,分红账户2,35,2,0,0,
ifrs17-result-snapshot,分红账户2,35,3,0,0,
ifrs17-result-snapshot,分红账户2,35,4,0,0,
ifrs17-result-snapshot,分红账户2,35,5,0,0,
ifrs17-result-snapshot,万能账户,0,0,"""保险合同负债余额调节表1（M1表）——按组成要素""",保险合同负债余额调节表1（M1表）——按组成要素,
ifrs17-result-snapshot,万能账户,0,7,"""保险合同负债余额调节表2（M2表）——按负债类别""",保险合同负债余额调节表2（M2表）——按负债类别,
ifrs17-result-snapshot,万能账户,0,14,"""倒算法REVENUE""",倒算法REVENUE,
ifrs17-result-snapshot,万能账户,0,15,"""checkdiff""",checkdiff,
ifrs17-result-snapshot,万能账户,1,0,"""项目""",项目,
ifrs17-result-snapshot,万能账户,1,1,"""编号""",编号,
ifrs17-result-snapshot,万能账户,1,2,"""未来现金流量现值""",未来现金流量现值,
ifrs17-result-snapshot,万能账户,1,3,"""非金融风险调整""",非金融风险调整,
ifrs17-result-snapshot,万能账户,1,4,"""合同服务边际""",合同服务边际,
ifrs17-result-snapshot,万能账户,1,5,"""合计""",合计,
ifrs17-result-snapshot,万能账户,1,7,"""项目""",项目,
ifrs17-result-snapshot,万能账户,1,8,"""编号""",编号,
ifrs17-result-snapshot,万能账户,1,9,"""未到期责任负债""",未到期责任负债,
ifrs17-result-snapshot,万能账户,1,11,"""已发生赔款负债""",已发生赔款负债,
ifrs17-result-snapshot,万能账户,1,12,"""合计""",合计,
ifrs17-result-snapshot,万能账户,1,14,-9748165.622546133,"(9,748,165.62)",
ifrs17-result-snapshot,万能账户,1,15,-2.86102294921875e-7,(0),
ifrs17-result-snapshot,万能账户,2,9,"""非亏损部分""",非亏损部分,
ifrs17-result-snapshot,万能账户,2,10,"""亏损部分""",亏损部分,
ifrs17-result-snapshot,万能账户,3,0,"""于期初/年初的保险合同负债""",于期初/年初的保险合同负债,
ifrs17-result-snapshot,万能账户,3,1,"""[1]""",[1],
ifrs17-result-snapshot,万能账户,3,2,2358317944.264037,"2,358,317,944.26",
ifrs17-result-snapshot,万能账户,3,3,1429171.1359339994,"1,429,171.14",
ifrs17-result-snapshot,万能账户,3,4,70143765.09285119,"70,143,765.09",
ifrs17-result-snapshot,万能账户,3,5,2429890880.4928226,"2,429,890,880.49",
ifrs17-result-snapshot,万能账户,3,7,"""于期初/年初的保险合同负债""",于期初/年初的保险合同负债,
ifrs17-result-snapshot,万能账户,3,8,"""[1]""",[1],
ifrs17-result-snapshot,万能账户,3,9,2427235526.48034,"2,427,235,526.48",
ifrs17-result-snapshot,万能账户,3,10,497652.8753023941,"497,652.88",
ifrs17-result-snapshot,万能账户,3,11,2157701.1371815996,"2,157,701.14",
ifrs17-result-snapshot,万能账户,3,12,2429890880.4928236,"2,429,890,880.49",
ifrs17-result-snapshot,万能账户,4,0,"""于期初/年初的保险合同资产""",于期初/年初的保险合同资产,
ifrs17-result-snapshot,万能账户,4,1,"""[2]""",[2],
ifrs17-result-snapshot,万能账户,4,2,0,0,
ifrs17-result-snapshot,万能账户,4,3,0,0,
ifrs17-result-snapshot,万能账户,4,4,0,0,
ifrs17-result-snapshot,万能账户,4,5,0,0,
ifrs17-result-snapshot,万能账户,4,7,"""于期初/年初的保险合同资产""",于期初/年初的保险合同资产,
ifrs17-result-snapshot,万能账户,4,8,"""[2]""",[2],
ifrs17-result-snapshot,万能账户,4,9,0,0,
ifrs17-result-snapshot,万能账户,4,10,0,0,
ifrs17-result-snapshot,万能账户,4,11,0,0,
ifrs17-result-snapshot,万能账户,4,12,0,0,
ifrs17-result-snapshot,万能账户,5,0,"""于期初/年初的保险合同净负债/资产余额""",于期初/年初的保险合同净负债/资产余额,
ifrs17-result-snapshot,万能账户,5,1,"""[3]=[1]+[2]""",[3]=[1]+[2],
ifrs17-result-snapshot,万能账户,5,2,2358317944.264037,"2,358,317,944.26",
ifrs17-result-snapshot,万能账户,5,3,1429171.1359339994,"1,429,171.14",
ifrs17-result-snapshot,万能账户,5,4,70143765.09285119,"70,143,765.09",
ifrs17-result-snapshot,万能账户,5,5,2429890880.4928226,"2,429,890,880.49",
ifrs17-result-snapshot,万能账户,5,7,"""于期初/年初的保险合同净负债/资产余额""",于期初/年初的保险合同净负债/资产余额,
ifrs17-result-snapshot,万能账户,5,8,"""[3]=[1]+[2]""",[3]=[1]+[2],
ifrs17-result-snapshot,万能账户,5,9,2427235526.48034,"2,427,235,526.48",
ifrs17-result-snapshot,万能账户,5,10,497652.8753023941,"497,652.88",
ifrs17-result-snapshot,万能账户,5,11,2157701.1371815996,"2,157,701.14",
ifrs17-result-snapshot,万能账户,5,12,2429890880.4928236,"2,429,890,880.49",
ifrs17-result-snapshot,万能账户,5,13,0,0,
ifrs17-result-snapshot,万能账户,6,0,"""计入综合收益的变动""",计入综合收益的变动,
ifrs17-result-snapshot,万能账户,6,7,"""计入综合收益的变动""",计入综合收益的变动,
ifrs17-result-snapshot,万能账户,7,0,"""与当期服务相关的变动""",与当期服务相关的变动,
ifrs17-result-snapshot,万能账户,7,1,"""[4]=[5]+[6]+[7]""",[4]=[5]+[6]+[7],
ifrs17-result-snapshot,万能账户,7,2,2847931.9717545486,"2,847,931.97",
ifrs17-result-snapshot,万能账户,7,3,-71970.776429073,"(71,970.78)",
ifrs17-result-snapshot,万能账户,7,4,-8574334.34284554,"(8,574,334.34)",
ifrs17-result-snapshot,万能账户,7,5,-5798373.147520063,"(5,798,373.15)",
ifrs17-result-snapshot,万能账户,7,7,"""保险服务收入""",保险服务收入,
ifrs17-result-snapshot,万能账户,7,8,"""[4]""",[4],
ifrs17-result-snapshot,万能账户,7,9,-9748165.622545846,"(9,748,165.62)",
ifrs17-result-snapshot,万能账户,7,12,-9748165.622545846,"(9,748,165.62)",
ifrs17-result-snapshot,万能账户,7,13,0,0,
ifrs17-result-snapshot,万能账户,7,14,0,0,
ifrs17-result-snapshot,万能账户,8,0,"""合同服务边际的摊销""",合同服务边际的摊销,
ifrs17-result-snapshot,万能账户,8,1,"""[5]""",[5],
ifrs17-result-snapshot,万能账户,8,4,-8574334.34284554,"(8,574,334.34)",
ifrs17-result-snapshot,万能账户,8,5,-8574334.34284554,"(8,574,334.34)",
ifrs17-result-snapshot,万能账户,8,7,"""保险服务费用""",保险服务费用,
ifrs17-result-snapshot,万能账户,8,12,0,0,
ifrs17-result-snapshot,万能账户,9,0,"""非金融风险调整的变动""",非金融风险调整的变动,
ifrs17-result-snapshot,万能账户,9,1,"""[6]""",[6],
ifrs17-result-snapshot,万能账户,9,3,-71970.776429073,"(71,970.78)",
ifrs17-result-snapshot,万能账户,9,5,-71970.776429073,"(71,970.78)",
ifrs17-result-snapshot,万能账户,9,7,"""当期发生赔款及其他相关费用（保险获取现金流量除外）""",当期发生赔款及其他相关费用（保险获取现金流量除外）,
ifrs17-result-snapshot,万能账户,9,8,"""[5]""",[5],
ifrs17-result-snapshot,万能账户,9,10,-258451.88402541465,"(258,451.88)",
ifrs17-result-snapshot,万能账户,9,11,4159946.6084554754,"4,159,946.61",
ifrs17-result-snapshot,万能账户,9,12,3901494.7244300605,"3,901,494.72",
ifrs17-result-snapshot,万能账户,10,0,"""当期经验调整""",当期经验调整,
ifrs17-result-snapshot,万能账户,10,1,"""[7]""",[7],
ifrs17-result-snapshot,万能账户,10,2,2847931.9717545486,"2,847,931.97",
ifrs17-result-snapshot,万能账户,10,5,2847931.9717545486,"2,847,931.97",
ifrs17-result-snapshot,万能账户,10,7,"""保险获取现金流量的摊销""",保险获取现金流量的摊销,
ifrs17-result-snapshot,万能账户,10,8,"""[6]""",[6],
ifrs17-result-snapshot,万能账户,10,9,47053.13179411963,"47,053.13",
ifrs17-result-snapshot,万能账户,10,12,47053.13179411963,"47,053.13",
ifrs17-result-snapshot,万能账户,11,0,"""与未来服务相关的变动""",与未来服务相关的变动,
ifrs17-result-snapshot,万能账户,11,1,"""[8]=[9]+[10]+[11]+[12]""",[8]=[9]+[10]+[11]+[12],
ifrs17-result-snapshot,万能账户,11,2,-41207305.23996257,"(41,207,305.24)",
ifrs17-result-snapshot,万能账户,11,3,981920.8065544001,"981,920.81",
ifrs17-result-snapshot,万能账户,11,4,42755373.509235606,"42,755,373.51",
ifrs17-result-snapshot,万能账户,11,5,2529989.0758274375,"2,529,989.08",
ifrs17-result-snapshot,万能账户,11,7,"""亏损部分的确认及转回""",亏损部分的确认及转回,
ifrs17-result-snapshot,万能账户,11,8,"""[7]""",[7],
ifrs17-result-snapshot,万能账户,11,10,2529989.075049824,"2,529,989.08",
ifrs17-result-snapshot,万能账户,11,12,2529989.075049824,"2,529,989.08",
ifrs17-result-snapshot,万能账户,12,0,"""当期初始确认的保险合同影响""",当期初始确认的保险合同影响,
ifrs17-result-snapshot,万能账户,12,1,"""[9]""",[9],
ifrs17-result-snapshot,万能账户,12,2,9192967.242646353,"9,192,967.24",
ifrs17-result-snapshot,万能账户,12,3,958384.2610768002,"958,384.26",
ifrs17-result-snapshot,万能账户,12,4,72736.18271079971,"72,736.18",
ifrs17-result-snapshot,万能账户,12,5,10224087.686433952,"10,224,087.69",
ifrs17-result-snapshot,万能账户,12,7,"""已发生赔款负债相关履约现金流量变动""",已发生赔款负债相关履约现金流量变动,
ifrs17-result-snapshot,万能账户,12,8,"""[8]""",[8],
ifrs17-result-snapshot,万能账户,12,11,-1001978.8823848212,"(1,001,978.88)",
ifrs17-result-snapshot,万能账户,12,12,-1001978.8823848212,"(1,001,978.88)",
ifrs17-result-snapshot,万能账户,13,0,"""调整合同服务边际的估计变更""",调整合同服务边际的估计变更,
ifrs17-result-snapshot,万能账户,13,1,"""[10]""",[10],
ifrs17-result-snapshot,万能账户,13,2,-42702269.20694436,"(42,702,269.21)",
ifrs17-result-snapshot,万能账户,13,3,19631.880420000143,"19,631.88",
ifrs17-result-snapshot,万能账户,13,4,42682637.32652481,"42,682,637.33",
ifrs17-result-snapshot,万能账户,13,5,4.470348358154297e-7,0,
ifrs17-result-snapshot,万能账户,13,7,"""其他""",其他,
ifrs17-result-snapshot,万能账户,13,8,"""[9]""",[9],
ifrs17-result-snapshot,万能账户,13,9,1244.6188016000108,"1,244.62",
ifrs17-result-snapshot,万能账户,13,12,1244.6188016000108,"1,244.62",
ifrs17-result-snapshot,万能账户,14,0,"""不调整合同服务边际的估计变更""",不调整合同服务边际的估计变更,
ifrs17-result-snapshot,万能账户,14,1,"""[11]""",[11],
ifrs17-result-snapshot,万能账户,14,2,-7698003.275664568,"(7,698,003.28)",
ifrs17-result-snapshot,万能账户,14,3,3904.6650576000006,"3,904.67",
ifrs17-result-snapshot,万能账户,14,5,-7694098.610606968,"(7,694,098.61)",
ifrs17-result-snapshot,万能账户,14,7,"""保险服务费用小计""",保险服务费用小计,
ifrs17-result-snapshot,万能账户,14,8,"""[10]=[5]～[9]之和""",[10]=[5]～[9]之和,
ifrs17-result-snapshot,万能账户,14,9,48297.75059571964,"48,297.75",
ifrs17-result-snapshot,万能账户,14,10,2271537.1910244096,"2,271,537.19",
ifrs17-result-snapshot,万能账户,14,11,3157967.7260706546,"3,157,967.73",
ifrs17-result-snapshot,万能账户,14,12,5477802.667690784,"5,477,802.67",
ifrs17-result-snapshot,万能账户,14,14,-0.000777493417263031,(0),
ifrs17-result-snapshot,万能账户,15,0,"""其他""",其他,
ifrs17-result-snapshot,万能账户,15,1,"""[12]""",[12],
ifrs17-result-snapshot,万能账户,15,5,0,0,
ifrs17-result-snapshot,万能账户,15,7,"""保险服务业绩""",保险服务业绩,
ifrs17-result-snapshot,万能账户,15,8,"""[11]=[4]+[10]""",[11]=[4]+[10],
ifrs17-result-snapshot,万能账户,15,9,-9699867.871950125,"(9,699,867.87)",
ifrs17-result-snapshot,万能账户,15,10,2271537.1910244096,"2,271,537.19",
ifrs17-result-snapshot,万能账户,15,11,3157967.7260706546,"3,157,967.73",
ifrs17-result-snapshot,万能账户,15,12,-4270362.954855062,"(4,270,362.95)",
ifrs17-result-snapshot,万能账户,15,13,-0.000777609646320343,(0),
ifrs17-result-snapshot,万能账户,16,0,"""与过去服务相关的变动""",与过去服务相关的变动,
ifrs17-result-snapshot,万能账户,16,1,"""[13]=[14]+[15]""",[13]=[14]+[15],
ifrs17-result-snapshot,万能账户,16,2,-977540.352639023,"(977,540.35)",
ifrs17-result-snapshot,万能账户,16,3,-24438.529745798005,"(24,438.53)",
ifrs17-result-snapshot,万能账户,16,4,0,0,
ifrs17-result-snapshot,万能账户,16,5,-1001978.8823848211,"(1,001,978.88)",
ifrs17-result-snapshot,万能账户,16,7,"""保险合同金融变动额""",保险合同金融变动额,
ifrs17-result-snapshot,万能账户,16,8,"""[12]""",[12],
ifrs17-result-snapshot,万能账户,16,9,60528033.0012327,"60,528,033",
ifrs17-result-snapshot,万能账户,16,10,354154.6683452851,"354,154.67",
ifrs17-result-snapshot,万能账户,16,11,0,0,
ifrs17-result-snapshot,万能账户,16,12,60882187.66957798,"60,882,187.67",
ifrs17-result-snapshot,万能账户,16,13,0,0,
ifrs17-result-snapshot,万能账户,17,0,"""已发生赔款负债相关履约现金流量变动""",已发生赔款负债相关履约现金流量变动,
ifrs17-result-snapshot,万能账户,17,1,"""[14]""",[14],
ifrs17-result-snapshot,万能账户,17,2,-977540.352639023,"(977,540.35)",
ifrs17-result-snapshot,万能账户,17,3,-24438.529745798005,"(24,438.53)",
ifrs17-result-snapshot,万能账户,17,5,-1001978.8823848211,"(1,001,978.88)",
ifrs17-result-snapshot,万能账户,17,7,"""其他1""",其他1,
ifrs17-result-snapshot,万能账户,17,8,"""[13]""",[13],
ifrs17-result-snapshot,万能账户,17,12,0,0,
ifrs17-result-snapshot,万能账户,18,0,"""其他""",其他,
ifrs17-result-snapshot,万能账户,18,1,"""[15]""",[15],
ifrs17-result-snapshot,万能账户,18,5,0,0,
ifrs17-result-snapshot,万能账户,18,7,"""计入综合收益的变动合计""",计入综合收益的变动合计,
ifrs17-result-snapshot,万能账户,18,8,"""[14]=[11]+[12]+[13]""",[14]=[11]+[12]+[13],
ifrs17-result-snapshot,万能账户,18,9,50828165.12928257,"50,828,165.13",
ifrs17-result-snapshot,万能账户,18,10,2625691.8593696947,"2,625,691.86",
ifrs17-result-snapshot,万能账户,18,11,3157967.7260706546,"3,157,967.73",
ifrs17-result-snapshot,万能账户,18,12,56611824.71472292,"56,611,824.71",
ifrs17-result-snapshot,万能账户,18,13,-0.0007775425910949707,(0),
ifrs17-result-snapshot,万能账户,19,0,"""保险服务业绩""",保险服务业绩,
ifrs17-result-snapshot,万能账户,19,1,"""[16]=[4]+[8]+[13]""",[16]=[4]+[8]+[13],
ifrs17-result-snapshot,万能账户,19,2,-39336913.62084705,"(39,336,913.62)",
ifrs17-result-snapshot,万能账户,19,3,885511.5003795292,"885,511.5",
ifrs17-result-snapshot,万能账户,19,4,34181039.16639007,"34,181,039.17",
ifrs17-result-snapshot,万能账户,19,5,-4270362.954077452,"(4,270,362.95)",
ifrs17-result-snapshot,万能账户,19,7,"""投资成分（及保费返还 ）2""",投资成分（及保费返还 ）2,
ifrs17-result-snapshot,万能账户,19,8,"""[15]""",[15],
ifrs17-result-snapshot,万能账户,19,9,-453390302.16420126,"(453,390,302.16)",
ifrs17-result-snapshot,万能账户,19,11,453390302.16420126,"453,390,302.16",
ifrs17-result-snapshot,万能账户,19,12,0,0,
ifrs17-result-snapshot,万能账户,20,0,"""保险合同金融变动额""",保险合同金融变动额,
ifrs17-result-snapshot,万能账户,20,1,"""[17]""",[17],
ifrs17-result-snapshot,万能账户,20,2,58864055.02963915,"58,864,055.03",
ifrs17-result-snapshot,万能账户,20,4,2018132.639938761,"2,018,132.64",
ifrs17-result-snapshot,万能账户,20,5,60882187.66957791,"60,882,187.67",
ifrs17-result-snapshot,万能账户,20,6,0.01149662887370976,0.0115,
ifrs17-result-snapshot,万能账户,20,7,"""现金流量""",现金流量,
ifrs17-result-snapshot,万能账户,20,12,0,0,
ifrs17-result-snapshot,万能账户,21,0,"""其他1""",其他1,
ifrs17-result-snapshot,万能账户,21,1,"""[18]""",[18],
ifrs17-result-snapshot,万能账户,21,5,0,0,
ifrs17-result-snapshot,万能账户,21,7,"""收到的保费""",收到的保费,
ifrs17-result-snapshot,万能账户,21,8,"""[16]""",[16],
ifrs17-result-snapshot,万能账户,21,9,553505949.8279954,"553,505,949.83",
ifrs17-result-snapshot,万能账户,21,12,553505949.8279954,"553,505,949.83",
ifrs17-result-snapshot,万能账户,22,0,"""计入综合收益的变动合计""",计入综合收益的变动合计,
ifrs17-result-snapshot,万能账户,22,1,"""[19]=[16]+[17]+[18]""",[19]=[16]+[17]+[18],
ifrs17-result-snapshot,万能账户,22,2,19527141.4087921,"19,527,141.41",
ifrs17-result-snapshot,万能账户,22,3,885511.5003795292,"885,511.5",
ifrs17-result-snapshot,万能账户,22,4,36199171.806328826,"36,199,171.81",
ifrs17-result-snapshot,万能账户,22,5,56611824.71550046,"56,611,824.72",
ifrs17-result-snapshot,万能账户,22,7,"""支付的保险获取现金流量""",支付的保险获取现金流量,
ifrs17-result-snapshot,万能账户,22,8,"""[17]""",[17],
ifrs17-result-snapshot,万能账户,22,9,-117829.58107196089,"(117,829.58)",
ifrs17-result-snapshot,万能账户,22,12,-117829.58107196089,"(117,829.58)",
ifrs17-result-snapshot,万能账户,23,0,"""现金流量""",现金流量,
ifrs17-result-snapshot,万能账户,23,5,0,0,
ifrs17-result-snapshot,万能账户,23,7,"""支付的赔款及其他相关费用（含投资成分）""",支付的赔款及其他相关费用（含投资成分）,
ifrs17-result-snapshot,万能账户,23,8,"""[18]""",[18],
ifrs17-result-snapshot,万能账户,23,11,-456378257.7719383,"(456,378,257.77)",
ifrs17-result-snapshot,万能账户,23,12,-456378257.7719383,"(456,378,257.77)",
ifrs17-result-snapshot,万能账户,24,0,"""收到的保费""",收到的保费,
ifrs17-result-snapshot,万能账户,24,1,"""[20]""",[20],
ifrs17-result-snapshot,万能账户,24,2,553505949.8279955,"553,505,949.83",
ifrs17-result-snapshot,万能账户,24,5,553505949.8279955,"553,505,949.83",
ifrs17-result-snapshot,万能账户,24,7,"""其他""",其他,
ifrs17-result-snapshot,万能账户,24,8,"""[19]""",[19],
ifrs17-result-snapshot,万能账户,24,9,0,0,
ifrs17-result-snapshot,万能账户,24,12,0,0,
ifrs17-result-snapshot,万能账户,25,0,"""支付的保险获取现金流量""",支付的保险获取现金流量,
ifrs17-result-snapshot,万能账户,25,1,"""[21]""",[21],
ifrs17-result-snapshot,万能账户,25,2,-117829.58107196089,"(117,829.58)",
ifrs17-result-snapshot,万能账户,25,5,-117829.58107196089,"(117,829.58)",
ifrs17-result-snapshot,万能账户,25,7,"""现金流量合计""",现金流量合计,
ifrs17-result-snapshot,万能账户,25,8,"""[20]=[16]～[19]之和""",[20]=[16]～[19]之和,
ifrs17-result-snapshot,万能账户,25,9,553388120.2469234,"553,388,120.25",
ifrs17-result-snapshot,万能账户,25,11,-456378257.7719383,"(456,378,257.77)",
ifrs17-result-snapshot,万能账户,25,12,97009862.47498512,"97,009,862.47",
ifrs17-result-snapshot,万能账户,25,13,-9.5367431640625e-8,(0),
ifrs17-result-snapshot,万能账户,26,0,"""支付的赔款及其他相关费用（含相关投资成分）""",支付的赔款及其他相关费用（含相关投资成分）,
ifrs17-result-snapshot,万能账户,26,1,"""[22]""",[22],
ifrs17-result-snapshot,万能账户,26,2,-456378257.7719383,"(456,378,257.77)",
ifrs17-result-snapshot,万能账户,26,5,-456378257.7719383,"(456,378,257.77)",
ifrs17-result-snapshot,万能账户,26,7,"""其他变动""",其他变动,
ifrs17-result-snapshot,万能账户,26,8,"""[21]""",[21],
ifrs17-result-snapshot,万能账户,26,12,0,0,
ifrs17-result-snapshot,万能账户,27,0,"""其他""",其他,
ifrs17-result-snapshot,万能账户,27,1,"""[23]""",[23],
ifrs17-result-snapshot,万能账户,27,2,0,0,
ifrs17-result-snapshot,万能账户,27,5,0,0,
ifrs17-result-snapshot,万能账户,27,7,"""于期末/年末的保险合同净负债/资产余额""",于期末/年末的保险合同净负债/资产余额,
ifrs17-result-snapshot,万能账户,27,8,"""[22]=[3]+[14]+[15]+[20]+[21]""",[22]=[3]+[14]+[15]+[20]+[21],
ifrs17-result-snapshot,万能账户,27,9,2578061509.692344,"2,578,061,509.69",
ifrs17-result-snapshot,万能账户,27,10,3123344.734672084,"3,123,344.73",
ifrs17-result-snapshot,万能账户,27,11,2327713.2555152853,"2,327,713.26",
ifrs17-result-snapshot,万能账户,27,12,2583512567.682532,"2,583,512,567.68",
ifrs17-result-snapshot,万能账户,27,13,0,0,
ifrs17-result-snapshot,万能账户,28,0,"""现金流量合计""",现金流量合计,
ifrs17-result-snapshot,万能账户,28,1,"""[24]=[20]+[21]+[22]+[23]""",[24]=[20]+[21]+[22]+[23],
ifrs17-result-snapshot,万能账户,28,2,97009862.47498521,"97,009,862.47",
ifrs17-result-snapshot,万能账户,28,5,97009862.47498521,"97,009,862.47",
ifrs17-result-snapshot,万能账户,28,7,"""于期末/年末的保险合同资产""",于期末/年末的保险合同资产,
ifrs17-result-snapshot,万能账户,28,8,"""[23]""",[23],
ifrs17-result-snapshot,万能账户,28,9,0,0,
ifrs17-result-snapshot,万能账户,28,10,0,0,
ifrs17-result-snapshot,万能账户,28,11,0,0,
ifrs17-result-snapshot,万能账户,28,12,0,0,
ifrs17-result-snapshot,万能账户,29,0,"""其他变动""",其他变动,
ifrs17-result-snapshot,万能账户,29,1,"""[25]""",[25],
ifrs17-result-snapshot,万能账户,29,5,0,0,
ifrs17-result-snapshot,万能账户,29,7,"""于期末/年末的保险合同负债""",于期末/年末的保险合同负债,
ifrs17-result-snapshot,万能账户,29,8,"""[24]=[22]-[23]""",[24]=[22]-[23],
ifrs17-result-snapshot,万能账户,29,9,2578061509.692344,"2,578,061,509.69",
ifrs17-result-snapshot,万能账户,29,10,3123344.734672084,"3,123,344.73",
ifrs17-result-snapshot,万能账户,29,11,2327713.2555152853,"2,327,713.26",
ifrs17-result-snapshot,万能账户,29,12,2583512567.682532,"2,583,512,567.68",
ifrs17-result-snapshot,万能账户,30,0,"""于期末/年末的保险合同净负债/资产余额""",于期末/年末的保险合同净负债/资产余额,
ifrs17-result-snapshot,万能账户,30,1,"""[26]=[3]+[19]+[24]+[25]""",[26]=[3]+[19]+[24]+[25],
ifrs17-result-snapshot,万能账户,30,2,2474854948.147035,"2,474,854,948.15",
ifrs17-result-snapshot,万能账户,30,3,2314682.6363135297,"2,314,682.64",
ifrs17-result-snapshot,万能账户,30,4,106342936.89918311,"106,342,936.9",
ifrs17-result-snapshot,万能账户,30,5,2583512567.6825323,"2,583,512,567.68",
ifrs17-result-snapshot,万能账户,30,7,"""1例如，外币报表折算差额。""",1例如，外币报表折算差额。,
ifrs17-result-snapshot,万能账户,31,0,"""于期末/年末的保险合同资产""",于期末/年末的保险合同资产,
ifrs17-result-snapshot,万能账户,31,1,"""[27]""",[27],
ifrs17-result-snapshot,万能账户,31,2,0,0,
ifrs17-result-snapshot,万能账户,31,3,0,0,
ifrs17-result-snapshot,万能账户,31,4,0,0,
ifrs17-result-snapshot,万能账户,31,5,0,0,
ifrs17-result-snapshot,万能账户,31,7,"""2该保费返还可以作为“收到的保费”的减项。""",2该保费返还可以作为“收到的保费”的减项。,
ifrs17-result-snapshot,万能账户,31,8,"""check""",check,
ifrs17-result-snapshot,万能账户,31,9,2578061509.692344,"2,578,061,509.69",
ifrs17-result-snapshot,万能账户,31,10,3123344.734672089,"3,123,344.73",
ifrs17-result-snapshot,万能账户,31,11,2327713.255515194,"2,327,713.26",
ifrs17-result-snapshot,万能账户,31,12,2583512567.682532,"2,583,512,567.68",
ifrs17-result-snapshot,万能账户,32,0,"""于期末/年末的保险合同负债""",于期末/年末的保险合同负债,
ifrs17-result-snapshot,万能账户,32,1,"""[28]=[26]-[27]""",[28]=[26]-[27],
ifrs17-result-snapshot,万能账户,32,2,2474854948.147035,"2,474,854,948.15",
ifrs17-result-snapshot,万能账户,32,3,2314682.6363135297,"2,314,682.64",
ifrs17-result-snapshot,万能账户,32,4,106342936.89918311,"106,342,936.9",
ifrs17-result-snapshot,万能账户,32,5,2583512567.6825323,"2,583,512,567.68",
ifrs17-result-snapshot,万能账户,32,8,"""DIFF""",DIFF,
ifrs17-result-snapshot,万能账户,32,9,0,0,
ifrs17-result-snapshot,万能账户,32,10,4.8428773880004884e-9,0,
ifrs17-result-snapshot,万能账户,32,11,-9.12696123123169e-8,(0),
ifrs17-result-snapshot,万能账户,32,12,0,0,
ifrs17-result-snapshot,万能账户,34,1,"""check""",check,
ifrs17-result-snapshot,万能账户,34,2,2474854948.1478148,"2,474,854,948.15",
ifrs17-result-snapshot,万能账户,34,3,2314682.6363135288,"2,314,682.64",
ifrs17-result-snapshot,万能账户,34,4,106342936.89918002,"106,342,936.9",
ifrs17-result-snapshot,万能账户,34,5,2583512567.6833086,"2,583,512,567.68",
ifrs17-result-snapshot,万能账户,35,1,"""DIFF""",DIFF,
ifrs17-result-snapshot,万能账户,35,2,0.0007793426513671875,0,
ifrs17-result-snapshot,万能账户,35,3,0,0,
ifrs17-result-snapshot,万能账户,35,4,-0.0000030755996704101563,(0),
ifrs17-result-snapshot,万能账户,35,5,0.0007762908935546875,0,
ifrs17-result-snapshot,投连账户,0,0,"""保险合同负债余额调节表1（M1表）——按组成要素""",保险合同负债余额调节表1（M1表）——按组成要素,
ifrs17-result-snapshot,投连账户,0,7,"""保险合同负债余额调节表2（M2表）——按负债类别""",保险合同负债余额调节表2（M2表）——按负债类别,
ifrs17-result-snapshot,投连账户,0,14,"""倒算法REVENUE""",倒算法REVENUE,
ifrs17-result-snapshot,投连账户,0,15,"""checkdiff""",checkdiff,
ifrs17-result-snapshot,投连账户,1,0,"""项目""",项目,
ifrs17-result-snapshot,投连账户,1,1,"""编号""",编号,
ifrs17-result-snapshot,投连账户,1,2,"""未来现金流量现值""",未来现金流量现值,
ifrs17-result-snapshot,投连账户,1,3,"""非金融风险调整""",非金融风险调整,
ifrs17-result-snapshot,投连账户,1,4,"""合同服务边际""",合同服务边际,
ifrs17-result-snapshot,投连账户,1,5,"""合计""",合计,
ifrs17-result-snapshot,投连账户,1,7,"""项目""",项目,
ifrs17-result-snapshot,投连账户,1,8,"""编号""",编号,
ifrs17-result-snapshot,投连账户,1,9,"""未到期责任负债""",未到期责任负债,
ifrs17-result-snapshot,投连账户,1,11,"""已发生赔款负债""",已发生赔款负债,
ifrs17-result-snapshot,投连账户,1,12,"""合计""",合计,
ifrs17-result-snapshot,投连账户,1,14,-37370.4101231236,"(37,370.41)",
ifrs17-result-snapshot,投连账户,1,15,4.889443516731262e-10,0,
ifrs17-result-snapshot,投连账户,2,9,"""非亏损部分""",非亏损部分,
ifrs17-result-snapshot,投连账户,2,10,"""亏损部分""",亏损部分,
ifrs17-result-snapshot,投连账户,3,0,"""于期初/年初的保险合同负债""",于期初/年初的保险合同负债,
ifrs17-result-snapshot,投连账户,3,1,"""[1]""",[1],
ifrs17-result-snapshot,投连账户,3,2,6163777.338113999,"6,163,777.34",
ifrs17-result-snapshot,投连账户,3,3,5812.373226,"5,812.37",
ifrs17-result-snapshot,投连账户,3,4,174380.80522,"174,380.81",
ifrs17-result-snapshot,投连账户,3,5,6343970.516559999,"6,343,970.52",
ifrs17-result-snapshot,投连账户,3,7,"""于期初/年初的保险合同负债""",于期初/年初的保险合同负债,
ifrs17-result-snapshot,投连账户,3,8,"""[1]""",[1],
ifrs17-result-snapshot,投连账户,3,9,6343970.51656,"6,343,970.52",
ifrs17-result-snapshot,投连账户,3,10,-2.0256e-11,(0),
ifrs17-result-snapshot,投连账户,3,11,0,0,
ifrs17-result-snapshot,投连账户,3,12,6343970.51656,"6,343,970.52",
ifrs17-result-snapshot,投连账户,4,0,"""于期初/年初的保险合同资产""",于期初/年初的保险合同资产,
ifrs17-result-snapshot,投连账户,4,1,"""[2]""",[2],
ifrs17-result-snapshot,投连账户,4,2,0,0,
ifrs17-result-snapshot,投连账户,4,3,0,0,
ifrs17-result-snapshot,投连账户,4,4,0,0,
ifrs17-result-snapshot,投连账户,4,5,0,0,
ifrs17-result-snapshot,投连账户,4,7,"""于期初/年初的保险合同资产""",于期初/年初的保险合同资产,
ifrs17-result-snapshot,投连账户,4,8,"""[2]""",[2],
ifrs17-result-snapshot,投连账户,4,9,0,0,
ifrs17-result-snapshot,投连账户,4,10,0,0,
ifrs17-result-snapshot,投连账户,4,11,0,0,
ifrs17-result-snapshot,投连账户,4,12,0,0,
ifrs17-result-snapshot,投连账户,5,0,"""于期初/年初的保险合同净负债/资产余额""",于期初/年初的保险合同净负债/资产余额,
ifrs17-result-snapshot,投连账户,5,1,"""[3]=[1]+[2]""",[3]=[1]+[2],
ifrs17-result-snapshot,投连账户,5,2,6163777.338113999,"6,163,777.34",
ifrs17-result-snapshot,投连账户,5,3,5812.373226,"5,812.37",
ifrs17-result-snapshot,投连账户,5,4,174380.80522,"174,380.81",
ifrs17-result-snapshot,投连账户,5,5,6343970.516559999,"6,343,970.52",
ifrs17-result-snapshot,投连账户,5,7,"""于期初/年初的保险合同净负债/资产余额""",于期初/年初的保险合同净负债/资产余额,
ifrs17-result-snapshot,投连账户,5,8,"""[3]=[1]+[2]""",[3]=[1]+[2],
ifrs17-result-snapshot,投连账户,5,9,6343970.51656,"6,343,970.52",
ifrs17-result-snapshot,投连账户,5,10,-2.0256e-11,(0),
ifrs17-result-snapshot,投连账户,5,11,0,0,
ifrs17-result-snapshot,投连账户,5,12,6343970.51656,"6,343,970.52",
ifrs17-result-snapshot,投连账户,5,13,0,0,
ifrs17-result-snapshot,投连账户,6,0,"""计入综合收益的变动""",计入综合收益的变动,
ifrs17-result-snapshot,投连账户,6,7,"""计入综合收益的变动""",计入综合收益的变动,
ifrs17-result-snapshot,投连账户,7,0,"""与当期服务相关的变动""",与当期服务相关的变动,
ifrs17-result-snapshot,投连账户,7,1,"""[4]=[5]+[6]+[7]""",[4]=[5]+[6]+[7],
ifrs17-result-snapshot,投连账户,7,2,6282.429655531217,"6,282.43",
ifrs17-result-snapshot,投连账户,7,3,-376.1007648000011,(376.1),
ifrs17-result-snapshot,投连账户,7,4,-31962.214695524082,"(31,962.21)",
ifrs17-result-snapshot,投连账户,7,5,-26055.885804792866,"(26,055.89)",
ifrs17-result-snapshot,投连账户,7,7,"""保险服务收入""",保险服务收入,
ifrs17-result-snapshot,投连账户,7,8,"""[4]""",[4],
ifrs17-result-snapshot,投连账户,7,9,-37370.41012312409,"(37,370.41)",
ifrs17-result-snapshot,投连账户,7,12,-37370.41012312409,"(37,370.41)",
ifrs17-result-snapshot,投连账户,7,13,0,0,
ifrs17-result-snapshot,投连账户,7,14,0,0,
ifrs17-result-snapshot,投连账户,8,0,"""合同服务边际的摊销""",合同服务边际的摊销,
ifrs17-result-snapshot,投连账户,8,1,"""[5]""",[5],
ifrs17-result-snapshot,投连账户,8,4,-31962.214695524082,"(31,962.21)",
ifrs17-result-snapshot,投连账户,8,5,-31962.214695524082,"(31,962.21)",
ifrs17-result-snapshot,投连账户,8,7,"""保险服务费用""",保险服务费用,
ifrs17-result-snapshot,投连账户,8,12,0,0,
ifrs17-result-snapshot,投连账户,9,0,"""非金融风险调整的变动""",非金融风险调整的变动,
ifrs17-result-snapshot,投连账户,9,1,"""[6]""",[6],
ifrs17-result-snapshot,投连账户,9,3,-376.1007648000011,(376.1),
ifrs17-result-snapshot,投连账户,9,5,-376.1007648000011,(376.1),
ifrs17-result-snapshot,投连账户,9,7,"""当期发生赔款及其他相关费用（保险获取现金流量除外）""",当期发生赔款及其他相关费用（保险获取现金流量除外）,
ifrs17-result-snapshot,投连账户,9,8,"""[5]""",[5],
ifrs17-result-snapshot,投连账户,9,10,1.5630757931805989e-12,0,
ifrs17-result-snapshot,投连账户,9,11,11314.524318331216,"11,314.52",
ifrs17-result-snapshot,投连账户,9,12,11314.524318331218,"11,314.52",
ifrs17-result-snapshot,投连账户,10,0,"""当期经验调整""",当期经验调整,
ifrs17-result-snapshot,投连账户,10,1,"""[7]""",[7],
ifrs17-result-snapshot,投连账户,10,2,6282.429655531217,"6,282.43",
ifrs17-result-snapshot,投连账户,10,5,6282.429655531217,"6,282.43",
ifrs17-result-snapshot,投连账户,10,7,"""保险获取现金流量的摊销""",保险获取现金流量的摊销,
ifrs17-result-snapshot,投连账户,10,8,"""[6]""",[6],
ifrs17-result-snapshot,投连账户,10,9,0,0,
ifrs17-result-snapshot,投连账户,10,12,0,0,
ifrs17-result-snapshot,投连账户,11,0,"""与未来服务相关的变动""",与未来服务相关的变动,
ifrs17-result-snapshot,投连账户,11,1,"""[8]=[9]+[10]+[11]+[12]""",[8]=[9]+[10]+[11]+[12],
ifrs17-result-snapshot,投连账户,11,2,-116412.10462663861,"(116,412.1)",
ifrs17-result-snapshot,投连账户,11,3,1811.9796120000005,"1,811.98",
ifrs17-result-snapshot,投连账户,11,4,114600.12501463853,"114,600.13",
ifrs17-result-snapshot,投连账户,11,5,0,0,
ifrs17-result-snapshot,投连账户,11,7,"""亏损部分的确认及转回""",亏损部分的确认及转回,
ifrs17-result-snapshot,投连账户,11,8,"""[7]""",[7],
ifrs17-result-snapshot,投连账户,11,10,-5.238689482212067e-11,(0),
ifrs17-result-snapshot,投连账户,11,12,-5.238689482212067e-11,(0),
ifrs17-result-snapshot,投连账户,12,0,"""当期初始确认的保险合同影响""",当期初始确认的保险合同影响,
ifrs17-result-snapshot,投连账户,12,1,"""[9]""",[9],
ifrs17-result-snapshot,投连账户,12,2,0,0,
ifrs17-result-snapshot,投连账户,12,3,0,0,
ifrs17-result-snapshot,投连账户,12,4,0,0,
ifrs17-result-snapshot,投连账户,12,5,0,0,
ifrs17-result-snapshot,投连账户,12,7,"""已发生赔款负债相关履约现金流量变动""",已发生赔款负债相关履约现金流量变动,
ifrs17-result-snapshot,投连账户,12,8,"""[8]""",[8],
ifrs17-result-snapshot,投连账户,12,11,0,0,
ifrs17-result-snapshot,投连账户,12,12,0,0,
ifrs17-result-snapshot,投连账户,13,0,"""调整合同服务边际的估计变更""",调整合同服务边际的估计变更,
ifrs17-result-snapshot,投连账户,13,1,"""[10]""",[10],
ifrs17-result-snapshot,投连账户,13,2,-116412.10462663855,"(116,412.1)",
ifrs17-result-snapshot,投连账户,13,3,1811.9796120000005,"1,811.98",
ifrs17-result-snapshot,投连账户,13,4,114600.12501463853,"114,600.13",
ifrs17-result-snapshot,投连账户,13,5,0,0,
ifrs17-result-snapshot,投连账户,13,7,"""其他""",其他,
ifrs17-result-snapshot,投连账户,13,8,"""[9]""",[9],
ifrs17-result-snapshot,投连账户,13,9,0,0,
ifrs17-result-snapshot,投连账户,13,12,0,0,
ifrs17-result-snapshot,投连账户,14,0,"""不调整合同服务边际的估计变更""",不调整合同服务边际的估计变更,
ifrs17-result-snapshot,投连账户,14,1,"""[11]""",[11],
ifrs17-result-snapshot,投连账户,14,2,-5.238689482212067e-11,(0),
ifrs17-result-snapshot,投连账户,14,3,0,0,
ifrs17-result-snapshot,投连账户,14,5,-5.238689482212067e-11,(0),
ifrs17-result-snapshot,投连账户,14,7,"""保险服务费用小计""",保险服务费用小计,
ifrs17-result-snapshot,投连账户,14,8,"""[10]=[5]～[9]之和""",[10]=[5]～[9]之和,
ifrs17-result-snapshot,投连账户,14,9,0,0,
ifrs17-result-snapshot,投连账户,14,10,-5.082381902894007e-11,(0),
ifrs17-result-snapshot,投连账户,14,11,11314.524318331216,"11,314.52",
ifrs17-result-snapshot,投连账户,14,12,11314.524318331165,"11,314.52",
ifrs17-result-snapshot,投连账户,14,14,2.779415808618069e-10,0,
ifrs17-result-snapshot,投连账户,15,0,"""其他""",其他,
ifrs17-result-snapshot,投连账户,15,1,"""[12]""",[12],
ifrs17-result-snapshot,投连账户,15,5,0,0,
ifrs17-result-snapshot,投连账户,15,7,"""保险服务业绩""",保险服务业绩,
ifrs17-result-snapshot,投连账户,15,8,"""[11]=[4]+[10]""",[11]=[4]+[10],
ifrs17-result-snapshot,投连账户,15,9,-37370.41012312409,"(37,370.41)",
ifrs17-result-snapshot,投连账户,15,10,-5.082381902894007e-11,(0),
ifrs17-result-snapshot,投连账户,15,11,11314.524318331216,"11,314.52",
ifrs17-result-snapshot,投连账户,15,12,-26055.885804792924,"(26,055.89)",
ifrs17-result-snapshot,投连账户,15,13,0,0,
ifrs17-result-snapshot,投连账户,16,0,"""与过去服务相关的变动""",与过去服务相关的变动,
ifrs17-result-snapshot,投连账户,16,1,"""[13]=[14]+[15]""",[13]=[14]+[15],
ifrs17-result-snapshot,投连账户,16,2,0,0,
ifrs17-result-snapshot,投连账户,16,3,0,0,
ifrs17-result-snapshot,投连账户,16,4,0,0,
ifrs17-result-snapshot,投连账户,16,5,0,0,
ifrs17-result-snapshot,投连账户,16,7,"""保险合同金融变动额""",保险合同金融变动额,
ifrs17-result-snapshot,投连账户,16,8,"""[12]""",[12],
ifrs17-result-snapshot,投连账户,16,9,1599709.4700894388,"1,599,709.47",
ifrs17-result-snapshot,投连账户,16,10,-5.171046484371674e-12,(0),
ifrs17-result-snapshot,投连账户,16,11,0,0,
ifrs17-result-snapshot,投连账户,16,12,1599709.4700894388,"1,599,709.47",
ifrs17-result-snapshot,投连账户,16,13,0,0,
ifrs17-result-snapshot,投连账户,17,0,"""已发生赔款负债相关履约现金流量变动""",已发生赔款负债相关履约现金流量变动,
ifrs17-result-snapshot,投连账户,17,1,"""[14]""",[14],
ifrs17-result-snapshot,投连账户,17,2,0,0,
ifrs17-result-snapshot,投连账户,17,3,0,0,
ifrs17-result-snapshot,投连账户,17,5,0,0,
ifrs17-result-snapshot,投连账户,17,7,"""其他1""",其他1,
ifrs17-result-snapshot,投连账户,17,8,"""[13]""",[13],
ifrs17-result-snapshot,投连账户,17,12,0,0,
ifrs17-result-snapshot,投连账户,18,0,"""其他""",其他,
ifrs17-result-snapshot,投连账户,18,1,"""[15]""",[15],
ifrs17-result-snapshot,投连账户,18,5,0,0,
ifrs17-result-snapshot,投连账户,18,7,"""计入综合收益的变动合计""",计入综合收益的变动合计,
ifrs17-result-snapshot,投连账户,18,8,"""[14]=[11]+[12]+[13]""",[14]=[11]+[12]+[13],
ifrs17-result-snapshot,投连账户,18,9,1562339.0599663148,"1,562,339.06",
ifrs17-result-snapshot,投连账户,18,10,-5.5994865513311746e-11,(0),
ifrs17-result-snapshot,投连账户,18,11,11314.524318331216,"11,314.52",
ifrs17-result-snapshot,投连账户,18,12,1573653.584284646,"1,573,653.58",
ifrs17-result-snapshot,投连账户,18,13,0,0,
ifrs17-result-snapshot,投连账户,19,0,"""保险服务业绩""",保险服务业绩,
ifrs17-result-snapshot,投连账户,19,1,"""[16]=[4]+[8]+[13]""",[16]=[4]+[8]+[13],
ifrs17-result-snapshot,投连账户,19,2,-110129.6749711074,"(110,129.67)",
ifrs17-result-snapshot,投连账户,19,3,1435.8788471999994,"1,435.88",
ifrs17-result-snapshot,投连账户,19,4,82637.91031911445,"82,637.91",
ifrs17-result-snapshot,投连账户,19,5,-26055.885804792935,"(26,055.89)",
ifrs17-result-snapshot,投连账户,19,7,"""投资成分（及保费返还 ）2""",投资成分（及保费返还 ）2,
ifrs17-result-snapshot,投连账户,19,8,"""[15]""",[15],
ifrs17-result-snapshot,投连账户,19,9,-1120233.44,"(1,120,233.44)",
ifrs17-result-snapshot,投连账户,19,11,1120233.44,"1,120,233.44",
ifrs17-result-snapshot,投连账户,19,12,0,0,
ifrs17-result-snapshot,投连账户,20,0,"""保险合同金融变动额""",保险合同金融变动额,
ifrs17-result-snapshot,投连账户,20,1,"""[17]""",[17],
ifrs17-result-snapshot,投连账户,20,2,1599709.4700894388,"1,599,709.47",
ifrs17-result-snapshot,投连账户,20,4,0,0,
ifrs17-result-snapshot,投连账户,20,5,1599709.4700894388,"1,599,709.47",
ifrs17-result-snapshot,投连账户,20,7,"""现金流量""",现金流量,
ifrs17-result-snapshot,投连账户,20,12,0,0,
ifrs17-result-snapshot,投连账户,21,0,"""其他1""",其他1,
ifrs17-result-snapshot,投连账户,21,1,"""[18]""",[18],
ifrs17-result-snapshot,投连账户,21,5,0,0,
ifrs17-result-snapshot,投连账户,21,7,"""收到的保费""",收到的保费,
ifrs17-result-snapshot,投连账户,21,8,"""[16]""",[16],
ifrs17-result-snapshot,投连账户,21,9,2795.2399999999993,"2,795.24",
ifrs17-result-snapshot,投连账户,21,12,2795.2399999999993,"2,795.24",
ifrs17-result-snapshot,投连账户,22,0,"""计入综合收益的变动合计""",计入综合收益的变动合计,
ifrs17-result-snapshot,投连账户,22,1,"""[19]=[16]+[17]+[18]""",[19]=[16]+[17]+[18],
ifrs17-result-snapshot,投连账户,22,2,1489579.7951183314,"1,489,579.8",
ifrs17-result-snapshot,投连账户,22,3,1435.8788471999994,"1,435.88",
ifrs17-result-snapshot,投连账户,22,4,82637.91031911445,"82,637.91",
ifrs17-result-snapshot,投连账户,22,5,1573653.584284646,"1,573,653.58",
ifrs17-result-snapshot,投连账户,22,7,"""支付的保险获取现金流量""",支付的保险获取现金流量,
ifrs17-result-snapshot,投连账户,22,8,"""[17]""",[17],
ifrs17-result-snapshot,投连账户,22,9,0,0,
ifrs17-result-snapshot,投连账户,22,12,0,0,
ifrs17-result-snapshot,投连账户,23,0,"""现金流量""",现金流量,
ifrs17-result-snapshot,投连账户,23,5,0,0,
ifrs17-result-snapshot,投连账户,23,7,"""支付的赔款及其他相关费用（含投资成分）""",支付的赔款及其他相关费用（含投资成分）,
ifrs17-result-snapshot,投连账户,23,8,"""[18]""",[18],
ifrs17-result-snapshot,投连账户,23,11,-1131547.9643183313,"(1,131,547.96)",
ifrs17-result-snapshot,投连账户,23,12,-1131547.9643183313,"(1,131,547.96)",
ifrs17-result-snapshot,投连账户,24,0,"""收到的保费""",收到的保费,
ifrs17-result-snapshot,投连账户,24,1,"""[20]""",[20],
ifrs17-result-snapshot,投连账户,24,2,2795.2399999999993,"2,795.24",
ifrs17-result-snapshot,投连账户,24,5,2795.2399999999993,"2,795.24",
ifrs17-result-snapshot,投连账户,24,7,"""其他""",其他,
ifrs17-result-snapshot,投连账户,24,8,"""[19]""",[19],
ifrs17-result-snapshot,投连账户,24,9,0,0,
ifrs17-result-snapshot,投连账户,24,12,0,0,
ifrs17-result-snapshot,投连账户,25,0,"""支付的保险获取现金流量""",支付的保险获取现金流量,
ifrs17-result-snapshot,投连账户,25,1,"""[21]""",[21],
ifrs17-result-snapshot,投连账户,25,2,0,0,
ifrs17-result-snapshot,投连账户,25,5,0,0,
ifrs17-result-snapshot,投连账户,25,7,"""现金流量合计""",现金流量合计,
ifrs17-result-snapshot,投连账户,25,8,"""[20]=[16]～[19]之和""",[20]=[16]～[19]之和,
ifrs17-result-snapshot,投连账户,25,9,2795.2399999999993,"2,795.24",
ifrs17-result-snapshot,投连账户,25,11,-1131547.9643183313,"(1,131,547.96)",
ifrs17-result-snapshot,投连账户,25,12,-1128752.7243183313,"(1,128,752.72)",
ifrs17-result-snapshot,投连账户,25,13,0,0,
ifrs17-result-snapshot,投连账户,26,0,"""支付的赔款及其他相关费用（含相关投资成分）""",支付的赔款及其他相关费用（含相关投资成分）,
ifrs17-result-snapshot,投连账户,26,1,"""[22]""",[22],
ifrs17-result-snapshot,投连账户,26,2,-1131547.9643183313,"(1,131,547.96)",
ifrs17-result-snapshot,投连账户,26,5,-1131547.9643183313,"(1,131,547.96)",
ifrs17-result-snapshot,投连账户,26,7,"""其他变动""",其他变动,
ifrs17-result-snapshot,投连账户,26,8,"""[21]""",[21],
ifrs17-result-snapshot,投连账户,26,12,0,0,
ifrs17-result-snapshot,投连账户,27,0,"""其他""",其他,
ifrs17-result-snapshot,投连账户,27,1,"""[23]""",[23],
ifrs17-result-snapshot,投连账户,27,2,0,0,
ifrs17-result-snapshot,投连账户,27,5,0,0,
ifrs17-result-snapshot,投连账户,27,7,"""于期末/年末的保险合同净负债/资产余额""",于期末/年末的保险合同净负债/资产余额,
ifrs17-result-snapshot,投连账户,27,8,"""[22]=[3]+[14]+[15]+[20]+[21]""",[22]=[3]+[14]+[15]+[20]+[21],
ifrs17-result-snapshot,投连账户,27,9,6788871.376526316,"6,788,871.38",
ifrs17-result-snapshot,投连账户,27,10,-2.6774353736864442e-11,(0),
ifrs17-result-snapshot,投连账户,27,11,0,0,
ifrs17-result-snapshot,投连账户,27,12,6788871.376526316,"6,788,871.38",
ifrs17-result-snapshot,投连账户,27,13,0,0,
ifrs17-result-snapshot,投连账户,28,0,"""现金流量合计""",现金流量合计,
ifrs17-result-snapshot,投连账户,28,1,"""[24]=[20]+[21]+[22]+[23]""",[24]=[20]+[21]+[22]+[23],
ifrs17-result-snapshot,投连账户,28,2,-1128752.7243183313,"(1,128,752.72)",
ifrs17-result-snapshot,投连账户,28,5,-1128752.7243183313,"(1,128,752.72)",
ifrs17-result-snapshot,投连账户,28,7,"""于期末/年末的保险合同资产""",于期末/年末的保险合同资产,
ifrs17-result-snapshot,投连账户,28,8,"""[23]""",[23],
ifrs17-result-snapshot,投连账户,28,9,0,0,
ifrs17-result-snapshot,投连账户,28,10,0,0,
ifrs17-result-snapshot,投连账户,28,11,0,0,
ifrs17-result-snapshot,投连账户,28,12,0,0,
ifrs17-result-snapshot,投连账户,29,0,"""其他变动""",其他变动,
ifrs17-result-snapshot,投连账户,29,1,"""[25]""",[25],
ifrs17-result-snapshot,投连账户,29,5,0,0,
ifrs17-result-snapshot,投连账户,29,7,"""于期末/年末的保险合同负债""",于期末/年末的保险合同负债,
ifrs17-result-snapshot,投连账户,29,8,"""[24]=[22]-[23]""",[24]=[22]-[23],
ifrs17-result-snapshot,投连账户,29,9,6788871.376526316,"6,788,871.38",
ifrs17-result-snapshot,投连账户,29,10,-2.6774353736864442e-11,(0),
ifrs17-result-snapshot,投连账户,29,11,0,0,
ifrs17-result-snapshot,投连账户,29,12,6788871.376526316,"6,788,871.38",
ifrs17-result-snapshot,投连账户,30,0,"""于期末/年末的保险合同净负债/资产余额""",于期末/年末的保险合同净负债/资产余额,
ifrs17-result-snapshot,投连账户,30,1,"""[26]=[3]+[19]+[24]+[25]""",[26]=[3]+[19]+[24]+[25],
ifrs17-result-snapshot,投连账户,30,2,6524604.408914001,"6,524,604.41",
ifrs17-result-snapshot,投连账户,30,3,7248.252073199999,"7,248.25",
ifrs17-result-snapshot,投连账户,30,4,257018.71553911455,"257,018.72",
ifrs17-result-snapshot,投连账户,30,5,6788871.376526316,"6,788,871.38",
ifrs17-result-snapshot,投连账户,30,7,"""1例如，外币报表折算差额。""",1例如，外币报表折算差额。,
ifrs17-result-snapshot,投连账户,31,0,"""于期末/年末的保险合同资产""",于期末/年末的保险合同资产,
ifrs17-result-snapshot,投连账户,31,1,"""[27]""",[27],
ifrs17-result-snapshot,投连账户,31,2,0,0,
ifrs17-result-snapshot,投连账户,31,3,0,0,
ifrs17-result-snapshot,投连账户,31,4,0,0,
ifrs17-result-snapshot,投连账户,31,5,0,0,
ifrs17-result-snapshot,投连账户,31,7,"""2该保费返还可以作为“收到的保费”的减项。""",2该保费返还可以作为“收到的保费”的减项。,
ifrs17-result-snapshot,投连账户,31,8,"""check""",check,
ifrs17-result-snapshot,投连账户,31,9,6788871.376526316,"6,788,871.38",
ifrs17-result-snapshot,投连账户,31,10,-7.625086551331175e-11,(0),
ifrs17-result-snapshot,投连账户,31,11,0,0,
ifrs17-result-snapshot,投连账户,31,12,6788871.376526316,"6,788,871.38",
ifrs17-result-snapshot,投连账户,32,0,"""于期末/年末的保险合同负债""",于期末/年末的保险合同负债,
ifrs17-result-snapshot,投连账户,32,1,"""[28]=[26]-[27]""",[28]=[26]-[27],
ifrs17-result-snapshot,投连账户,32,2,6524604.408914001,"6,524,604.41",
ifrs17-result-snapshot,投连账户,32,3,7248.252073199999,"7,248.25",
ifrs17-result-snapshot,投连账户,32,4,257018.71553911455,"257,018.72",
ifrs17-result-snapshot,投连账户,32,5,6788871.376526316,"6,788,871.38",
ifrs17-result-snapshot,投连账户,32,8,"""DIFF""",DIFF,
ifrs17-result-snapshot,投连账户,32,9,0,0,
ifrs17-result-snapshot,投连账户,32,10,-4.9476511776447295e-11,(0),
ifrs17-result-snapshot,投连账户,32,11,0,0,
ifrs17-result-snapshot,投连账户,32,12,0,0,
ifrs17-result-snapshot,投连账户,34,1,"""check""",check,
ifrs17-result-snapshot,投连账户,34,2,6524604.408914,"6,524,604.41",
ifrs17-result-snapshot,投连账户,34,3,7248.252073199999,"7,248.25",
ifrs17-result-snapshot,投连账户,34,4,257018.71553911446,"257,018.72",
ifrs17-result-snapshot,投连账户,34,5,6788871.376526314,"6,788,871.38",
ifrs17-result-snapshot,投连账户,35,1,"""DIFF""",DIFF,
ifrs17-result-snapshot,投连账户,35,2,0,0,
ifrs17-result-snapshot,投连账户,35,3,0,0,
ifrs17-result-snapshot,投连账户,35,4,0,0,
ifrs17-result-snapshot,投连账户,35,5,0,0,
ifrs17-result-snapshot,短险,0,0,"""保险合同负债余额调节表1（M1表）——按组成要素""",保险合同负债余额调节表1（M1表）——按组成要素,
ifrs17-result-snapshot,短险,0,8,"""保险合同负债余额调节表2（M2表）——按负债类别""",保险合同负债余额调节表2（M2表）——按负债类别,
ifrs17-result-snapshot,短险,1,0,"""项目""",项目,
ifrs17-result-snapshot,短险,1,1,"""编号""",编号,
ifrs17-result-snapshot,短险,1,2,"""未来现金流量现值""",未来现金流量现值,
ifrs17-result-snapshot,短险,1,3,"""非金融风险调整""",非金融风险调整,
ifrs17-result-snapshot,短险,1,4,"""合同服务边际""",合同服务边际,
ifrs17-result-snapshot,短险,1,5,"""合计""",合计,
ifrs17-result-snapshot,短险,1,8,"""项目""",项目,
ifrs17-result-snapshot,短险,1,9,"""编号""",编号,
ifrs17-result-snapshot,短险,1,10,"""未到期责任负债""",未到期责任负债,
ifrs17-result-snapshot,短险,1,12,"""已发生赔款负债""",已发生赔款负债,
ifrs17-result-snapshot,短险,1,14,"""合计""",合计,
ifrs17-result-snapshot,短险,2,10,"""非亏损部分""",非亏损部分,
ifrs17-result-snapshot,短险,2,11,"""亏损部分""",亏损部分,
ifrs17-result-snapshot,短险,2,12,"""未来现金流量现值的估计""",未来现金流量现值的估计,
ifrs17-result-snapshot,短险,2,13,"""非金融风险调整""",非金融风险调整,
ifrs17-result-snapshot,短险,3,0,"""于期初/年初的保险合同负债""",于期初/年初的保险合同负债,
ifrs17-result-snapshot,短险,3,1,"""[1]""",[1],
ifrs17-result-snapshot,短险,3,8,"""于期初/年初的保险合同负债""",于期初/年初的保险合同负债,
ifrs17-result-snapshot,短险,3,9,"""[1]""",[1],
ifrs17-result-snapshot,短险,3,10,49287664.7725356,"49,287,664.77",
ifrs17-result-snapshot,短险,3,11,2234499.88,"2,234,499.88",
ifrs17-result-snapshot,短险,3,12,50201758.044,"50,201,758.04",
ifrs17-result-snapshot,短险,3,13,1255045.388,"1,255,045.39",
ifrs17-result-snapshot,短险,3,14,102978968.0845356,"102,978,968.08",
ifrs17-result-snapshot,短险,4,0,"""于期初/年初的保险合同资产""",于期初/年初的保险合同资产,
ifrs17-result-snapshot,短险,4,1,"""[2]""",[2],
ifrs17-result-snapshot,短险,4,8,"""于期初/年初的保险合同资产""",于期初/年初的保险合同资产,
ifrs17-result-snapshot,短险,4,9,"""[2]""",[2],
ifrs17-result-snapshot,短险,4,10,0,0,
ifrs17-result-snapshot,短险,4,11,0,0,
ifrs17-result-snapshot,短险,4,12,0,0,
ifrs17-result-snapshot,短险,4,13,0,0,
ifrs17-result-snapshot,短险,4,14,0,0,
ifrs17-result-snapshot,短险,5,0,"""于期初/年初的保险合同净负债/资产余额""",于期初/年初的保险合同净负债/资产余额,
ifrs17-result-snapshot,短险,5,1,"""[3]=[1]+[2]""",[3]=[1]+[2],
ifrs17-result-snapshot,短险,5,8,"""于期初/年初的保险合同净负债/资产余额""",于期初/年初的保险合同净负债/资产余额,
ifrs17-result-snapshot,短险,5,9,"""[3]=[1]+[2]""",[3]=[1]+[2],
ifrs17-result-snapshot,短险,5,10,49287664.7725356,"49,287,664.77",
ifrs17-result-snapshot,短险,5,11,2234499.88,"2,234,499.88",
ifrs17-result-snapshot,短险,5,12,50201758.044,"50,201,758.04",
ifrs17-result-snapshot,短险,5,13,1255045.388,"1,255,045.39",
ifrs17-result-snapshot,短险,5,14,102978968.0845356,"102,978,968.08",
ifrs17-result-snapshot,短险,6,0,"""计入综合收益的变动""",计入综合收益的变动,
ifrs17-result-snapshot,短险,6,8,"""计入综合收益的变动""",计入综合收益的变动,
ifrs17-result-snapshot,短险,7,0,"""与当期服务相关的变动""",与当期服务相关的变动,
ifrs17-result-snapshot,短险,7,1,"""[4]=[5]+[6]+[7]""",[4]=[5]+[6]+[7],
ifrs17-result-snapshot,短险,7,8,"""保险服务收入""",保险服务收入,
ifrs17-result-snapshot,短险,7,9,"""[4]""",[4],
ifrs17-result-snapshot,短险,7,10,-102688040.50759235,"(102,688,040.51)",
ifrs17-result-snapshot,短险,7,14,-102688040.50759235,"(102,688,040.51)",
ifrs17-result-snapshot,短险,8,0,"""合同服务边际的摊销""",合同服务边际的摊销,
ifrs17-result-snapshot,短险,8,1,"""[5]""",[5],
ifrs17-result-snapshot,短险,8,8,"""保险服务费用""",保险服务费用,
ifrs17-result-snapshot,短险,9,0,"""非金融风险调整的变动""",非金融风险调整的变动,
ifrs17-result-snapshot,短险,9,1,"""[6]""",[6],
ifrs17-result-snapshot,短险,9,8,"""当期发生赔款及其他相关费用（保险获取现金流量除外）""",当期发生赔款及其他相关费用（保险获取现金流量除外）,
ifrs17-result-snapshot,短险,9,9,"""[5]""",[5],
ifrs17-result-snapshot,短险,9,11,-2234499.88,"(2,234,499.88)",
ifrs17-result-snapshot,短险,9,12,97760724.86466134,"97,760,724.86",
ifrs17-result-snapshot,短险,9,13,280736.64952092886,"280,736.65",
ifrs17-result-snapshot,短险,9,14,95806961.63418227,"95,806,961.63",
ifrs17-result-snapshot,短险,10,0,"""当期经验调整""",当期经验调整,
ifrs17-result-snapshot,短险,10,1,"""[7]""",[7],
ifrs17-result-snapshot,短险,10,8,"""保险获取现金流量的摊销""",保险获取现金流量的摊销,
ifrs17-result-snapshot,短险,10,9,"""[6]""",[6],
ifrs17-result-snapshot,短险,10,10,23175565.148000002,"23,175,565.15",
ifrs17-result-snapshot,短险,10,14,23175565.148000002,"23,175,565.15",
ifrs17-result-snapshot,短险,11,0,"""与未来服务相关的变动""",与未来服务相关的变动,
ifrs17-result-snapshot,短险,11,1,"""[8]=[9]+[10]+[11]+[12]""",[8]=[9]+[10]+[11]+[12],
ifrs17-result-snapshot,短险,11,8,"""亏损部分的确认及转回""",亏损部分的确认及转回,
ifrs17-result-snapshot,短险,11,9,"""[7]""",[7],
ifrs17-result-snapshot,短险,11,11,29507.9799999997,"29,507.98",
ifrs17-result-snapshot,短险,11,14,29507.9799999997,"29,507.98",
ifrs17-result-snapshot,短险,12,0,"""当期初始确认的保险合同影响""",当期初始确认的保险合同影响,
ifrs17-result-snapshot,短险,12,1,"""[9]""",[9],
ifrs17-result-snapshot,短险,12,8,"""已发生赔款负债相关履约现金流量变动""",已发生赔款负债相关履约现金流量变动,
ifrs17-result-snapshot,短险,12,9,"""[8]""",[8],
ifrs17-result-snapshot,短险,12,12,-14851462.509344902,"(14,851,462.51)",
ifrs17-result-snapshot,短险,12,13,-371285.90508357715,"(371,285.91)",
ifrs17-result-snapshot,短险,12,14,-15222748.414428478,"(15,222,748.41)",
ifrs17-result-snapshot,短险,13,0,"""调整合同服务边际的估计变更""",调整合同服务边际的估计变更,
ifrs17-result-snapshot,短险,13,1,"""[10]""",[10],
ifrs17-result-snapshot,短险,13,8,"""其他""",其他,
ifrs17-result-snapshot,短险,13,9,"""[9]""",[9],
ifrs17-result-snapshot,短险,13,14,0,0,
ifrs17-result-snapshot,短险,14,0,"""不调整合同服务边际的估计变更""",不调整合同服务边际的估计变更,
ifrs17-result-snapshot,短险,14,1,"""[11]""",[11],
ifrs17-result-snapshot,短险,14,8,"""保险服务费用小计""",保险服务费用小计,
ifrs17-result-snapshot,短险,14,9,"""[10]=[5]～[9]之和""",[10]=[5]～[9]之和,
ifrs17-result-snapshot,短险,14,10,23175565.148000002,"23,175,565.15",
ifrs17-result-snapshot,短险,14,11,-2204991.9000000004,"(2,204,991.9)",
ifrs17-result-snapshot,短险,14,12,82909262.35531643,"82,909,262.36",
ifrs17-result-snapshot,短险,14,13,-90549.25556264832,"(90,549.26)",
ifrs17-result-snapshot,短险,14,14,103789286.3477538,"103,789,286.35",
ifrs17-result-snapshot,短险,15,0,"""其他""",其他,
ifrs17-result-snapshot,短险,15,1,"""[12]""",[12],
ifrs17-result-snapshot,短险,15,8,"""保险服务业绩""",保险服务业绩,
ifrs17-result-snapshot,短险,15,9,"""[11]=[4]+[10]""",[11]=[4]+[10],
ifrs17-result-snapshot,短险,15,10,-79512475.35959235,"(79,512,475.36)",
ifrs17-result-snapshot,短险,15,11,-2204991.9000000004,"(2,204,991.9)",
ifrs17-result-snapshot,短险,15,12,82909262.35531643,"82,909,262.36",
ifrs17-result-snapshot,短险,15,13,-90549.25556264832,"(90,549.26)",
ifrs17-result-snapshot,短险,15,14,1101245.8401614456,"1,101,245.84",
ifrs17-result-snapshot,短险,16,0,"""与过去服务相关的变动""",与过去服务相关的变动,
ifrs17-result-snapshot,短险,16,1,"""[13]=[14]+[15]""",[13]=[14]+[15],
ifrs17-result-snapshot,短险,16,8,"""保险合同金融变动额""",保险合同金融变动额,
ifrs17-result-snapshot,短险,16,9,"""[12]""",[12],
ifrs17-result-snapshot,短险,16,10,-2749.8920000008748,"(2,749.89)",
ifrs17-result-snapshot,短险,16,11,0,0,
ifrs17-result-snapshot,短险,16,14,-2749.8920000008748,"(2,749.89)",
ifrs17-result-snapshot,短险,17,0,"""已发生赔款负债相关履约现金流量变动""",已发生赔款负债相关履约现金流量变动,
ifrs17-result-snapshot,短险,17,1,"""[14]""",[14],
ifrs17-result-snapshot,短险,17,8,"""其他1""",其他1,
ifrs17-result-snapshot,短险,17,9,"""[13]""",[13],
ifrs17-result-snapshot,短险,17,14,0,0,
ifrs17-result-snapshot,短险,18,0,"""其他""",其他,
ifrs17-result-snapshot,短险,18,1,"""[15]""",[15],
ifrs17-result-snapshot,短险,18,8,"""计入综合收益的变动合计""",计入综合收益的变动合计,
ifrs17-result-snapshot,短险,18,9,"""[14]=[11]+[12]+[13]""",[14]=[11]+[12]+[13],
ifrs17-result-snapshot,短险,18,10,-79515225.25159234,"(79,515,225.25)",
ifrs17-result-snapshot,短险,18,11,-2204991.9000000004,"(2,204,991.9)",
ifrs17-result-snapshot,短险,18,12,82909262.35531643,"82,909,262.36",
ifrs17-result-snapshot,短险,18,13,-90549.25556264832,"(90,549.26)",
ifrs17-result-snapshot,短险,18,14,1098495.9481614497,"1,098,495.95",
ifrs17-result-snapshot,短险,19,0,"""保险服务业绩""",保险服务业绩,
ifrs17-result-snapshot,短险,19,1,"""[16]=[4]+[8]+[13]""",[16]=[4]+[8]+[13],
ifrs17-result-snapshot,短险,19,8,"""投资成分（及保费返还 ）2""",投资成分（及保费返还 ）2,
ifrs17-result-snapshot,短险,19,9,"""[15]""",[15],
ifrs17-result-snapshot,短险,19,10,-794.707999998435,(794.71),
ifrs17-result-snapshot,短险,19,12,794.7079999984351,794.71,
ifrs17-result-snapshot,短险,19,14,0,0,
ifrs17-result-snapshot,短险,20,0,"""保险合同金融变动额""",保险合同金融变动额,
ifrs17-result-snapshot,短险,20,1,"""[17]""",[17],
ifrs17-result-snapshot,短险,20,8,"""现金流量""",现金流量,
ifrs17-result-snapshot,短险,20,14,0,0,
ifrs17-result-snapshot,短险,21,0,"""其他1""",其他1,
ifrs17-result-snapshot,短险,21,1,"""[18]""",[18],
ifrs17-result-snapshot,短险,21,8,"""收到的保费""",收到的保费,
ifrs17-result-snapshot,短险,21,9,"""[16]""",[16],
ifrs17-result-snapshot,短险,21,10,85581938.18759294,"85,581,938.19",
ifrs17-result-snapshot,短险,21,14,85581938.18759294,"85,581,938.19",
ifrs17-result-snapshot,短险,22,0,"""计入综合收益的变动合计""",计入综合收益的变动合计,
ifrs17-result-snapshot,短险,22,1,"""[19]=[16]+[17]+[18]""",[19]=[16]+[17]+[18],
ifrs17-result-snapshot,短险,22,8,"""支付的保险获取现金流量""",支付的保险获取现金流量,
ifrs17-result-snapshot,短险,22,9,"""[17]""",[17],
ifrs17-result-snapshot,短险,22,10,-23175565.148000002,"(23,175,565.15)",
ifrs17-result-snapshot,短险,22,14,-23175565.148000002,"(23,175,565.15)",
ifrs17-result-snapshot,短险,23,0,"""现金流量""",现金流量,
ifrs17-result-snapshot,短险,23,8,"""支付的赔款及其他相关费用（含投资成分）""",支付的赔款及其他相关费用（含投资成分）,
ifrs17-result-snapshot,短险,23,9,"""[18]""",[18],
ifrs17-result-snapshot,短险,23,12,-86532053.59476855,"(86,532,053.59)",
ifrs17-result-snapshot,短险,23,14,-86532053.59476855,"(86,532,053.59)",
ifrs17-result-snapshot,短险,24,0,"""收到的保费""",收到的保费,
ifrs17-result-snapshot,短险,24,1,"""[20]""",[20],
ifrs17-result-snapshot,短险,24,8,"""其他""",其他,
ifrs17-result-snapshot,短险,24,9,"""[19]""",[19],
ifrs17-result-snapshot,短险,24,10,0,0,
ifrs17-result-snapshot,短险,24,14,0,0,
ifrs17-result-snapshot,短险,25,0,"""支付的保险获取现金流量""",支付的保险获取现金流量,
ifrs17-result-snapshot,短险,25,1,"""[21]""",[21],
ifrs17-result-snapshot,短险,25,8,"""现金流量合计""",现金流量合计,
ifrs17-result-snapshot,短险,25,9,"""[20]=[16]～[19]之和""",[20]=[16]～[19]之和,
ifrs17-result-snapshot,短险,25,10,62406373.03959294,"62,406,373.04",
ifrs17-result-snapshot,短险,25,12,-86532053.59476855,"(86,532,053.59)",
ifrs17-result-snapshot,短险,25,13,0,0,
ifrs17-result-snapshot,短险,25,14,-24125680.555175625,"(24,125,680.56)",
ifrs17-result-snapshot,短险,26,0,"""支付的赔款及其他相关费用（含相关投资成分）""",支付的赔款及其他相关费用（含相关投资成分）,
ifrs17-result-snapshot,短险,26,1,"""[22]""",[22],
ifrs17-result-snapshot,短险,26,8,"""其他变动""",其他变动,
ifrs17-result-snapshot,短险,26,9,"""[21]""",[21],
ifrs17-result-snapshot,短险,26,14,0,0,
ifrs17-result-snapshot,短险,27,0,"""其他""",其他,
ifrs17-result-snapshot,短险,27,1,"""[23]""",[23],
ifrs17-result-snapshot,短险,27,8,"""于期末/年末的保险合同净负债/资产余额""",于期末/年末的保险合同净负债/资产余额,
ifrs17-result-snapshot,短险,27,9,"""[22]=[3]+[14]+[15]+[20]+[21]""",[22]=[3]+[14]+[15]+[20]+[21],
ifrs17-result-snapshot,短险,27,10,32178017.852936186,"32,178,017.85",
ifrs17-result-snapshot,短险,27,11,29507.9799999997,"29,507.98",
ifrs17-result-snapshot,短险,27,12,46579761.51254787,"46,579,761.51",
ifrs17-result-snapshot,短险,27,13,1164496.1324373516,"1,164,496.13",
ifrs17-result-snapshot,短险,27,14,79951783.47792141,"79,951,783.48",
ifrs17-result-snapshot,短险,28,0,"""现金流量合计""",现金流量合计,
ifrs17-result-snapshot,短险,28,1,"""[24]=[20]+[21]+[22]+[23]""",[24]=[20]+[21]+[22]+[23],
ifrs17-result-snapshot,短险,28,8,"""于期末/年末的保险合同资产""",于期末/年末的保险合同资产,
ifrs17-result-snapshot,短险,28,9,"""[23]""",[23],
ifrs17-result-snapshot,短险,28,10,0,0,
ifrs17-result-snapshot,短险,28,11,0,0,
ifrs17-result-snapshot,短险,28,12,0,0,
ifrs17-result-snapshot,短险,28,13,0,0,
ifrs17-result-snapshot,短险,28,14,0,0,
ifrs17-result-snapshot,短险,29,0,"""其他变动""",其他变动,
ifrs17-result-snapshot,短险,29,1,"""[25]""",[25],
ifrs17-result-snapshot,短险,29,8,"""于期末/年末的保险合同负债""",于期末/年末的保险合同负债,
ifrs17-result-snapshot,短险,29,9,"""[24]=[22]-[23]""",[24]=[22]-[23],
ifrs17-result-snapshot,短险,29,10,32178017.852936186,"32,178,017.85",
ifrs17-result-snapshot,短险,29,11,29507.9799999997,"29,507.98",
ifrs17-result-snapshot,短险,29,12,46579761.51254787,"46,579,761.51",
ifrs17-result-snapshot,短险,29,13,1164496.1324373516,"1,164,496.13",
ifrs17-result-snapshot,短险,29,14,79951783.47792141,"79,951,783.48",
ifrs17-result-snapshot,短险,30,0,"""于期末/年末的保险合同净负债/资产余额""",于期末/年末的保险合同净负债/资产余额,
ifrs17-result-snapshot,短险,30,1,"""[26]=[3]+[19]+[24]+[25]""",[26]=[3]+[19]+[24]+[25],
ifrs17-result-snapshot,短险,30,8,"""1例如，外币报表折算差额。""",1例如，外币报表折算差额。,
ifrs17-result-snapshot,短险,31,0,"""于期末/年末的保险合同资产""",于期末/年末的保险合同资产,
ifrs17-result-snapshot,短险,31,1,"""[27]""",[27],
ifrs17-result-snapshot,短险,31,8,"""2该保费返还可以作为“收到的保费”的减项。""",2该保费返还可以作为“收到的保费”的减项。,
ifrs17-result-snapshot,短险,31,9,"""check""",check,
ifrs17-result-snapshot,短险,31,10,32178017.852536194,"32,178,017.85",
ifrs17-result-snapshot,短险,31,11,29507.9799999997,"29,507.98",
ifrs17-result-snapshot,短险,31,12,46579761.512547866,"46,579,761.51",
ifrs17-result-snapshot,短险,31,13,1164496.1324373516,"1,164,496.13",
ifrs17-result-snapshot,短险,31,14,79951783.4775214,"79,951,783.48",
ifrs17-result-snapshot,短险,32,0,"""于期末/年末的保险合同负债""",于期末/年末的保险合同负债,
ifrs17-result-snapshot,短险,32,1,"""[28]=[26]-[27]""",[28]=[26]-[27],
ifrs17-result-snapshot,短险,32,9,"""DIFF""",DIFF,
ifrs17-result-snapshot,短险,32,10,-0.00039998888969421386,(0),
ifrs17-result-snapshot,短险,32,11,0,0,
ifrs17-result-snapshot,短险,32,12,0,0,
ifrs17-result-snapshot,短险,32,13,0,0,
ifrs17-result-snapshot,短险,32,14,-0.0004000067710876465,(0),
ifrs17-result-snapshot,再保,0,0,"""保险合同负债余额调节表1（M1表）——按组成要素""",保险合同负债余额调节表1（M1表）——按组成要素,
ifrs17-result-snapshot,再保,0,7,"""保险合同负债余额调节表2（M2表）——按负债类别""",保险合同负债余额调节表2（M2表）——按负债类别,
ifrs17-result-snapshot,再保,1,0,"""项目""",项目,
ifrs17-result-snapshot,再保,1,1,"""编号""",编号,
ifrs17-result-snapshot,再保,1,2,"""未来现金流量现值""",未来现金流量现值,
ifrs17-result-snapshot,再保,1,3,"""非金融风险调整""",非金融风险调整,
ifrs17-result-snapshot,再保,1,4,"""合同服务边际""",合同服务边际,
ifrs17-result-snapshot,再保,1,5,"""合计""",合计,
ifrs17-result-snapshot,再保,1,7,"""项目""",项目,
ifrs17-result-snapshot,再保,1,8,"""编号""",编号,
ifrs17-result-snapshot,再保,1,9,"""分保摊回未到期责任资产""", 分保摊回未到期责任资产 ,
ifrs17-result-snapshot,再保,1,11,"""已发生赔款资产""",已发生赔款资产,
ifrs17-result-snapshot,再保,1,13,"""合计""",合计,
ifrs17-result-snapshot,再保,2,9,"""非亏损摊回部分""", 非亏损摊回部分 ,
ifrs17-result-snapshot,再保,2,10,"""亏损摊回部分""",亏损摊回部分,
ifrs17-result-snapshot,再保,2,11,"""未来现金流量现值的估计""", 未来现金流量现值的估计 ,
ifrs17-result-snapshot,再保,2,12,"""非金融风险调整""", 非金融风险调整 ,
ifrs17-result-snapshot,再保,3,0,"""于期初/年初的保险合同负债""",于期初/年初的保险合同负债,
ifrs17-result-snapshot,再保,3,1,"""[1]""",[1],
ifrs17-result-snapshot,再保,3,7,"""于期初/年初的分出再保险合同资产""",于期初/年初的分出再保险合同资产,
ifrs17-result-snapshot,再保,3,8,"""[1]""",[1],
ifrs17-result-snapshot,再保,3,9,-6021911.9295280175,"(6,021,911.93)",
ifrs17-result-snapshot,再保,3,11,6202811.07285622,"6,202,811.07",
ifrs17-result-snapshot,再保,3,12,36469.436695695615,"36,469.44",
ifrs17-result-snapshot,再保,3,13,217368.5800238989,"217,368.58",
ifrs17-result-snapshot,再保,4,0,"""于期初/年初的保险合同资产""",于期初/年初的保险合同资产,
ifrs17-result-snapshot,再保,4,1,"""[2]""",[2],
ifrs17-result-snapshot,再保,4,7,"""于期初/年初的分出再保险合同负债""",于期初/年初的分出再保险合同负债,
ifrs17-result-snapshot,再保,4,8,"""[2]""",[2],
ifrs17-result-snapshot,再保,4,9,-716451.0611030519,"(716,451.06)",
ifrs17-result-snapshot,再保,4,11,580288.3042541799,"580,288.3",
ifrs17-result-snapshot,再保,4,12,1263.6499673976,"1,263.65",
ifrs17-result-snapshot,再保,4,13,-134899.10688147438,"(134,899.11)",
ifrs17-result-snapshot,再保,5,0,"""于期初/年初的保险合同净负债/资产余额""",于期初/年初的保险合同净负债/资产余额,
ifrs17-result-snapshot,再保,5,1,"""[3]=[1]+[2]""",[3]=[1]+[2],
ifrs17-result-snapshot,再保,5,7,"""于期初/年初的分出再保险合同净资产/负债余额""",于期初/年初的分出再保险合同净资产/负债余额,
ifrs17-result-snapshot,再保,5,8,"""[3]=[1]+[2]""",[3]=[1]+[2],
ifrs17-result-snapshot,再保,5,9,-6738362.933482824,"(6,738,362.93)",
ifrs17-result-snapshot,再保,5,11,6783099.365242885,"6,783,099.37",
ifrs17-result-snapshot,再保,5,12,37733.06350978042,"37,733.06",
ifrs17-result-snapshot,再保,5,13,82469.49526984121,"82,469.5",
ifrs17-result-snapshot,再保,6,0,"""计入综合收益的变动""",计入综合收益的变动,
ifrs17-result-snapshot,再保,6,7,"""计入综合收益的变动""",计入综合收益的变动,
ifrs17-result-snapshot,再保,6,15,"""倒算法REVENUE""",倒算法REVENUE,
ifrs17-result-snapshot,再保,6,16,"""checkdiff""",checkdiff,
ifrs17-result-snapshot,再保,7,0,"""与当期服务相关的变动""",与当期服务相关的变动,
ifrs17-result-snapshot,再保,7,1,"""[4]=[5]+[6]+[7]""",[4]=[5]+[6]+[7],
ifrs17-result-snapshot,再保,7,7,"""分出保费的分摊""",分出保费的分摊,
ifrs17-result-snapshot,再保,7,8,"""[4]""",[4],
ifrs17-result-snapshot,再保,7,9,-5902379.207999999,"(5,902,379.21)",
ifrs17-result-snapshot,再保,7,13,-5902379.207999999,"(5,902,379.21)",
ifrs17-result-snapshot,再保,7,15,-5902379.197405275,"(5,902,379.2)",
ifrs17-result-snapshot,再保,7,16,0.010594723373651504,0.01,
ifrs17-result-snapshot,再保,8,0,"""合同服务边际的摊销""",合同服务边际的摊销,
ifrs17-result-snapshot,再保,8,1,"""[5]""",[5],
ifrs17-result-snapshot,再保,8,7,"""摊回保险服务费用""",摊回保险服务费用,
ifrs17-result-snapshot,再保,8,17,"""总摊回""",总摊回,
ifrs17-result-snapshot,再保,9,0,"""非金融风险调整的变动""",非金融风险调整的变动,
ifrs17-result-snapshot,再保,9,1,"""[6]""",[6],
ifrs17-result-snapshot,再保,9,7,"""摊回已发生赔款及其他相关费用""",摊回已发生赔款及其他相关费用,
ifrs17-result-snapshot,再保,9,8,"""[5]""",[5],
ifrs17-result-snapshot,再保,9,11,1705754.3190949191,"1,705,754.32",
ifrs17-result-snapshot,再保,9,12,0,0,
ifrs17-result-snapshot,再保,9,13,1705754.3190949191,"1,705,754.32",
ifrs17-result-snapshot,再保,9,14,"""摊回+纯益""",摊回+纯益,
ifrs17-result-snapshot,再保,9,15,"""保险成分_CY""",保险成分_CY,
ifrs17-result-snapshot,再保,9,16,1705754.3190949191,"1,705,754.32",
ifrs17-result-snapshot,再保,9,17,3973066.2759999996,"3,973,066.28",
ifrs17-result-snapshot,再保,9,18,"""盈余已计入应付""",盈余已计入应付,
ifrs17-result-snapshot,再保,10,0,"""当期经验调整""",当期经验调整,
ifrs17-result-snapshot,再保,10,1,"""[7]""",[7],
ifrs17-result-snapshot,再保,10,7,"""亏损摊回部分的确认及转回""",亏损摊回部分的确认及转回,
ifrs17-result-snapshot,再保,10,8,"""[6]""",[6],
ifrs17-result-snapshot,再保,10,13,0,0,
ifrs17-result-snapshot,再保,10,15,"""保险成分_PY""",保险成分_PY,
ifrs17-result-snapshot,再保,10,16,1407591.1967529198,"1,407,591.2",
ifrs17-result-snapshot,再保,10,17,3278580.65584784,"3,278,580.66",
ifrs17-result-snapshot,再保,11,0,"""与未来服务相关的变动""",与未来服务相关的变动,
ifrs17-result-snapshot,再保,11,1,"""[8]=[9]+[10]+[11]+[12]""",[8]=[9]+[10]+[11]+[12],
ifrs17-result-snapshot,再保,11,7,"""摊回已发生赔款资产相关履约现金流量变动""",摊回已发生赔款资产相关履约现金流量变动,
ifrs17-result-snapshot,再保,11,8,"""[7]""",[7],
ifrs17-result-snapshot,再保,11,11,1465220.1974409113,"1,465,220.2",
ifrs17-result-snapshot,再保,11,12,1440.7250185935984,"1,440.73",
ifrs17-result-snapshot,再保,11,13,1466660.922459505,"1,466,660.92",
ifrs17-result-snapshot,再保,12,0,"""当期初始确认的保险合同影响""",当期初始确认的保险合同影响,
ifrs17-result-snapshot,再保,12,1,"""[9]""",[9],
ifrs17-result-snapshot,再保,12,7,"""再保险分入人不履约风险变动额""",再保险分入人不履约风险变动额,
ifrs17-result-snapshot,再保,12,8,"""[8]""",[8],
ifrs17-result-snapshot,再保,12,9,40556.09343806841,"40,556.09",
ifrs17-result-snapshot,再保,12,11,9687.308936302803,"9,687.31",
ifrs17-result-snapshot,再保,12,12,257.607612632,257.61,
ifrs17-result-snapshot,再保,12,13,50501.00998700321,"50,501.01",
ifrs17-result-snapshot,再保,13,0,"""调整合同服务边际的估计变更""",调整合同服务边际的估计变更,
ifrs17-result-snapshot,再保,13,1,"""[10]""",[10],
ifrs17-result-snapshot,再保,13,7,"""其他""",其他,
ifrs17-result-snapshot,再保,13,8,"""[9]""",[9],
ifrs17-result-snapshot,再保,13,13,0,0,
ifrs17-result-snapshot,再保,14,0,"""不调整合同服务边际的估计变更""",不调整合同服务边际的估计变更,
ifrs17-result-snapshot,再保,14,1,"""[11]""",[11],
ifrs17-result-snapshot,再保,14,7,"""摊回保险服务费用小计""",摊回保险服务费用小计,
ifrs17-result-snapshot,再保,14,8,"""[10]=[5]+[6]+[7]+[8]+[9]""",[10]=[5]+[6]+[7]+[8]+[9],
ifrs17-result-snapshot,再保,14,9,40556.09343806841,"40,556.09",
ifrs17-result-snapshot,再保,14,11,3180661.8254721332,"3,180,661.83",
ifrs17-result-snapshot,再保,14,12,1698.3326312255983,"1,698.33",
ifrs17-result-snapshot,再保,14,13,3222916.2515414273,"3,222,916.25",
ifrs17-result-snapshot,再保,15,0,"""其他""",其他,
ifrs17-result-snapshot,再保,15,1,"""[12]""",[12],
ifrs17-result-snapshot,再保,15,7,"""分出再保险合同金融变动额""",分出再保险合同金融变动额,
ifrs17-result-snapshot,再保,15,8,"""[11]""",[11],
ifrs17-result-snapshot,再保,15,13,0,0,
ifrs17-result-snapshot,再保,16,0,"""与过去服务相关的变动""",与过去服务相关的变动,
ifrs17-result-snapshot,再保,16,1,"""[13]=[14]+[15]""",[13]=[14]+[15],
ifrs17-result-snapshot,再保,16,7,"""其他1""",其他1,
ifrs17-result-snapshot,再保,16,8,"""[12]""",[12],
ifrs17-result-snapshot,再保,16,13,0,0,
ifrs17-result-snapshot,再保,17,0,"""已发生赔款负债相关履约现金流量变动""",已发生赔款负债相关履约现金流量变动,
ifrs17-result-snapshot,再保,17,1,"""[14]""",[14],
ifrs17-result-snapshot,再保,17,7,"""计入综合收益的变动合计""",计入综合收益的变动合计,
ifrs17-result-snapshot,再保,17,8,"""[13]=[4]+[10]+[11]+[12]""",[13]=[4]+[10]+[11]+[12],
ifrs17-result-snapshot,再保,17,9,-5861823.114561929,"(5,861,823.11)",
ifrs17-result-snapshot,再保,17,11,3180661.8254721332,"3,180,661.83",
ifrs17-result-snapshot,再保,17,12,1698.3326312255983,"1,698.33",
ifrs17-result-snapshot,再保,17,13,-2679462.956458571,"(2,679,462.96)",
ifrs17-result-snapshot,再保,18,0,"""其他""",其他,
ifrs17-result-snapshot,再保,18,1,"""[15]""",[15],
ifrs17-result-snapshot,再保,18,7,"""投资成分（及保费返还 ）2""",投资成分（及保费返还 ）2,
ifrs17-result-snapshot,再保,18,8,"""[14]""",[14],
ifrs17-result-snapshot,再保,18,9,-4138301.416000001,"(4,138,301.42)",
ifrs17-result-snapshot,再保,18,11,4138301.416000001,"4,138,301.42",
ifrs17-result-snapshot,再保,18,13,0,0,
ifrs17-result-snapshot,再保,18,14,"""摊回+纯益""",摊回+纯益,
ifrs17-result-snapshot,再保,18,15,"""投资成分""",投资成分,
ifrs17-result-snapshot,再保,18,16,4138301.416000001,"4,138,301.42",
ifrs17-result-snapshot,再保,19,0,"""保险服务业绩""",保险服务业绩,
ifrs17-result-snapshot,再保,19,1,"""[16]=[4]+[8]+[13]""",[16]=[4]+[8]+[13],
ifrs17-result-snapshot,再保,19,7,"""现金流量""",现金流量,
ifrs17-result-snapshot,再保,19,13,0,0,
ifrs17-result-snapshot,再保,20,0,"""保险合同金融变动额""",保险合同金融变动额,
ifrs17-result-snapshot,再保,20,1,"""[17]""",[17],
ifrs17-result-snapshot,再保,20,7,"""支付的分出保费""",支付的分出保费,
ifrs17-result-snapshot,再保,20,8,"""[15]""",[15],
ifrs17-result-snapshot,再保,20,9,8233575.899497512,"8,233,575.9",
ifrs17-result-snapshot,再保,20,13,8233575.899497512,"8,233,575.9",
ifrs17-result-snapshot,再保,21,0,"""其他1""",其他1,
ifrs17-result-snapshot,再保,21,1,"""[18]""",[18],
ifrs17-result-snapshot,再保,21,7,"""收到的摊回赔款及其他相关费用（含投资成分）""",收到的摊回赔款及其他相关费用（含投资成分）,
ifrs17-result-snapshot,再保,21,8,"""[16]""",[16],
ifrs17-result-snapshot,再保,21,11,-5504897.952335229,"(5,504,897.95)",
ifrs17-result-snapshot,再保,21,13,-5504897.952335229,"(5,504,897.95)",
ifrs17-result-snapshot,再保,22,0,"""计入综合收益的变动合计""",计入综合收益的变动合计,
ifrs17-result-snapshot,再保,22,1,"""[19]=[16]+[17]+[18]""",[19]=[16]+[17]+[18],
ifrs17-result-snapshot,再保,22,7,"""其他""",其他,
ifrs17-result-snapshot,再保,22,8,"""[17]""",[17],
ifrs17-result-snapshot,再保,22,13,0,0,
ifrs17-result-snapshot,再保,23,0,"""现金流量""",现金流量,
ifrs17-result-snapshot,再保,23,7,"""现金流量合计""",现金流量合计,
ifrs17-result-snapshot,再保,23,8,"""[18]=[15]+[16]+[17]""",[18]=[15]+[16]+[17],
ifrs17-result-snapshot,再保,23,9,8233575.899497512,"8,233,575.9",
ifrs17-result-snapshot,再保,23,11,-5504897.952335229,"(5,504,897.95)",
ifrs17-result-snapshot,再保,23,13,2728677.9471622827,"2,728,677.95",
ifrs17-result-snapshot,再保,24,0,"""收到的保费""",收到的保费,
ifrs17-result-snapshot,再保,24,1,"""[20]""",[20],
ifrs17-result-snapshot,再保,24,7,"""其他变动""",其他变动,
ifrs17-result-snapshot,再保,24,8,"""[19]""",[19],
ifrs17-result-snapshot,再保,24,13,0,0,
ifrs17-result-snapshot,再保,25,0,"""支付的保险获取现金流量""",支付的保险获取现金流量,
ifrs17-result-snapshot,再保,25,1,"""[21]""",[21],
ifrs17-result-snapshot,再保,25,7,"""于期末/年末的分出再保险合同净资产/负债余额""",于期末/年末的分出再保险合同净资产/负债余额,
ifrs17-result-snapshot,再保,25,8,"""[20]=[3]+[13]+[14]+[18]+[19]""",[20]=[3]+[13]+[14]+[18]+[19],
ifrs17-result-snapshot,再保,25,9,-8504911.553952519,"(8,504,911.55)",
ifrs17-result-snapshot,再保,25,11,8597164.654687975,"8,597,164.65",
ifrs17-result-snapshot,再保,25,12,39431.39614202561,"39,431.4",
ifrs17-result-snapshot,再保,25,13,131684.49687748138,"131,684.5",
ifrs17-result-snapshot,再保,26,0,"""支付的赔款及其他相关费用（含相关投资成分）""",支付的赔款及其他相关费用（含相关投资成分）,
ifrs17-result-snapshot,再保,26,1,"""[22]""",[22],
ifrs17-result-snapshot,再保,26,7,"""于期末/年末的分出再保险合同资产""",于期末/年末的分出再保险合同资产,
ifrs17-result-snapshot,再保,26,8,"""[21]""",[21],
ifrs17-result-snapshot,再保,26,9,-3638287.2721042493,"(3,638,287.27)",
ifrs17-result-snapshot,再保,26,11,4824380.921645217,"4,824,380.92",
ifrs17-result-snapshot,再保,26,12,19364.19185694321,"19,364.19",
ifrs17-result-snapshot,再保,26,13,1205457.8413979108,"1,205,457.84",
ifrs17-result-snapshot,再保,27,0,"""其他""",其他,
ifrs17-result-snapshot,再保,27,1,"""[23]""",[23],
ifrs17-result-snapshot,再保,27,7,"""于期末/年末的分出再保险合同负债""",于期末/年末的分出再保险合同负债,
ifrs17-result-snapshot,再保,27,8,"""[22]=[20]-[21]""",[22]=[20]-[21],
ifrs17-result-snapshot,再保,27,9,-4866624.28184827,"(4,866,624.28)",
ifrs17-result-snapshot,再保,27,11,3772783.733042759,"3,772,783.73",
ifrs17-result-snapshot,再保,27,12,20067.2042850824,"20,067.2",
ifrs17-result-snapshot,再保,27,13,-1073773.3445204294,"(1,073,773.34)",
ifrs17-result-snapshot,再保,28,0,"""于期末/年末的保险合同净负债/资产余额""",于期末/年末的保险合同净负债/资产余额,
ifrs17-result-snapshot,再保,28,1,"""[26]=[3]+[19]+[24]+[25]""",[26]=[3]+[19]+[24]+[25],
ifrs17-result-snapshot,再保,28,7,"""1例如，外币报表折算差额。""",1例如，外币报表折算差额。,
ifrs17-result-snapshot,再保,29,0,"""于期末/年末的保险合同资产""",于期末/年末的保险合同资产,
ifrs17-result-snapshot,再保,29,1,"""[27]""",[27],
ifrs17-result-snapshot,再保,29,7,"""2该保费返还可以作为“收到的保费”的减项。""",2该保费返还可以作为“收到的保费”的减项。,
ifrs17-result-snapshot,再保,29,8,"""check""",check,
ifrs17-result-snapshot,再保,29,9,-8504911.564547244,"(8,504,911.56)",
ifrs17-result-snapshot,再保,29,10,0,0,
ifrs17-result-snapshot,再保,29,11,8597164.654379789,"8,597,164.65",
ifrs17-result-snapshot,再保,29,12,39431.396141006015,"39,431.4",
ifrs17-result-snapshot,再保,29,13,131684.48597355298,"131,684.49",
ifrs17-result-snapshot,再保,30,0,"""于期末/年末的保险合同负债""",于期末/年末的保险合同负债,
ifrs17-result-snapshot,再保,30,1,"""[28]=[26]-[27]""",[28]=[26]-[27],
ifrs17-result-snapshot,再保,30,8,"""DIFF""",DIFF,
ifrs17-result-snapshot,再保,30,9,-0.010594724118709565,(0.01),
ifrs17-result-snapshot,再保,30,10,0,0,
ifrs17-result-snapshot,再保,30,11,-0.0003081873059272766,(0),
ifrs17-result-snapshot,再保,30,12,-0.0000010195886716246606,(0),
ifrs17-result-snapshot,再保,30,13,-0.010903928382322191,(0.01),
ifrs17-result-snapshot,再保,32,1,"""check""",check,
ifrs17-result-snapshot,再保,32,2,"""#REF!""",#REF!,
ifrs17-result-snapshot,再保,32,3,"""#REF!""",#REF!,
ifrs17-result-snapshot,再保,32,4,"""#REF!""",#REF!,
ifrs17-result-snapshot,再保,32,5,"""#REF!""",#REF!,
ifrs17-result-snapshot,再保,33,1,"""DIFF""",DIFF,
ifrs17-result-snapshot,再保,33,2,"""#REF!""",#REF!,
ifrs17-result-snapshot,再保,33,3,"""#REF!""",#REF!,
ifrs17-result-snapshot,再保,33,4,"""#REF!""",#REF!,
ifrs17-result-snapshot,再保,33,5,"""#REF!""",#REF!,
ifrs17-result-snapshot,正确性检查-直保长险_CHK DIFF,0,0,"""保险合同负债余额调节表1（M1表）——按组成要素""", 保险合同负债余额调节表1（M1表）——按组成要素 ,
ifrs17-result-snapshot,正确性检查-直保长险_CHK DIFF,0,7,"""保险合同负债余额调节表2（M2表）——按负债类别""", 保险合同负债余额调节表2（M2表）——按负债类别 ,
ifrs17-result-snapshot,正确性检查-直保长险_CHK DIFF,1,0,"""项目""", 项目 ,
ifrs17-result-snapshot,正确性检查-直保长险_CHK DIFF,1,1,"""编号""", 编号 ,
ifrs17-result-snapshot,正确性检查-直保长险_CHK DIFF,1,2,"""未来现金流量现值""", 未来现金流量现值 ,
ifrs17-result-snapshot,正确性检查-直保长险_CHK DIFF,1,3,"""非金融风险调整""", 非金融风险调整 ,
ifrs17-result-snapshot,正确性检查-直保长险_CHK DIFF,1,4,"""合同服务边际""", 合同服务边际 ,
ifrs17-result-snapshot,正确性检查-直保长险_CHK DIFF,1,5,"""合计""", 合计 ,
ifrs17-result-snapshot,正确性检查-直保长险_CHK DIFF,1,7,"""项目""", 项目 ,
ifrs17-result-snapshot,正确性检查-直保长险_CHK DIFF,1,8,"""编号""", 编号 ,
ifrs17-result-snapshot,正确性检查-直保长险_CHK DIFF,1,9,"""未到期责任负债""", 未到期责任负债 ,
ifrs17-result-snapshot,正确性检查-直保长险_CHK DIFF,1,11,"""已发生赔款负债""", 已发生赔款负债 ,
ifrs17-result-snapshot,正确性检查-直保长险_CHK DIFF,1,12,"""合计""", 合计 ,
ifrs17-result-snapshot,正确性检查-直保长险_CHK DIFF,1,14,"""M1M2勾稽关系""", M1M2勾稽关系 ,
ifrs17-result-snapshot,正确性检查-直保长险_CHK DIFF,2,9,"""非亏损部分""", 非亏损部分 ,
ifrs17-result-snapshot,正确性检查-直保长险_CHK DIFF,2,10,"""亏损部分""", 亏损部分 ,
ifrs17-result-snapshot,正确性检查-直保长险_CHK DIFF,3,0,"""于期初/年初的保险合同负债""", 于期初/年初的保险合同负债 ,
ifrs17-result-snapshot,正确性检查-直保长险_CHK DIFF,3,1,"""[1]""", [1] ,
ifrs17-result-snapshot,正确性检查-直保长险_CHK DIFF,3,5,0,0,
ifrs17-result-snapshot,正确性检查-直保长险_CHK DIFF,3,7,"""于期初/年初的保险合同负债""", 于期初/年初的保险合同负债 ,
ifrs17-result-snapshot,正确性检查-直保长险_CHK DIFF,3,8,"""[1]""", [1] ,
ifrs17-result-snapshot,正确性检查-直保长险_CHK DIFF,3,12,0,0,
ifrs17-result-snapshot,正确性检查-直保长险_CHK DIFF,3,14,0,0,
ifrs17-result-snapshot,正确性检查-直保长险_CHK DIFF,4,0,"""于期初/年初的保险合同资产""", 于期初/年初的保险合同资产 ,
ifrs17-result-snapshot,正确性检查-直保长险_CHK DIFF,4,1,"""[2]""", [2] ,
ifrs17-result-snapshot,正确性检查-直保长险_CHK DIFF,4,5,0,0,
ifrs17-result-snapshot,正确性检查-直保长险_CHK DIFF,4,7,"""于期初/年初的保险合同资产""", 于期初/年初的保险合同资产 ,
ifrs17-result-snapshot,正确性检查-直保长险_CHK DIFF,4,8,"""[2]""", [2] ,
ifrs17-result-snapshot,正确性检查-直保长险_CHK DIFF,4,12,0,0,
ifrs17-result-snapshot,正确性检查-直保长险_CHK DIFF,4,14,0,0,
ifrs17-result-snapshot,正确性检查-直保长险_CHK DIFF,5,0,"""于期初/年初的保险合同净负债/资产余额""", 于期初/年初的保险合同净负债/资产余额 ,
ifrs17-result-snapshot,正确性检查-直保长险_CHK DIFF,5,1,"""[3]=[1]+[2]""", [3]=[1]+[2] ,
ifrs17-result-snapshot,正确性检查-直保长险_CHK DIFF,5,2,0,0,
ifrs17-result-snapshot,正确性检查-直保长险_CHK DIFF,5,3,0,0,
ifrs17-result-snapshot,正确性检查-直保长险_CHK DIFF,5,4,0,0,
ifrs17-result-snapshot,正确性检查-直保长险_CHK DIFF,5,5,0,0,
ifrs17-result-snapshot,正确性检查-直保长险_CHK DIFF,5,6,"""[1]和[2]未填写导致\r\n[Q]如何在GOC层级区分保险合同资产和负债""","[1]和[2]未填写导致
[Q]如何在GOC层级区分保险合同资产和负债",
ifrs17-result-snapshot,正确性检查-直保长险_CHK DIFF,5,7,"""于期初/年初的保险合同净负债/资产余额""", 于期初/年初的保险合同净负债/资产余额 ,
ifrs17-result-snapshot,正确性检查-直保长险_CHK DIFF,5,8,"""[3]=[1]+[2]""", [3]=[1]+[2] ,
ifrs17-result-snapshot,正确性检查-直保长险_CHK DIFF,5,9,0,0,
ifrs17-result-snapshot,正确性检查-直保长险_CHK DIFF,5,10,0,0,
ifrs17-result-snapshot,正确性检查-直保长险_CHK DIFF,5,11,0,0,
ifrs17-result-snapshot,正确性检查-直保长险_CHK DIFF,5,12,0,0,
ifrs17-result-snapshot,正确性检查-直保长险_CHK DIFF,5,13,"""[1]和[2]未填写导致\r\n[Q]如何在GOC层级区分保险合同资产和负债""","[1]和[2]未填写导致
[Q]如何在GOC层级区分保险合同资产和负债",
ifrs17-result-snapshot,正确性检查-直保长险_CHK DIFF,5,14,0,0,
ifrs17-result-snapshot,正确性检查-直保长险_CHK DIFF,6,0,"""计入综合收益的变动""", 计入综合收益的变动 ,
ifrs17-result-snapshot,正确性检查-直保长险_CHK DIFF,6,7,"""计入综合收益的变动""", 计入综合收益的变动 ,
ifrs17-result-snapshot,正确性检查-直保长险_CHK DIFF,7,0,"""与当期服务相关的变动""", 与当期服务相关的变动 ,
ifrs17-result-snapshot,正确性检查-直保长险_CHK DIFF,7,1,"""[4]=[5]+[6]+[7]""", [4]=[5]+[6]+[7] ,
ifrs17-result-snapshot,正确性检查-直保长险_CHK DIFF,7,2,0,0,
ifrs17-result-snapshot,正确性检查-直保长险_CHK DIFF,7,3,0,0,
ifrs17-result-snapshot,正确性检查-直保长险_CHK DIFF,7,4,0,0,
ifrs17-result-snapshot,正确性检查-直保长险_CHK DIFF,7,5,0,0,
ifrs17-result-snapshot,正确性检查-直保长险_CHK DIFF,7,7,"""保险服务收入""", 保险服务收入 ,
ifrs17-result-snapshot,正确性检查-直保长险_CHK DIFF,7,8,"""[4]""", [4] ,
ifrs17-result-snapshot,正确性检查-直保长险_CHK DIFF,7,9,4.706069375970401e-7,0,
ifrs17-result-snapshot,正确性检查-直保长险_CHK DIFF,7,12,0,0,
ifrs17-result-snapshot,正确性检查-直保长险_CHK DIFF,7,14,0,0,
ifrs17-result-snapshot,正确性检查-直保长险_CHK DIFF,8,0,"""合同服务边际的摊销""", 合同服务边际的摊销 ,
ifrs17-result-snapshot,正确性检查-直保长险_CHK DIFF,8,1,"""[5]""", [5] ,
ifrs17-result-snapshot,正确性检查-直保长险_CHK DIFF,8,2,0,0,
ifrs17-result-snapshot,正确性检查-直保长险_CHK DIFF,8,3,0,0,
ifrs17-result-snapshot,正确性检查-直保长险_CHK DIFF,8,4,"""-""", - ,
ifrs17-result-snapshot,正确性检查-直保长险_CHK DIFF,8,5,0,0,
ifrs17-result-snapshot,正确性检查-直保长险_CHK DIFF,8,7,"""保险服务费用""", 保险服务费用 ,
ifrs17-result-snapshot,正确性检查-直保长险_CHK DIFF,9,0,"""非金融风险调整的变动""", 非金融风险调整的变动 ,
ifrs17-result-snapshot,正确性检查-直保长险_CHK DIFF,9,1,"""[6]""", [6] ,
ifrs17-result-snapshot,正确性检查-直保长险_CHK DIFF,9,2,0,0,
ifrs17-result-snapshot,正确性检查-直保长险_CHK DIFF,9,4,0,0,
ifrs17-result-snapshot,正确性检查-直保长险_CHK DIFF,9,5,0,0,
ifrs17-result-snapshot,正确性检查-直保长险_CHK DIFF,9,7,"""当期发生赔款及其他相关费用（保险获取现金流量除外）""", 当期发生赔款及其他相关费用（保险获取现金流量除外） ,
ifrs17-result-snapshot,正确性检查-直保长险_CHK DIFF,9,8,"""[5]""", [5] ,
ifrs17-result-snapshot,正确性检查-直保长险_CHK DIFF,9,12,0,0,
ifrs17-result-snapshot,正确性检查-直保长险_CHK DIFF,10,0,"""当期经验调整""", 当期经验调整 ,
ifrs17-result-snapshot,正确性检查-直保长险_CHK DIFF,10,1,"""[7]""", [7] ,
ifrs17-result-snapshot,正确性检查-直保长险_CHK DIFF,10,3,0,0,
ifrs17-result-snapshot,正确性检查-直保长险_CHK DIFF,10,4,0,0,
ifrs17-result-snapshot,正确性检查-直保长险_CHK DIFF,10,5,0,0,
ifrs17-result-snapshot,正确性检查-直保长险_CHK DIFF,10,7,"""保险获取现金流量的摊销""", 保险获取现金流量的摊销 ,
ifrs17-result-snapshot,正确性检查-直保长险_CHK DIFF,10,8,"""[6]""", [6] ,
ifrs17-result-snapshot,正确性检查-直保长险_CHK DIFF,10,12,0,0,
ifrs17-result-snapshot,正确性检查-直保长险_CHK DIFF,11,0,"""与未来服务相关的变动""", 与未来服务相关的变动 ,
ifrs17-result-snapshot,正确性检查-直保长险_CHK DIFF,11,1,"""[8]=[9]+[10]+[11]+[12]""", [8]=[9]+[10]+[11]+[12] ,
ifrs17-result-snapshot,正确性检查-直保长险_CHK DIFF,11,2,0,0,
ifrs17-result-snapshot,正确性检查-直保长险_CHK DIFF,11,3,0,0,
ifrs17-result-snapshot,正确性检查-直保长险_CHK DIFF,11,4,0,0,
ifrs17-result-snapshot,正确性检查-直保长险_CHK DIFF,11,5,-6.258487701416016e-8,(0),
ifrs17-result-snapshot,正确性检查-直保长险_CHK DIFF,11,7,"""亏损部分的确认及转回""", 亏损部分的确认及转回 ,
ifrs17-result-snapshot,正确性检查-直保长险_CHK DIFF,11,8,"""[7]""", [7] ,
ifrs17-result-snapshot,正确性检查-直保长险_CHK DIFF,11,12,0,0,
ifrs17-result-snapshot,正确性检查-直保长险_CHK DIFF,11,14,0.000984501838684082,0,
ifrs17-result-snapshot,正确性检查-直保长险_CHK DIFF,12,0,"""当期初始确认的保险合同影响""", 当期初始确认的保险合同影响 ,
ifrs17-result-snapshot,正确性检查-直保长险_CHK DIFF,12,1,"""[9]""", [9] ,
ifrs17-result-snapshot,正确性检查-直保长险_CHK DIFF,12,3,"""-""", - ,
ifrs17-result-snapshot,正确性检查-直保长险_CHK DIFF,12,4,"""-""", - ,
ifrs17-result-snapshot,正确性检查-直保长险_CHK DIFF,12,5,-6.556510925292969e-8,(0),
ifrs17-result-snapshot,正确性检查-直保长险_CHK DIFF,12,7,"""已发生赔款负债相关履约现金流量变动""", 已发生赔款负债相关履约现金流量变动 ,
ifrs17-result-snapshot,正确性检查-直保长险_CHK DIFF,12,8,"""[8]""", [8] ,
ifrs17-result-snapshot,正确性检查-直保长险_CHK DIFF,12,12,0,0,
ifrs17-result-snapshot,正确性检查-直保长险_CHK DIFF,12,14,0,0,
ifrs17-result-snapshot,正确性检查-直保长险_CHK DIFF,13,0,"""调整合同服务边际的估计变更""", 调整合同服务边际的估计变更 ,
ifrs17-result-snapshot,正确性检查-直保长险_CHK DIFF,13,1,"""[10]""", [10] ,
ifrs17-result-snapshot,正确性检查-直保长险_CHK DIFF,13,4,4.76837158203125e-7,0,
ifrs17-result-snapshot,正确性检查-直保长险_CHK DIFF,13,5,2.9802322387695312e-8,0,
ifrs17-result-snapshot,正确性检查-直保长险_CHK DIFF,13,7,"""其他""", 其他 ,
ifrs17-result-snapshot,正确性检查-直保长险_CHK DIFF,13,8,"""[9]""", [9] ,
ifrs17-result-snapshot,正确性检查-直保长险_CHK DIFF,13,12,0,0,
ifrs17-result-snapshot,正确性检查-直保长险_CHK DIFF,14,0,"""不调整合同服务边际的估计变更""", 不调整合同服务边际的估计变更 ,
ifrs17-result-snapshot,正确性检查-直保长险_CHK DIFF,14,1,"""[11]""", [11] ,
ifrs17-result-snapshot,正确性检查-直保长险_CHK DIFF,14,4,"""-""", - ,
ifrs17-result-snapshot,正确性检查-直保长险_CHK DIFF,14,5,0,0,
ifrs17-result-snapshot,正确性检查-直保长险_CHK DIFF,14,7,"""保险服务费用小计""", 保险服务费用小计 ,
ifrs17-result-snapshot,正确性检查-直保长险_CHK DIFF,14,8,"""[10]=[5]～[9]之和""", [10]=[5]～[9]之和 ,
ifrs17-result-snapshot,正确性检查-直保长险_CHK DIFF,14,9,0,0,
ifrs17-result-snapshot,正确性检查-直保长险_CHK DIFF,14,10,0,0,
ifrs17-result-snapshot,正确性检查-直保长险_CHK DIFF,14,11,0,0,
ifrs17-result-snapshot,正确性检查-直保长险_CHK DIFF,14,12,0,0,
ifrs17-result-snapshot,正确性检查-直保长险_CHK DIFF,15,0,"""其他""", 其他 ,
ifrs17-result-snapshot,正确性检查-直保长险_CHK DIFF,15,1,"""[12]""", [12] ,
ifrs17-result-snapshot,正确性检查-直保长险_CHK DIFF,15,7,"""保险服务业绩""", 保险服务业绩 ,
ifrs17-result-snapshot,正确性检查-直保长险_CHK DIFF,15,8,"""[11]=[4]+[10]""", [11]=[4]+[10] ,
ifrs17-result-snapshot,正确性检查-直保长险_CHK DIFF,15,9,0,0,
ifrs17-result-snapshot,正确性检查-直保长险_CHK DIFF,15,10,0,0,
ifrs17-result-snapshot,正确性检查-直保长险_CHK DIFF,15,11,0,0,
ifrs17-result-snapshot,正确性检查-直保长险_CHK DIFF,15,12,0,0,
ifrs17-result-snapshot,正确性检查-直保长险_CHK DIFF,15,14,0.000984930992126465,0,
ifrs17-result-snapshot,正确性检查-直保长险_CHK DIFF,16,0,"""与过去服务相关的变动""", 与过去服务相关的变动 ,
ifrs17-result-snapshot,正确性检查-直保长险_CHK DIFF,16,1,"""[13]=[14]+[15]""", [13]=[14]+[15] ,
ifrs17-result-snapshot,正确性检查-直保长险_CHK DIFF,16,2,0,0,
ifrs17-result-snapshot,正确性检查-直保长险_CHK DIFF,16,3,0,0,
ifrs17-result-snapshot,正确性检查-直保长险_CHK DIFF,16,4,0,0,
ifrs17-result-snapshot,正确性检查-直保长险_CHK DIFF,16,5,0,0,
ifrs17-result-snapshot,正确性检查-直保长险_CHK DIFF,16,7,"""保险合同金融变动额""", 保险合同金融变动额 ,
ifrs17-result-snapshot,正确性检查-直保长险_CHK DIFF,16,8,"""[12]""", [12] ,
ifrs17-result-snapshot,正确性检查-直保长险_CHK DIFF,16,12,0,0,
ifrs17-result-snapshot,正确性检查-直保长险_CHK DIFF,16,14,0,0,
ifrs17-result-snapshot,正确性检查-直保长险_CHK DIFF,17,0,"""已发生赔款负债相关履约现金流量变动""", 已发生赔款负债相关履约现金流量变动 ,
ifrs17-result-snapshot,正确性检查-直保长险_CHK DIFF,17,1,"""[14]""", [14] ,
ifrs17-result-snapshot,正确性检查-直保长险_CHK DIFF,17,4,"""-""", - ,
ifrs17-result-snapshot,正确性检查-直保长险_CHK DIFF,17,5,0,0,
ifrs17-result-snapshot,正确性检查-直保长险_CHK DIFF,17,7,"""其他1""", 其他1 ,
ifrs17-result-snapshot,正确性检查-直保长险_CHK DIFF,17,8,"""[13]""", [13] ,
ifrs17-result-snapshot,正确性检查-直保长险_CHK DIFF,17,12,0,0,
ifrs17-result-snapshot,正确性检查-直保长险_CHK DIFF,18,0,"""其他""", 其他 ,
ifrs17-result-snapshot,正确性检查-直保长险_CHK DIFF,18,1,"""[15]""", [15] ,
ifrs17-result-snapshot,正确性检查-直保长险_CHK DIFF,18,4,"""-""", - ,
ifrs17-result-snapshot,正确性检查-直保长险_CHK DIFF,18,5,0,0,
ifrs17-result-snapshot,正确性检查-直保长险_CHK DIFF,18,7,"""计入综合收益的变动合计""", 计入综合收益的变动合计 ,
ifrs17-result-snapshot,正确性检查-直保长险_CHK DIFF,18,8,"""[14]=[11]+[12]+[13]""", [14]=[11]+[12]+[13] ,
ifrs17-result-snapshot,正确性检查-直保长险_CHK DIFF,18,9,0,0,
ifrs17-result-snapshot,正确性检查-直保长险_CHK DIFF,18,10,0,0,
ifrs17-result-snapshot,正确性检查-直保长险_CHK DIFF,18,11,0,0,
ifrs17-result-snapshot,正确性检查-直保长险_CHK DIFF,18,12,0,0,
ifrs17-result-snapshot,正确性检查-直保长险_CHK DIFF,18,14,-0.000984823703765869,(0),
ifrs17-result-snapshot,正确性检查-直保长险_CHK DIFF,19,0,"""保险服务业绩""", 保险服务业绩 ,
ifrs17-result-snapshot,正确性检查-直保长险_CHK DIFF,19,1,"""[16]=[4]+[8]+[13]""", [16]=[4]+[8]+[13] ,
ifrs17-result-snapshot,正确性检查-直保长险_CHK DIFF,19,2,0,0,
ifrs17-result-snapshot,正确性检查-直保长险_CHK DIFF,19,3,0,0,
ifrs17-result-snapshot,正确性检查-直保长险_CHK DIFF,19,4,0,0,
ifrs17-result-snapshot,正确性检查-直保长险_CHK DIFF,19,5,0,0,
ifrs17-result-snapshot,正确性检查-直保长险_CHK DIFF,19,7,"""投资成分（及保费返还 ）2""", 投资成分（及保费返还 ）2 ,
ifrs17-result-snapshot,正确性检查-直保长险_CHK DIFF,19,8,"""[15]""", [15] ,
ifrs17-result-snapshot,正确性检查-直保长险_CHK DIFF,19,9,0,0,
ifrs17-result-snapshot,正确性检查-直保长险_CHK DIFF,19,12,0,0,
ifrs17-result-snapshot,正确性检查-直保长险_CHK DIFF,20,0,"""保险合同金融变动额""", 保险合同金融变动额 ,
ifrs17-result-snapshot,正确性检查-直保长险_CHK DIFF,20,1,"""[17]""", [17] ,
ifrs17-result-snapshot,正确性检查-直保长险_CHK DIFF,20,3,"""-""", - ,
ifrs17-result-snapshot,正确性检查-直保长险_CHK DIFF,20,4,"""-""", - ,
ifrs17-result-snapshot,正确性检查-直保长险_CHK DIFF,20,7,"""现金流量""", 现金流量 ,
ifrs17-result-snapshot,正确性检查-直保长险_CHK DIFF,20,12,0,0,
ifrs17-result-snapshot,正确性检查-直保长险_CHK DIFF,21,0,"""其他1""", 其他1 ,
ifrs17-result-snapshot,正确性检查-直保长险_CHK DIFF,21,1,"""[18]""", [18] ,
ifrs17-result-snapshot,正确性检查-直保长险_CHK DIFF,21,7,"""收到的保费""", 收到的保费 ,
ifrs17-result-snapshot,正确性检查-直保长险_CHK DIFF,21,8,"""[16]""", [16] ,
ifrs17-result-snapshot,正确性检查-直保长险_CHK DIFF,21,12,0,0,
ifrs17-result-snapshot,正确性检查-直保长险_CHK DIFF,21,14,0,0,
ifrs17-result-snapshot,正确性检查-直保长险_CHK DIFF,22,0,"""计入综合收益的变动合计""", 计入综合收益的变动合计 ,
ifrs17-result-snapshot,正确性检查-直保长险_CHK DIFF,22,1,"""[19]=[16]+[17]+[18]""", [19]=[16]+[17]+[18] ,
ifrs17-result-snapshot,正确性检查-直保长险_CHK DIFF,22,2,0,0,
ifrs17-result-snapshot,正确性检查-直保长险_CHK DIFF,22,3,0,0,
ifrs17-result-snapshot,正确性检查-直保长险_CHK DIFF,22,4,0,0,
ifrs17-result-snapshot,正确性检查-直保长险_CHK DIFF,22,5,0,0,
ifrs17-result-snapshot,正确性检查-直保长险_CHK DIFF,22,7,"""支付的保险获取现金流量""", 支付的保险获取现金流量 ,
ifrs17-result-snapshot,正确性检查-直保长险_CHK DIFF,22,8,"""[17]""", [17] ,
ifrs17-result-snapshot,正确性检查-直保长险_CHK DIFF,22,12,0,0,
ifrs17-result-snapshot,正确性检查-直保长险_CHK DIFF,22,14,0,0,
ifrs17-result-snapshot,正确性检查-直保长险_CHK DIFF,23,0,"""现金流量""", 现金流量 ,
ifrs17-result-snapshot,正确性检查-直保长险_CHK DIFF,23,7,"""支付的赔款及其他相关费用（含投资成分）""", 支付的赔款及其他相关费用（含投资成分） ,
ifrs17-result-snapshot,正确性检查-直保长险_CHK DIFF,23,8,"""[18]""", [18] ,
ifrs17-result-snapshot,正确性检查-直保长险_CHK DIFF,23,12,0,0,
ifrs17-result-snapshot,正确性检查-直保长险_CHK DIFF,23,14,0,0,
ifrs17-result-snapshot,正确性检查-直保长险_CHK DIFF,24,0,"""收到的保费""", 收到的保费 ,
ifrs17-result-snapshot,正确性检查-直保长险_CHK DIFF,24,1,"""[20]""", [20] ,
ifrs17-result-snapshot,正确性检查-直保长险_CHK DIFF,24,2,"""-""", - ,
ifrs17-result-snapshot,正确性检查-直保长险_CHK DIFF,24,3,"""-""", - ,
ifrs17-result-snapshot,正确性检查-直保长险_CHK DIFF,24,4,"""-""", - ,
ifrs17-result-snapshot,正确性检查-直保长险_CHK DIFF,24,5,0,0,
ifrs17-result-snapshot,正确性检查-直保长险_CHK DIFF,24,7,"""其他""", 其他 ,
ifrs17-result-snapshot,正确性检查-直保长险_CHK DIFF,24,8,"""[19]""", [19] ,
ifrs17-result-snapshot,正确性检查-直保长险_CHK DIFF,24,12,0,0,
ifrs17-result-snapshot,正确性检查-直保长险_CHK DIFF,25,0,"""支付的保险获取现金流量""", 支付的保险获取现金流量 ,
ifrs17-result-snapshot,正确性检查-直保长险_CHK DIFF,25,1,"""[21]""", [21] ,
ifrs17-result-snapshot,正确性检查-直保长险_CHK DIFF,25,2,"""-""", - ,
ifrs17-result-snapshot,正确性检查-直保长险_CHK DIFF,25,3,"""-""", - ,
ifrs17-result-snapshot,正确性检查-直保长险_CHK DIFF,25,4,"""-""", - ,
ifrs17-result-snapshot,正确性检查-直保长险_CHK DIFF,25,5,0,0,
ifrs17-result-snapshot,正确性检查-直保长险_CHK DIFF,25,7,"""现金流量合计""", 现金流量合计 ,
ifrs17-result-snapshot,正确性检查-直保长险_CHK DIFF,25,8,"""[20]=[16]～[19]之和""", [20]=[16]～[19]之和 ,
ifrs17-result-snapshot,正确性检查-直保长险_CHK DIFF,25,9,0,0,
ifrs17-result-snapshot,正确性检查-直保长险_CHK DIFF,25,10,0,0,
ifrs17-result-snapshot,正确性检查-直保长险_CHK DIFF,25,11,0,0,
ifrs17-result-snapshot,正确性检查-直保长险_CHK DIFF,25,12,0,0,
ifrs17-result-snapshot,正确性检查-直保长险_CHK DIFF,25,14,0,0,
ifrs17-result-snapshot,正确性检查-直保长险_CHK DIFF,26,0,"""支付的赔款及其他相关费用（含相关投资成分）""", 支付的赔款及其他相关费用（含相关投资成分） ,
ifrs17-result-snapshot,正确性检查-直保长险_CHK DIFF,26,1,"""[22]""", [22] ,
ifrs17-result-snapshot,正确性检查-直保长险_CHK DIFF,26,2,"""-""", - ,
ifrs17-result-snapshot,正确性检查-直保长险_CHK DIFF,26,3,"""-""", - ,
ifrs17-result-snapshot,正确性检查-直保长险_CHK DIFF,26,4,"""-""", - ,
ifrs17-result-snapshot,正确性检查-直保长险_CHK DIFF,26,5,0,0,
ifrs17-result-snapshot,正确性检查-直保长险_CHK DIFF,26,7,"""其他变动""", 其他变动 ,
ifrs17-result-snapshot,正确性检查-直保长险_CHK DIFF,26,8,"""[21]""", [21] ,
ifrs17-result-snapshot,正确性检查-直保长险_CHK DIFF,26,12,0,0,
ifrs17-result-snapshot,正确性检查-直保长险_CHK DIFF,27,0,"""其他""", 其他 ,
ifrs17-result-snapshot,正确性检查-直保长险_CHK DIFF,27,1,"""[23]""", [23] ,
ifrs17-result-snapshot,正确性检查-直保长险_CHK DIFF,27,3,"""-""", - ,
ifrs17-result-snapshot,正确性检查-直保长险_CHK DIFF,27,4,"""-""", - ,
ifrs17-result-snapshot,正确性检查-直保长险_CHK DIFF,27,5,0,0,
ifrs17-result-snapshot,正确性检查-直保长险_CHK DIFF,27,7,"""于期末/年末的保险合同净负债/资产余额""", 于期末/年末的保险合同净负债/资产余额 ,
ifrs17-result-snapshot,正确性检查-直保长险_CHK DIFF,27,8,"""[22]=[3]+[14]+[15]+[20]+[21]""", [22]=[3]+[14]+[15]+[20]+[21] ,
ifrs17-result-snapshot,正确性检查-直保长险_CHK DIFF,27,9,0,0,
ifrs17-result-snapshot,正确性检查-直保长险_CHK DIFF,27,10,0,0,
ifrs17-result-snapshot,正确性检查-直保长险_CHK DIFF,27,11,-1.7881393432617188e-7,(0),
ifrs17-result-snapshot,正确性检查-直保长险_CHK DIFF,27,12,0,0,
ifrs17-result-snapshot,正确性检查-直保长险_CHK DIFF,27,14,0,0,
ifrs17-result-snapshot,正确性检查-直保长险_CHK DIFF,28,0,"""现金流量合计""", 现金流量合计 ,
ifrs17-result-snapshot,正确性检查-直保长险_CHK DIFF,28,1,"""[24]=[20]+[21]+[22]+[23]""", [24]=[20]+[21]+[22]+[23] ,
ifrs17-result-snapshot,正确性检查-直保长险_CHK DIFF,28,2,0,0,
ifrs17-result-snapshot,正确性检查-直保长险_CHK DIFF,28,3,0,0,
ifrs17-result-snapshot,正确性检查-直保长险_CHK DIFF,28,4,0,0,
ifrs17-result-snapshot,正确性检查-直保长险_CHK DIFF,28,5,0,0,
ifrs17-result-snapshot,正确性检查-直保长险_CHK DIFF,28,7,"""于期末/年末的保险合同资产""", 于期末/年末的保险合同资产 ,
ifrs17-result-snapshot,正确性检查-直保长险_CHK DIFF,28,8,"""[23]""", [23] ,
ifrs17-result-snapshot,正确性检查-直保长险_CHK DIFF,28,12,0,0,
ifrs17-result-snapshot,正确性检查-直保长险_CHK DIFF,28,14,0,0,
ifrs17-result-snapshot,正确性检查-直保长险_CHK DIFF,29,0,"""其他变动""", 其他变动 ,
ifrs17-result-snapshot,正确性检查-直保长险_CHK DIFF,29,1,"""[25]""", [25] ,
ifrs17-result-snapshot,正确性检查-直保长险_CHK DIFF,29,7,"""于期末/年末的保险合同负债""", 于期末/年末的保险合同负债 ,
ifrs17-result-snapshot,正确性检查-直保长险_CHK DIFF,29,8,"""[24]=[22]-[23]""", [24]=[22]-[23] ,
ifrs17-result-snapshot,正确性检查-直保长险_CHK DIFF,29,9,0,0,
ifrs17-result-snapshot,正确性检查-直保长险_CHK DIFF,29,10,0,0,
ifrs17-result-snapshot,正确性检查-直保长险_CHK DIFF,29,11,0,0,
ifrs17-result-snapshot,正确性检查-直保长险_CHK DIFF,29,12,0,0,
ifrs17-result-snapshot,正确性检查-直保长险_CHK DIFF,29,13,"""[23]和[24]未填写导致\r\n[Q]如何在GOC层级区分保险合同资产和负债""","[23]和[24]未填写导致
[Q]如何在GOC层级区分保险合同资产和负债",
ifrs17-result-snapshot,正确性检查-直保长险_CHK DIFF,29,14,0,0,
ifrs17-result-snapshot,正确性检查-直保长险_CHK DIFF,30,0,"""于期末/年末的保险合同净负债/资产余额""", 于期末/年末的保险合同净负债/资产余额 ,
ifrs17-result-snapshot,正确性检查-直保长险_CHK DIFF,30,1,"""[26]=[3]+[19]+[24]+[25]""", [26]=[3]+[19]+[24]+[25] ,
ifrs17-result-snapshot,正确性检查-直保长险_CHK DIFF,30,2,-0.0028533935546875,(0),
ifrs17-result-snapshot,正确性检查-直保长险_CHK DIFF,30,3,0,0,
ifrs17-result-snapshot,正确性检查-直保长险_CHK DIFF,30,4,0.0038402557373046877,0,
ifrs17-result-snapshot,正确性检查-直保长险_CHK DIFF,30,5,0.00098876953125,0,
ifrs17-result-snapshot,正确性检查-直保长险_CHK DIFF,30,7,"""1例如，外币报表折算差额。""", 1例如，外币报表折算差额。 ,
ifrs17-result-snapshot,正确性检查-直保长险_CHK DIFF,31,0,"""于期末/年末的保险合同资产""", 于期末/年末的保险合同资产 ,
ifrs17-result-snapshot,正确性检查-直保长险_CHK DIFF,31,1,"""[27]""", [27] ,
ifrs17-result-snapshot,正确性检查-直保长险_CHK DIFF,31,7,"""2该保费返还可以作为“收到的保费”的减项。""", 2该保费返还可以作为“收到的保费”的减项。 ,
ifrs17-result-snapshot,正确性检查-直保长险_CHK DIFF,32,0,"""于期末/年末的保险合同负债""", 于期末/年末的保险合同负债 ,
ifrs17-result-snapshot,正确性检查-直保长险_CHK DIFF,32,1,"""[28]=[26]-[27]""", [28]=[26]-[27] ,
ifrs17-result-snapshot,正确性检查-直保长险_CHK DIFF,32,2,0,0,
ifrs17-result-snapshot,正确性检查-直保长险_CHK DIFF,32,3,0,0,
ifrs17-result-snapshot,正确性检查-直保长险_CHK DIFF,32,4,0,0,
ifrs17-result-snapshot,正确性检查-直保长险_CHK DIFF,32,5,0,0,
ifrs17-result-snapshot,正确性检查-直保长险_CHK DIFF,32,6,"""[27]和[28]未填写导致\r\n[Q]如何在GOC层级区分保险合同资产和负债""","[27]和[28]未填写导致
[Q]如何在GOC层级区分保险合同资产和负债",
ifrs17-result-snapshot,正确性检查-直保长险_CHK DIFF,33,0,"""1例如，外币报表折算差额。""", 1例如，外币报表折算差额。 ,
ifrs17-result-snapshot,正确性检查-直保长险_CHK DIFF,36,0,"""规则""", 规则 ,
ifrs17-result-snapshot,正确性检查-直保长险_CHK DIFF,37,0,"""M1表-校验规则1""", M1表-校验规则1 ,
ifrs17-result-snapshot,正确性检查-直保长险_CHK DIFF,37,1,"""M1_CSM_RELSE<=0""", M1_CSM_RELSE<=0 ,
ifrs17-result-snapshot,正确性检查-直保长险_CHK DIFF,38,0,"""M1表-校验规则2""", M1表-校验规则2 ,
ifrs17-result-snapshot,正确性检查-直保长险_CHK DIFF,38,1,"""M1_RA_INIT>0""", M1_RA_INIT>0 ,
ifrs17-result-snapshot,正确性检查-直保长险_CHK DIFF,39,0,"""M1表-校验规则3""", M1表-校验规则3 ,
ifrs17-result-snapshot,正确性检查-直保长险_CHK DIFF,39,1,"""M1_CSM_INIT>=0""", M1_CSM_INIT>=0 ,
ifrs17-result-snapshot,正确性检查-直保长险_CHK DIFF,40,0,"""M1表-校验规则4""", M1表-校验规则4 ,
ifrs17-result-snapshot,正确性检查-直保长险_CHK DIFF,40,1,"""M1_GPV_CSMADJ+M1_RA_CSMADJ=-M1_CSM_CSMADJ""", M1_GPV_CSMADJ+M1_RA_CSMADJ=-M1_CSM_CSMADJ ,
ifrs17-result-snapshot,正确性检查-直保长险_CHK DIFF,41,0,"""M1表-校验规则5""", M1表-校验规则5 ,
ifrs17-result-snapshot,正确性检查-直保长险_CHK DIFF,41,1,"""M1_CSM_IFIEPL>=0""", M1_CSM_IFIEPL>=0 ,
ifrs17-result-snapshot,正确性检查-直保长险_CHK DIFF,42,0,"""M1表-校验规则6""", M1表-校验规则6 ,
ifrs17-result-snapshot,正确性检查-直保长险_CHK DIFF,42,1,"""M1_GPV_CF_PREM>=0""", M1_GPV_CF_PREM>=0 ,
ifrs17-result-snapshot,正确性检查-直保长险_CHK DIFF,43,0,"""M1表-校验规则7""", M1表-校验规则7 ,
ifrs17-result-snapshot,正确性检查-直保长险_CHK DIFF,43,1,"""M1_GPV_CF_IACF<=0""", M1_GPV_CF_IACF<=0 ,
ifrs17-result-snapshot,正确性检查-直保长险_CHK DIFF,44,0,"""M1表-校验规则8""", M1表-校验规则8 ,
ifrs17-result-snapshot,正确性检查-直保长险_CHK DIFF,44,1,"""M1_GPV_CF_CLMEXP<=0""", M1_GPV_CF_CLMEXP<=0 ,
ifrs17-result-snapshot,正确性检查-直保长险_CHK DIFF,45,0,"""M1表-校验规则9""", M1表-校验规则9 ,
ifrs17-result-snapshot,正确性检查-直保长险_CHK DIFF,45,1,"""M1_GPV_CLOSE=M1_GPV_OPEN+M1_GPV_EXPEADJ+M1_GPV_INIT+M1_GPV_CSMADJ+M1_GPV_LCADJ+M1_GPV_LICADJ+M1_GPV_IFIEPL+M1_GPV_IFIEOCI+M1_GPV_CF_PREM+M1_GPV_CF_IACF+M1_GPV_CF_CLMEXP""", M1_GPV_CLOSE=M1_GPV_OPEN+M1_GPV_EXPEADJ+M1_GPV_INIT+M1_GPV_CSMADJ+M1_GPV_LCADJ+M1_GPV_LICADJ+M1_GPV_IFIEPL+M1_GPV_IFIEOCI+M1_GPV_CF_PREM+M1_GPV_CF_IACF+M1_GPV_CF_CLMEXP ,
ifrs17-result-snapshot,正确性检查-直保长险_CHK DIFF,46,0,"""M1表-校验规则10""", M1表-校验规则10 ,
ifrs17-result-snapshot,正确性检查-直保长险_CHK DIFF,46,1,"""M1_RA_CLOSE=M1_RA_OPEN+M1_RA_RELSE+M1_RA_INIT+M1_RA_CSMADJ+M1_RA_LCADJ+M1_RA_LICADJ""", M1_RA_CLOSE=M1_RA_OPEN+M1_RA_RELSE+M1_RA_INIT+M1_RA_CSMADJ+M1_RA_LCADJ+M1_RA_LICADJ ,
ifrs17-result-snapshot,正确性检查-直保长险_CHK DIFF,47,0,"""M1表-校验规则11""", M1表-校验规则11 ,
ifrs17-result-snapshot,正确性检查-直保长险_CHK DIFF,47,1,"""M1_CSM_CLOSE=M1_CSM_OPEN+M1_CSM_RELSE+M1_CSM_INIT+M1_CSM_CSMADJ+M1_CSM_IFIEPL""", M1_CSM_CLOSE=M1_CSM_OPEN+M1_CSM_RELSE+M1_CSM_INIT+M1_CSM_CSMADJ+M1_CSM_IFIEPL ,
ifrs17-result-snapshot,正确性检查-直保长险_CHK DIFF,48,0,"""M2表-校验规则1""", M2表-校验规则1 ,
ifrs17-result-snapshot,正确性检查-直保长险_CHK DIFF,48,1,"""M2_LRC_EXCLC_REVENUE=M2_LRC_EXCLC_CLOSE-M2_LRC_EXCLC_OPEN-M2_LRC_EXCLC_CF_PREM-M2_LRC_EXCLC_CF_IACF-M2_LRC_EXCLC_IFIEPL-M2_LRC_EXCLC_IFIEOCI-M2_LRC_EXCLC_INV-M2_LRC_EXCLC_IACFAMORT""", M2_LRC_EXCLC_REVENUE=M2_LRC_EXCLC_CLOSE-M2_LRC_EXCLC_OPEN-M2_LRC_EXCLC_CF_PREM-M2_LRC_EXCLC_CF_IACF-M2_LRC_EXCLC_IFIEPL-M2_LRC_EXCLC_IFIEOCI-M2_LRC_EXCLC_INV-M2_LRC_EXCLC_IACFAMORT ,
ifrs17-result-snapshot,正确性检查-直保长险_CHK DIFF,49,0,"""M2表-校验规则2""", M2表-校验规则2 ,
ifrs17-result-snapshot,正确性检查-直保长险_CHK DIFF,49,1,"""M2_LRC_EXCLC_INV=-M2_LIC_INV""", M2_LRC_EXCLC_INV=-M2_LIC_INV ,
ifrs17-result-snapshot,正确性检查-直保长险_CHK DIFF,50,0,"""M2表-校验规则3""", M2表-校验规则3 ,
ifrs17-result-snapshot,正确性检查-直保长险_CHK DIFF,50,1,"""M2_LRC_EXCLC_CF_PREM>=0""", M2_LRC_EXCLC_CF_PREM>=0 ,
ifrs17-result-snapshot,正确性检查-直保长险_CHK DIFF,51,0,"""M2表-校验规则4""", M2表-校验规则4 ,
ifrs17-result-snapshot,正确性检查-直保长险_CHK DIFF,51,1,"""M2_LRC_EXCLC_CF_IACF<=0""", M2_LRC_EXCLC_CF_IACF<=0 ,
ifrs17-result-snapshot,正确性检查-直保长险_CHK DIFF,52,0,"""M2表-校验规则5""", M2表-校验规则5 ,
ifrs17-result-snapshot,正确性检查-直保长险_CHK DIFF,52,1,"""M2_LIC_CF_CLMEXP<=0""", M2_LIC_CF_CLMEXP<=0 ,
ifrs17-result-snapshot,正确性检查-直保长险_CHK DIFF,53,0,"""M2表-校验规则6""", M2表-校验规则6 ,
ifrs17-result-snapshot,正确性检查-直保长险_CHK DIFF,53,1,"""M2_LRC_EXCLC_CLOSE=M2_LRC_EXCLC_OPEN+M2_LRC_EXCLC_REVENUE+M2_LRC_EXCLC_IACFAMORT+M2_LRC_EXCLC_IFIEPL+M2_LRC_EXCLC_IFIEOCI+M2_LRC_EXCLC_INV+M2_LRC_EXCLC_CF_PREM+M2_LRC_EXCLC_CF_IACF\r\n\r\n\r\n\r\n\r\n"""," M2_LRC_EXCLC_CLOSE=M2_LRC_EXCLC_OPEN+M2_LRC_EXCLC_REVENUE+M2_LRC_EXCLC_IACFAMORT+M2_LRC_EXCLC_IFIEPL+M2_LRC_EXCLC_IFIEOCI+M2_LRC_EXCLC_INV+M2_LRC_EXCLC_CF_PREM+M2_LRC_EXCLC_CF_IACF




 ",
ifrs17-result-snapshot,正确性检查-直保长险_CHK DIFF,54,0,"""M2表-校验规则7""", M2表-校验规则7 ,
ifrs17-result-snapshot,正确性检查-直保长险_CHK DIFF,54,1,"""M2_LRC_LC_CLOSE=M2_LRC_LC_OPEN+M2_LRC_LC_CLMEXP+M2_LRC_LC_INITADJ+M2_LRC_LC_IFIEPL+M2_LRC_LC_IFIEOCI\r\n\r\n\r\n\r\n\r\n\r\n\r\n"""," M2_LRC_LC_CLOSE=M2_LRC_LC_OPEN+M2_LRC_LC_CLMEXP+M2_LRC_LC_INITADJ+M2_LRC_LC_IFIEPL+M2_LRC_LC_IFIEOCI






 ",
ifrs17-result-snapshot,正确性检查-直保长险_CHK DIFF,55,0,"""M2表-校验规则8""", M2表-校验规则8 ,
ifrs17-result-snapshot,正确性检查-直保长险_CHK DIFF,55,1,"""M2_LIC_CLOSE=M2_LIC_OPEN+M2_LIC_CLMEXP+M2_LIC_LICADJ+M2_LIC_LICIFIE+M2_LIC_INV+M2_LIC_CF_CLMEXP""", M2_LIC_CLOSE=M2_LIC_OPEN+M2_LIC_CLMEXP+M2_LIC_LICADJ+M2_LIC_LICIFIE+M2_LIC_INV+M2_LIC_CF_CLMEXP ,
ifrs17-result-snapshot,正确性检查-直保长险_CHK DIFF,56,0,"""M1M2表-校验规则1""", M1M2表-校验规则1 ,
ifrs17-result-snapshot,正确性检查-直保长险_CHK DIFF,56,1,"""M1_GPV_OPEN+M1_RA_OPEN+M1_CSM_OPEN=M2_LRC_EXCLC_OPEN+M2_LRC_LC_OPEN+M2_LIC_OPEN""", M1_GPV_OPEN+M1_RA_OPEN+M1_CSM_OPEN=M2_LRC_EXCLC_OPEN+M2_LRC_LC_OPEN+M2_LIC_OPEN ,
ifrs17-result-snapshot,正确性检查-直保长险_CHK DIFF,57,0,"""M1M2表-校验规则2""", M1M2表-校验规则2 ,
ifrs17-result-snapshot,正确性检查-直保长险_CHK DIFF,57,1,"""M1_CSM_RELSE+M1_RA_RELSE+M1_GPV_EXPEADJ=M2_LRC_EXCLC_REVENUE-M2_LRC_LC_CLMEXP-M2_LIC_CLMEXP-M2_LRC_EXCLC_IACFAMORT""", M1_CSM_RELSE+M1_RA_RELSE+M1_GPV_EXPEADJ=M2_LRC_EXCLC_REVENUE-M2_LRC_LC_CLMEXP-M2_LIC_CLMEXP-M2_LRC_EXCLC_IACFAMORT ,
ifrs17-result-snapshot,正确性检查-直保长险_CHK DIFF,58,0,"""M1M2表-校验规则3""", M1M2表-校验规则3 ,
ifrs17-result-snapshot,正确性检查-直保长险_CHK DIFF,58,1,"""M2_LRC_LC_INITADJ=M1_GPV_INIT+M1_RA_INIT+M1_CSM_INIT+M1_GPV_LCADJ+M1_RA_LCADJ""", M2_LRC_LC_INITADJ=M1_GPV_INIT+M1_RA_INIT+M1_CSM_INIT+M1_GPV_LCADJ+M1_RA_LCADJ ,
ifrs17-result-snapshot,正确性检查-直保长险_CHK DIFF,59,0,"""M1M2表-校验规则4""", M1M2表-校验规则4 ,
ifrs17-result-snapshot,正确性检查-直保长险_CHK DIFF,59,1,"""M2_LIC_LICADJ=M1_GPV_LICADJ+M1_RA_LICADJ""", M2_LIC_LICADJ=M1_GPV_LICADJ+M1_RA_LICADJ ,
ifrs17-result-snapshot,正确性检查-直保长险_CHK DIFF,60,0,"""M1M2表-校验规则5""", M1M2表-校验规则5 ,
ifrs17-result-snapshot,正确性检查-直保长险_CHK DIFF,60,1,"""M1_GPV_IFIEPL+M1_GPV_IFIEOCI+M1_CSM_IFIEPL=M2_LRC_EXCLC_IFIEPL+M2_LRC_EXCLC_IFIEOCI+M2_LRC_LC_IFIEPL+M2_LRC_LC_IFIEOCI+M2_LIC_LICIFIE""", M1_GPV_IFIEPL+M1_GPV_IFIEOCI+M1_CSM_IFIEPL=M2_LRC_EXCLC_IFIEPL+M2_LRC_EXCLC_IFIEOCI+M2_LRC_LC_IFIEPL+M2_LRC_LC_IFIEOCI+M2_LIC_LICIFIE ,
ifrs17-result-snapshot,正确性检查-直保长险_CHK DIFF,61,0,"""M1M2表-校验规则6""", M1M2表-校验规则6 ,
ifrs17-result-snapshot,正确性检查-直保长险_CHK DIFF,61,1,"""M1_GPV_CF_PREM=M2_LRC_EXCLC_CF_PREM""", M1_GPV_CF_PREM=M2_LRC_EXCLC_CF_PREM ,
ifrs17-result-snapshot,正确性检查-直保长险_CHK DIFF,62,0,"""M1M2表-校验规则7""", M1M2表-校验规则7 ,
ifrs17-result-snapshot,正确性检查-直保长险_CHK DIFF,62,1,"""M1_GPV_CF_IACF=M2_LRC_EXCLC_CF_IAC""", M1_GPV_CF_IACF=M2_LRC_EXCLC_CF_IAC ,
ifrs17-result-snapshot,正确性检查-直保长险_CHK DIFF,63,0,"""M1M2表-校验规则8""", M1M2表-校验规则8 ,
ifrs17-result-snapshot,正确性检查-直保长险_CHK DIFF,63,1,"""M1_GPV_CF_CLMEXP=M2_LIC_CF_CLMEXP""", M1_GPV_CF_CLMEXP=M2_LIC_CF_CLMEXP ,
ifrs17-result-snapshot,正确性检查-直保长险_CHK DIFF,64,0,"""M1M2表-校验规则9""", M1M2表-校验规则9 ,
ifrs17-result-snapshot,正确性检查-直保长险_CHK DIFF,64,1,"""M1_GPV_CLOSE+M1_RA_CLOSE+M1_CSM_CLOSE=M2_LRC_EXCLC_CLOSE+M2_LRC_LC_CLOSE+M2_LIC_CLOSE""", M1_GPV_CLOSE+M1_RA_CLOSE+M1_CSM_CLOSE=M2_LRC_EXCLC_CLOSE+M2_LRC_LC_CLOSE+M2_LIC_CLOSE ,
ifrs17-result-snapshot,1. 保险服务业绩,1,0,"""保险服务业绩""",保险服务业绩,
ifrs17-result-snapshot,1. 保险服务业绩,1,3,"""公司""",公司,
ifrs17-result-snapshot,1. 保险服务业绩,1,5,"""传统""",传统,
ifrs17-result-snapshot,1. 保险服务业绩,1,7,"""分红1""",分红1,
ifrs17-result-snapshot,1. 保险服务业绩,1,9,"""分红2""",分红2,
ifrs17-result-snapshot,1. 保险服务业绩,1,11,"""万能""",万能,
ifrs17-result-snapshot,1. 保险服务业绩,1,13,"""分红""",分红,
ifrs17-result-snapshot,1. 保险服务业绩,2,3,20250228,20250228,
ifrs17-result-snapshot,1. 保险服务业绩,2,4,20241231,20241231,
ifrs17-result-snapshot,1. 保险服务业绩,2,5,20250228,20250228,
ifrs17-result-snapshot,1. 保险服务业绩,2,6,20241231,20241231,
ifrs17-result-snapshot,1. 保险服务业绩,2,7,20250228,20250228,
ifrs17-result-snapshot,1. 保险服务业绩,2,8,20241231,20241231,
ifrs17-result-snapshot,1. 保险服务业绩,2,9,20250228,20250228,
ifrs17-result-snapshot,1. 保险服务业绩,2,10,20241231,20241231,
ifrs17-result-snapshot,1. 保险服务业绩,2,11,20250228,20250228,
ifrs17-result-snapshot,1. 保险服务业绩,2,12,20241231,20241231,
ifrs17-result-snapshot,1. 保险服务业绩,2,13,20250228,20250228,
ifrs17-result-snapshot,1. 保险服务业绩,2,14,20241231,20241231,
ifrs17-result-snapshot,1. 保险服务业绩,3,2,"""合同服务边际摊销""",合同服务边际摊销,
ifrs17-result-snapshot,1. 保险服务业绩,3,3,15211.218035277745,"15,211.22",
ifrs17-result-snapshot,1. 保险服务业绩,3,4,"""#REF!""",#REF!,
ifrs17-result-snapshot,1. 保险服务业绩,3,5,12424.158183624671,"12,424.16",
ifrs17-result-snapshot,1. 保险服务业绩,3,6,"""#REF!""",#REF!,
ifrs17-result-snapshot,1. 保险服务业绩,3,7,1683.0749728069022,"1,683.07",
ifrs17-result-snapshot,1. 保险服务业绩,3,8,"""#REF!""",#REF!,
ifrs17-result-snapshot,1. 保险服务业绩,3,9,243.35522309206732,243.36,
ifrs17-result-snapshot,1. 保险服务业绩,3,10,"""#REF!""",#REF!,
ifrs17-result-snapshot,1. 保险服务业绩,3,11,857.4334342845539,857.43,
ifrs17-result-snapshot,1. 保险服务业绩,3,12,"""#REF!""",#REF!,
ifrs17-result-snapshot,1. 保险服务业绩,3,13,1926.4301958989695,"1,926.43",
ifrs17-result-snapshot,1. 保险服务业绩,3,14,"""#REF!""",#REF!,
ifrs17-result-snapshot,1. 保险服务业绩,3,15,0,0,
ifrs17-result-snapshot,1. 保险服务业绩,4,2,"""预期风险调整释放""",预期风险调整释放,
ifrs17-result-snapshot,1. 保险服务业绩,4,3,1529.3198085609658,"1,529.32",
ifrs17-result-snapshot,1. 保险服务业绩,4,4,"""#REF!""",#REF!,
ifrs17-result-snapshot,1. 保险服务业绩,4,5,1201.7276475591668,"1,201.73",
ifrs17-result-snapshot,1. 保险服务业绩,4,6,"""#REF!""",#REF!,
ifrs17-result-snapshot,1. 保险服务业绩,4,7,317.6149739927588,317.61,
ifrs17-result-snapshot,1. 保险服务业绩,4,8,"""#REF!""",#REF!,
ifrs17-result-snapshot,1. 保险服务业绩,4,9,1.05403486804,1.05,
ifrs17-result-snapshot,1. 保险服务业绩,4,10,"""#REF!""",#REF!,
ifrs17-result-snapshot,1. 保险服务业绩,4,11,8.88554206452002,8.89,
ifrs17-result-snapshot,1. 保险服务业绩,4,12,"""#REF!""",#REF!,
ifrs17-result-snapshot,1. 保险服务业绩,4,13,318.6690088607987,318.67,
ifrs17-result-snapshot,1. 保险服务业绩,4,14,"""#REF!""",#REF!,
ifrs17-result-snapshot,1. 保险服务业绩,4,15,0,0,
ifrs17-result-snapshot,1. 保险服务业绩,5,2,"""保险成分预实偏差""",保险成分预实偏差,
ifrs17-result-snapshot,1. 保险服务业绩,5,3,-2332.296333640301,"(2,332.3)",
ifrs17-result-snapshot,1. 保险服务业绩,5,4,"""#REF!""",#REF!,
ifrs17-result-snapshot,1. 保险服务业绩,5,5,-2329.1889439359825,"(2,329.19)",
ifrs17-result-snapshot,1. 保险服务业绩,5,6,"""#REF!""",#REF!,
ifrs17-result-snapshot,1. 保险服务业绩,5,7,62.03445576586766,62.03,
ifrs17-result-snapshot,1. 保险服务业绩,5,8,"""#REF!""",#REF!,
ifrs17-result-snapshot,1. 保险服务业绩,5,9,7.929732326200001,7.93,
ifrs17-result-snapshot,1. 保险服务业绩,5,10,"""#REF!""",#REF!,
ifrs17-result-snapshot,1. 保险服务业绩,5,11,-73.40560725666509,(73.41),
ifrs17-result-snapshot,1. 保险服务业绩,5,12,"""#REF!""",#REF!,
ifrs17-result-snapshot,1. 保险服务业绩,5,13,69.96418809206766,69.96,
ifrs17-result-snapshot,1. 保险服务业绩,5,14,"""#REF!""",#REF!,
ifrs17-result-snapshot,1. 保险服务业绩,5,15,-4.416733645484783e-12,(0),
ifrs17-result-snapshot,1. 保险服务业绩,6,2,"""维持费用预实偏差""",维持费用预实偏差,
ifrs17-result-snapshot,1. 保险服务业绩,6,3,-981.5930600647407,(981.59),
ifrs17-result-snapshot,1. 保险服务业绩,6,4,"""#REF!""",#REF!,
ifrs17-result-snapshot,1. 保险服务业绩,6,5,-608.2905689147738,(608.29),
ifrs17-result-snapshot,1. 保险服务业绩,6,6,"""#REF!""",#REF!,
ifrs17-result-snapshot,1. 保险服务业绩,6,7,-139.3439652768531,(139.34),
ifrs17-result-snapshot,1. 保险服务业绩,6,8,"""#REF!""",#REF!,
ifrs17-result-snapshot,1. 保险服务业绩,6,9,-19.920199106879846,(19.92),
ifrs17-result-snapshot,1. 保险服务业绩,6,10,"""#REF!""",#REF!,
ifrs17-result-snapshot,1. 保险服务业绩,6,11,-213.07605434040252,(213.08),
ifrs17-result-snapshot,1. 保险服务业绩,6,12,"""#REF!""",#REF!,
ifrs17-result-snapshot,1. 保险服务业绩,6,13,-159.26416438373298,(159.26),
ifrs17-result-snapshot,1. 保险服务业绩,6,14,"""#REF!""",#REF!,
ifrs17-result-snapshot,1. 保险服务业绩,6,15,0,0,
ifrs17-result-snapshot,1. 保险服务业绩,7,2,"""首日亏损\r\n及亏损加剧与转回""","首日亏损
及亏损加剧与转回",
ifrs17-result-snapshot,1. 保险服务业绩,7,3,-1572.6622731083387,"(1,572.66)",
ifrs17-result-snapshot,1. 保险服务业绩,7,4,"""#REF!""",#REF!,
ifrs17-result-snapshot,1. 保险服务业绩,7,5,-789.0093838572772,(789.01),
ifrs17-result-snapshot,1. 保险服务业绩,7,6,"""#REF!""",#REF!,
ifrs17-result-snapshot,1. 保险服务业绩,7,7,-560.5950052989516,(560.6),
ifrs17-result-snapshot,1. 保险服务业绩,7,8,"""#REF!""",#REF!,
ifrs17-result-snapshot,1. 保险服务业绩,7,9,29.941023221106434,29.94,
ifrs17-result-snapshot,1. 保险服务业绩,7,10,"""#REF!""",#REF!,
ifrs17-result-snapshot,1. 保险服务业绩,7,11,-252.99890758273196,(253),
ifrs17-result-snapshot,1. 保险服务业绩,7,12,"""#REF!""",#REF!,
ifrs17-result-snapshot,1. 保险服务业绩,7,13,-530.6539820778451,(530.65),
ifrs17-result-snapshot,1. 保险服务业绩,7,14,"""#REF!""",#REF!,
ifrs17-result-snapshot,1. 保险服务业绩,7,15,0.008741861498856451,0.01,
ifrs17-result-snapshot,1. 保险服务业绩,8,2,"""已发生赔款负债的调整""",已发生赔款负债的调整,
ifrs17-result-snapshot,1. 保险服务业绩,8,3,2624.3094409230457,"2,624.31",
ifrs17-result-snapshot,1. 保险服务业绩,8,4,"""#REF!""",#REF!,
ifrs17-result-snapshot,1. 保险服务业绩,8,5,2477.9396789253287,"2,477.94",
ifrs17-result-snapshot,1. 保险服务业绩,8,6,"""#REF!""",#REF!,
ifrs17-result-snapshot,1. 保险服务业绩,8,7,46.17187375923495,46.17,
ifrs17-result-snapshot,1. 保险服务业绩,8,8,"""#REF!""",#REF!,
ifrs17-result-snapshot,1. 保险服务业绩,8,9,0,0,
ifrs17-result-snapshot,1. 保险服务业绩,8,10,"""#REF!""",#REF!,
ifrs17-result-snapshot,1. 保险服务业绩,8,11,100.1978882384821,100.2,
ifrs17-result-snapshot,1. 保险服务业绩,8,12,"""#REF!""",#REF!,
ifrs17-result-snapshot,1. 保险服务业绩,8,13,46.17187375923495,46.17,
ifrs17-result-snapshot,1. 保险服务业绩,8,14,"""#REF!""",#REF!,
ifrs17-result-snapshot,1. 保险服务业绩,8,15,0,0,
ifrs17-result-snapshot,1. 保险服务业绩,9,2,"""短险利润""",短险利润,
ifrs17-result-snapshot,1. 保险服务业绩,9,3,-110.12458401614131,(110.12),
ifrs17-result-snapshot,1. 保险服务业绩,9,4,"""#REF!""",#REF!,
ifrs17-result-snapshot,1. 保险服务业绩,9,5,0,0,
ifrs17-result-snapshot,1. 保险服务业绩,9,6,0,0,
ifrs17-result-snapshot,1. 保险服务业绩,9,7,0,0,
ifrs17-result-snapshot,1. 保险服务业绩,9,8,0,0,
ifrs17-result-snapshot,1. 保险服务业绩,9,9,0,0,
ifrs17-result-snapshot,1. 保险服务业绩,9,10,0,0,
ifrs17-result-snapshot,1. 保险服务业绩,9,11,0,0,
ifrs17-result-snapshot,1. 保险服务业绩,9,12,0,0,
ifrs17-result-snapshot,1. 保险服务业绩,9,13,0,0,
ifrs17-result-snapshot,1. 保险服务业绩,9,14,0,0,
ifrs17-result-snapshot,1. 保险服务业绩,10,2,"""再保净利""",再保净利,
ifrs17-result-snapshot,1. 保险服务业绩,10,3,-267.94629564585705,(267.95),
ifrs17-result-snapshot,1. 保险服务业绩,10,4,"""#REF!""",#REF!,
ifrs17-result-snapshot,1. 保险服务业绩,10,5,0,0,
ifrs17-result-snapshot,1. 保险服务业绩,10,6,0,0,
ifrs17-result-snapshot,1. 保险服务业绩,10,7,0,0,
ifrs17-result-snapshot,1. 保险服务业绩,10,8,0,0,
ifrs17-result-snapshot,1. 保险服务业绩,10,9,0,0,
ifrs17-result-snapshot,1. 保险服务业绩,10,10,0,0,
ifrs17-result-snapshot,1. 保险服务业绩,10,11,0,0,
ifrs17-result-snapshot,1. 保险服务业绩,10,12,0,0,
ifrs17-result-snapshot,1. 保险服务业绩,10,13,0,0,
ifrs17-result-snapshot,1. 保险服务业绩,10,14,0,0,
ifrs17-result-snapshot,1. 保险服务业绩,11,2,"""保险利润合计""",保险利润合计,
ifrs17-result-snapshot,1. 保险服务业绩,11,3,14100.224738286377,"14,100.22",
ifrs17-result-snapshot,1. 保险服务业绩,11,4,"""#REF!""",#REF!,
ifrs17-result-snapshot,1. 保险服务业绩,11,5,12377.336613401134,"12,377.34",
ifrs17-result-snapshot,1. 保险服务业绩,11,6,"""#REF!""",#REF!,
ifrs17-result-snapshot,1. 保险服务业绩,11,7,1408.957305748959,"1,408.96",
ifrs17-result-snapshot,1. 保险服务业绩,11,8,"""#REF!""",#REF!,
ifrs17-result-snapshot,1. 保险服务业绩,11,9,262.3598144005339,262.36,
ifrs17-result-snapshot,1. 保险服务业绩,11,10,"""#REF!""",#REF!,
ifrs17-result-snapshot,1. 保险服务业绩,11,11,427.03629540775654,427.04,
ifrs17-result-snapshot,1. 保险服务业绩,11,12,"""#REF!""",#REF!,
ifrs17-result-snapshot,1. 保险服务业绩,11,13,1671.317120149493,"1,671.32",
ifrs17-result-snapshot,1. 保险服务业绩,11,14,"""#REF!""",#REF!,
ifrs17-result-snapshot,1. 保险服务业绩,12,2,"""CHECK1""",CHECK1,
ifrs17-result-snapshot,1. 保险服务业绩,12,3,0,0,
ifrs17-result-snapshot,1. 保险服务业绩,12,4,"""#REF!""",#REF!,
ifrs17-result-snapshot,1. 保险服务业绩,13,2,"""CHECK2""",CHECK2,
ifrs17-result-snapshot,1. 保险服务业绩,13,3,4.095138379511809e-7,0,
ifrs17-result-snapshot,1. 保险服务业绩,13,4,"""#REF!""",#REF!,
ifrs17-result-snapshot,1.1 保险服务收入,0,3,"""公司""",公司,
ifrs17-result-snapshot,1.1 保险服务收入,0,5,"""传统""",传统,
ifrs17-result-snapshot,1.1 保险服务收入,0,7,"""分红VFA""",分红VFA,
ifrs17-result-snapshot,1.1 保险服务收入,0,9,"""分红MBBA""",分红MBBA,
ifrs17-result-snapshot,1.1 保险服务收入,0,11,"""万能""",万能,
ifrs17-result-snapshot,1.1 保险服务收入,0,13,"""投连""",投连,
ifrs17-result-snapshot,1.1 保险服务收入,1,0,"""保险服务收入""",保险服务收入,
ifrs17-result-snapshot,1.1 保险服务收入,1,3,"""公司""",公司,
ifrs17-result-snapshot,1.1 保险服务收入,1,4,"""2412_old""",2412_old,
ifrs17-result-snapshot,1.1 保险服务收入,1,5,"""传统""",传统,
ifrs17-result-snapshot,1.1 保险服务收入,1,6,"""2412_old""",2412_old,
ifrs17-result-snapshot,1.1 保险服务收入,1,7,"""分红1""",分红1,
ifrs17-result-snapshot,1.1 保险服务收入,1,8,"""2412_old""",2412_old,
ifrs17-result-snapshot,1.1 保险服务收入,1,9,"""分红2""",分红2,
ifrs17-result-snapshot,1.1 保险服务收入,1,10,"""2412_old""",2412_old,
ifrs17-result-snapshot,1.1 保险服务收入,1,11,"""万能""",万能,
ifrs17-result-snapshot,1.1 保险服务收入,1,12,"""2412_old""",2412_old,
ifrs17-result-snapshot,1.1 保险服务收入,1,13,"""2412_new""",2412_new,
ifrs17-result-snapshot,1.1 保险服务收入,1,14,"""2412_old""",2412_old,
ifrs17-result-snapshot,1.1 保险服务收入,2,2,"""合同服务边际\r\n摊销""","合同服务边际
摊销",
ifrs17-result-snapshot,1.1 保险服务收入,2,3,20250228,20250228,
ifrs17-result-snapshot,1.1 保险服务收入,2,4,20241231,20241231,
ifrs17-result-snapshot,1.1 保险服务收入,2,5,20250228,20250228,
ifrs17-result-snapshot,1.1 保险服务收入,2,6,20241231,20241231,
ifrs17-result-snapshot,1.1 保险服务收入,2,7,20250228,20250228,
ifrs17-result-snapshot,1.1 保险服务收入,2,8,20241231,20241231,
ifrs17-result-snapshot,1.1 保险服务收入,2,9,20250228,20250228,
ifrs17-result-snapshot,1.1 保险服务收入,2,10,20241231,20241231,
ifrs17-result-snapshot,1.1 保险服务收入,2,11,20250228,20250228,
ifrs17-result-snapshot,1.1 保险服务收入,2,12,20241231,20241231,
ifrs17-result-snapshot,1.1 保险服务收入,2,13,8.14398784522142,8.14,
ifrs17-result-snapshot,1.1 保险服务收入,2,14,8.129032554774113,8.13,
ifrs17-result-snapshot,1.1 保险服务收入,3,0,0.12447238444655964,0.12,
ifrs17-result-snapshot,1.1 保险服务收入,3,1,0.16225949220582586,0.16,
ifrs17-result-snapshot,1.1 保险服务收入,3,2,"""合同服务边际\r\n摊销""","合同服务边际
摊销",
ifrs17-result-snapshot,1.1 保险服务收入,3,3,15211.218035277745,"15,211.22",
ifrs17-result-snapshot,1.1 保险服务收入,3,4,"""#REF!""",#REF!,
ifrs17-result-snapshot,1.1 保险服务收入,3,5,12424.158183624671,"12,424.16",
ifrs17-result-snapshot,1.1 保险服务收入,3,6,"""#REF!""",#REF!,
ifrs17-result-snapshot,1.1 保险服务收入,3,7,1683.0749728069022,"1,683.07",
ifrs17-result-snapshot,1.1 保险服务收入,3,8,"""#REF!""",#REF!,
ifrs17-result-snapshot,1.1 保险服务收入,3,9,243.35522309206732,243.36,
ifrs17-result-snapshot,1.1 保险服务收入,3,10,"""#REF!""",#REF!,
ifrs17-result-snapshot,1.1 保险服务收入,3,11,857.4334342845539,857.43,
ifrs17-result-snapshot,1.1 保险服务收入,3,12,"""#REF!""",#REF!,
ifrs17-result-snapshot,1.1 保险服务收入,3,13,2.067149751093737,2.07,
ifrs17-result-snapshot,1.1 保险服务收入,3,14,2.0671497510941377,2.07,
ifrs17-result-snapshot,1.1 保险服务收入,4,0,0.012514322174033827,0.01,
ifrs17-result-snapshot,1.1 保险服务收入,4,1,0.015694561754667265,0.02,
ifrs17-result-snapshot,1.1 保险服务收入,4,2,"""预期风险调整\r\n释放""","预期风险调整
释放",
ifrs17-result-snapshot,1.1 保险服务收入,4,3,1529.3198085609658,"1,529.32",
ifrs17-result-snapshot,1.1 保险服务收入,4,4,"""#REF!""",#REF!,
ifrs17-result-snapshot,1.1 保险服务收入,4,5,1201.7276475591668,"1,201.73",
ifrs17-result-snapshot,1.1 保险服务收入,4,6,"""#REF!""",#REF!,
ifrs17-result-snapshot,1.1 保险服务收入,4,7,317.6149739927588,317.61,
ifrs17-result-snapshot,1.1 保险服务收入,4,8,"""#REF!""",#REF!,
ifrs17-result-snapshot,1.1 保险服务收入,4,9,1.05403486804,1.05,
ifrs17-result-snapshot,1.1 保险服务收入,4,10,"""#REF!""",#REF!,
ifrs17-result-snapshot,1.1 保险服务收入,4,11,8.88554206452002,8.89,
ifrs17-result-snapshot,1.1 保险服务收入,4,12,"""#REF!""",#REF!,
ifrs17-result-snapshot,1.1 保险服务收入,4,13,3.922795064072273,3.92,
ifrs17-result-snapshot,1.1 保险服务收入,4,14,3.9013749082221842,3.9,
ifrs17-result-snapshot,1.1 保险服务收入,5,0,0.03560379932127729,0.04,
ifrs17-result-snapshot,1.1 保险服务收入,5,1,0.054608603896622865,0.05,
ifrs17-result-snapshot,1.1 保险服务收入,5,2,"""预期赔付的\r\n保险成分""","预期赔付的
保险成分",
ifrs17-result-snapshot,1.1 保险服务收入,5,3,4350.982402789437,"4,350.98",
ifrs17-result-snapshot,1.1 保险服务收入,5,4,"""#REF!""",#REF!,
ifrs17-result-snapshot,1.1 保险服务收入,5,5,4181.3635909689165,"4,181.36",
ifrs17-result-snapshot,1.1 保险服务收入,5,6,"""#REF!""",#REF!,
ifrs17-result-snapshot,1.1 保险服务收入,5,7,149.22081614639995,149.22,
ifrs17-result-snapshot,1.1 保险服务收入,5,8,"""#REF!""",#REF!,
ifrs17-result-snapshot,1.1 保险服务收入,5,9,7.929732326200001,7.93,
ifrs17-result-snapshot,1.1 保险服务收入,5,10,"""#REF!""",#REF!,
ifrs17-result-snapshot,1.1 保险服务收入,5,11,12.134233887640002,12.13,
ifrs17-result-snapshot,1.1 保险服务收入,5,12,"""#REF!""",#REF!,
ifrs17-result-snapshot,1.1 保险服务收入,5,13,4.864952546340968,4.86,
ifrs17-result-snapshot,1.1 保险服务收入,5,14,4.904052884090779,4.9,
ifrs17-result-snapshot,1.1 保险服务收入,6,0,0.12688310532080885,0.13,
ifrs17-result-snapshot,1.1 保险服务收入,6,1,0.15341414710137186,0.15,
ifrs17-result-snapshot,1.1 保险服务收入,6,2,"""预期保险服务\r\n费用""","预期保险服务
费用",
ifrs17-result-snapshot,1.1 保险服务收入,6,3,15505.821541135252,"15,505.82",
ifrs17-result-snapshot,1.1 保险服务收入,6,4,"""#REF!""",#REF!,
ifrs17-result-snapshot,1.1 保险服务收入,6,5,11746.872896505172,"11,746.87",
ifrs17-result-snapshot,1.1 保险服务收入,6,6,"""#REF!""",#REF!,
ifrs17-result-snapshot,1.1 保险服务收入,6,7,3637.32402786872,"3,637.32",
ifrs17-result-snapshot,1.1 保险服务收入,6,8,"""#REF!""",#REF!,
ifrs17-result-snapshot,1.1 保险服务收入,6,9,3.95220951436,3.95,
ifrs17-result-snapshot,1.1 保险服务收入,6,10,"""#REF!""",#REF!,
ifrs17-result-snapshot,1.1 保险服务收入,6,11,117.50322724099979,117.5,
ifrs17-result-snapshot,1.1 保险服务收入,6,12,"""#REF!""",#REF!,
ifrs17-result-snapshot,1.1 保险服务收入,6,13,0,0,
ifrs17-result-snapshot,1.1 保险服务收入,6,14,0,0,
ifrs17-result-snapshot,1.1 保险服务收入,7,0,-0.018557632388729234,(0.02),
ifrs17-result-snapshot,1.1 保险服务收入,7,1,-0.02707032615888485,(0.03),
ifrs17-result-snapshot,1.1 保险服务收入,7,2,"""损失摊销""",损失摊销,
ifrs17-result-snapshot,1.1 保险服务收入,7,3,-2267.8459462202,"(2,267.85)",
ifrs17-result-snapshot,1.1 保险服务收入,7,4,"""#REF!""",#REF!,
ifrs17-result-snapshot,1.1 保险服务收入,7,5,-2072.766343023367,"(2,072.77)",
ifrs17-result-snapshot,1.1 保险服务收入,7,6,"""#REF!""",#REF!,
ifrs17-result-snapshot,1.1 保险服务收入,7,7,-165.84292668386777,(165.84),
ifrs17-result-snapshot,1.1 保险服务收入,7,8,"""#REF!""",#REF!,
ifrs17-result-snapshot,1.1 保险服务收入,7,9,-3.3914881104240626,(3.39),
ifrs17-result-snapshot,1.1 保险服务收入,7,10,"""#REF!""",#REF!,
ifrs17-result-snapshot,1.1 保险服务收入,7,11,-25.845188402541464,(25.85),
ifrs17-result-snapshot,1.1 保险服务收入,7,12,"""#REF!""",#REF!,
ifrs17-result-snapshot,1.1 保险服务收入,7,13,0.0007882628532716988,0,
ifrs17-result-snapshot,1.1 保险服务收入,7,14,0.002663050179971955,0,
ifrs17-result-snapshot,1.1 保险服务收入,8,0,0.035055081257582756,0.04,
ifrs17-result-snapshot,1.1 保险服务收入,8,1,0.041093521200397,0.04,
ifrs17-result-snapshot,1.1 保险服务收入,8,2,"""获取费用摊销""",获取费用摊销,
ifrs17-result-snapshot,1.1 保险服务收入,8,3,4283.926001935025,"4,283.93",
ifrs17-result-snapshot,1.1 保险服务收入,8,4,"""#REF!""",#REF!,
ifrs17-result-snapshot,1.1 保险服务收入,8,5,3146.5179680719784,"3,146.52",
ifrs17-result-snapshot,1.1 保险服务收入,8,6,"""#REF!""",#REF!,
ifrs17-result-snapshot,1.1 保险服务收入,8,7,1113.1818318081337,"1,113.18",
ifrs17-result-snapshot,1.1 保险服务收入,8,8,"""#REF!""",#REF!,
ifrs17-result-snapshot,1.1 保险服务收入,8,9,19.520888875503193,19.52,
ifrs17-result-snapshot,1.1 保险服务收入,8,10,"""#REF!""",#REF!,
ifrs17-result-snapshot,1.1 保险服务收入,8,11,4.705313179411963,4.71,
ifrs17-result-snapshot,1.1 保险服务收入,8,12,"""#REF!""",#REF!,
ifrs17-result-snapshot,1.1 保险服务收入,8,13,0,0,
ifrs17-result-snapshot,1.1 保险服务收入,8,14,0,0,
ifrs17-result-snapshot,1.1 保险服务收入,9,0,0.08402893986846686,0.08,
ifrs17-result-snapshot,1.1 保险服务收入,9,1,0,0,
ifrs17-result-snapshot,1.1 保险服务收入,9,2,"""保费分配法\r\n保费收入""","保费分配法
保费收入",
ifrs17-result-snapshot,1.1 保险服务收入,9,3,10268.804050759234,"10,268.8",
ifrs17-result-snapshot,1.1 保险服务收入,9,4,"""#REF!""",#REF!,
ifrs17-result-snapshot,1.1 保险服务收入,9,5,0,0,
ifrs17-result-snapshot,1.1 保险服务收入,9,6,"""#REF!""",#REF!,
ifrs17-result-snapshot,1.1 保险服务收入,9,7,0,0,
ifrs17-result-snapshot,1.1 保险服务收入,9,8,"""#REF!""",#REF!,
ifrs17-result-snapshot,1.1 保险服务收入,9,9,0,0,
ifrs17-result-snapshot,1.1 保险服务收入,9,10,"""#REF!""",#REF!,
ifrs17-result-snapshot,1.1 保险服务收入,9,11,0,0,
ifrs17-result-snapshot,1.1 保险服务收入,9,12,"""#REF!""",#REF!,
ifrs17-result-snapshot,1.1 保险服务收入,10,2,"""保险服务收入\r\n合计""","保险服务收入
合计",
ifrs17-result-snapshot,1.1 保险服务收入,10,3,48882.22589423746,"48,882.23",
ifrs17-result-snapshot,1.1 保险服务收入,10,4,"""#REF!""",#REF!,
ifrs17-result-snapshot,1.1 保险服务收入,10,5,30627.873943706538,"30,627.87",
ifrs17-result-snapshot,1.1 保险服务收入,10,6,"""#REF!""",#REF!,
ifrs17-result-snapshot,1.1 保险服务收入,10,7,6734.573695939046,"6,734.57",
ifrs17-result-snapshot,1.1 保险服务收入,10,8,"""#REF!""",#REF!,
ifrs17-result-snapshot,1.1 保险服务收入,10,9,272.42060056574644,272.42,
ifrs17-result-snapshot,1.1 保险服务收入,10,10,"""#REF!""",#REF!,
ifrs17-result-snapshot,1.1 保险服务收入,10,11,974.8165622545845,974.82,
ifrs17-result-snapshot,1.1 保险服务收入,10,12,"""#REF!""",#REF!,
ifrs17-result-snapshot,1.1 保险服务收入,10,13,18.99967346958167,19,
ifrs17-result-snapshot,1.1 保险服务收入,10,14,19.004273148361186,19,
ifrs17-result-snapshot,1.1 保险服务收入,11,2,"""CHECK""",CHECK,
ifrs17-result-snapshot,1.1 保险服务收入,11,3,0,0,
ifrs17-result-snapshot,1.1 保险服务收入,11,4,0,0,
ifrs17-result-snapshot,1.1 保险服务收入,11,5,0.2506258533314224,0.25,
ifrs17-result-snapshot,1.1 保险服务收入,11,11,0.00797685902735867,0.01,
ifrs17-result-snapshot,1.2 CSM,1,0,"""CSM movement""",CSM movement,
ifrs17-result-snapshot,1.2 CSM,1,3,"""期初余额（20241231）""",期初余额（20241231）,
ifrs17-result-snapshot,1.2 CSM,1,4,"""新单CSM""",新单CSM,
ifrs17-result-snapshot,1.2 CSM,1,5,"""计息""",计息,
ifrs17-result-snapshot,1.2 CSM,1,6,"""调整""",调整,
ifrs17-result-snapshot,1.2 CSM,1,7,"""释放""",释放,
ifrs17-result-snapshot,1.2 CSM,1,8,"""期末余额""",期末余额,
ifrs17-result-snapshot,1.2 CSM,1,11,"""期初余额（20241231）""",期初余额（20241231）,
ifrs17-result-snapshot,1.2 CSM,1,12,"""新单CSM""",新单CSM,
ifrs17-result-snapshot,1.2 CSM,1,13,"""计息""",计息,
ifrs17-result-snapshot,1.2 CSM,1,14,"""调整""",调整,
ifrs17-result-snapshot,1.2 CSM,1,15,"""释放""",释放,
ifrs17-result-snapshot,1.2 CSM,1,16,"""期末余额（20250228）""",期末余额（20250228）,
ifrs17-result-snapshot,1.2 CSM,2,2,"""公司""",公司,
ifrs17-result-snapshot,1.2 CSM,2,3,1793202689.474259,"1,793,202,689.47",
ifrs17-result-snapshot,1.2 CSM,2,4,442292593.7175295,"442,292,593.72",
ifrs17-result-snapshot,1.2 CSM,2,5,50916404.44178897,"50,916,404.44",
ifrs17-result-snapshot,1.2 CSM,2,6,173357048.88277125,"173,357,048.88",
ifrs17-result-snapshot,1.2 CSM,2,7,-152112180.35277745,"(152,112,180.35)",
ifrs17-result-snapshot,1.2 CSM,2,8,2307656556.159731,"2,307,656,556.16",
ifrs17-result-snapshot,1.2 CSM,2,10,"""公司""",公司,
ifrs17-result-snapshot,1.2 CSM,2,11,179320.26894742588,"179,320.27",
ifrs17-result-snapshot,1.2 CSM,2,12,44229.25937175295,"44,229.26",
ifrs17-result-snapshot,1.2 CSM,2,13,5091.640444178897,"5,091.64",
ifrs17-result-snapshot,1.2 CSM,2,14,17335.704888277127,"17,335.7",
ifrs17-result-snapshot,1.2 CSM,2,15,-15211.218035277745,"(15,211.22)",
ifrs17-result-snapshot,1.2 CSM,2,16,230765.6556159731,"230,765.66",
ifrs17-result-snapshot,1.2 CSM,3,1,0.4,0.4,
ifrs17-result-snapshot,1.2 CSM,3,2,"""传统""",传统,
ifrs17-result-snapshot,1.2 CSM,3,3,1635883767.8800457,"1,635,883,767.88",
ifrs17-result-snapshot,1.2 CSM,3,4,117418654.35524078,"117,418,654.36",
ifrs17-result-snapshot,1.2 CSM,3,5,48898271.801850215,"48,898,271.8",
ifrs17-result-snapshot,1.2 CSM,3,6,41639279.727570385,"41,639,279.73",
ifrs17-result-snapshot,1.2 CSM,3,7,-124241581.8362467,"(124,241,581.84)",
ifrs17-result-snapshot,1.2 CSM,3,8,1719598391.9285908,"1,719,598,391.93",
ifrs17-result-snapshot,1.2 CSM,3,10,"""传统""",传统,
ifrs17-result-snapshot,1.2 CSM,3,11,163588.3767880046,"163,588.38",
ifrs17-result-snapshot,1.2 CSM,3,12,11741.865435524076,"11,741.87",
ifrs17-result-snapshot,1.2 CSM,3,13,4889.8271801850215,"4,889.83",
ifrs17-result-snapshot,1.2 CSM,3,14,4163.927972757038,"4,163.93",
ifrs17-result-snapshot,1.2 CSM,3,15,-12424.158183624671,"(12,424.16)",
ifrs17-result-snapshot,1.2 CSM,3,16,171959.83919285907,"171,959.84",
ifrs17-result-snapshot,1.2 CSM,4,1,0.8,0.8,
ifrs17-result-snapshot,1.2 CSM,4,2,"""分红1""",分红1,
ifrs17-result-snapshot,1.2 CSM,4,3,85192534.074542,"85,192,534.07",
ifrs17-result-snapshot,1.2 CSM,4,4,324801203.17957795,"324,801,203.18",
ifrs17-result-snapshot,1.2 CSM,4,5,0,0,
ifrs17-result-snapshot,1.2 CSM,4,6,85501465.01986332,"85,501,465.02",
ifrs17-result-snapshot,1.2 CSM,4,7,-16830749.728069022,"(16,830,749.73)",
ifrs17-result-snapshot,1.2 CSM,4,8,478664452.54194033,"478,664,452.54",
ifrs17-result-snapshot,1.2 CSM,4,10,"""分红""",分红,
ifrs17-result-snapshot,1.2 CSM,4,11,8700.0775696142,"8,700.08",
ifrs17-result-snapshot,1.2 CSM,4,12,32480.120317957793,"32,480.12",
ifrs17-result-snapshot,1.2 CSM,4,13,0,0,
ifrs17-result-snapshot,1.2 CSM,4,14,8892.053170366142,"8,892.05",
ifrs17-result-snapshot,1.2 CSM,4,15,-1926.4301958989695,"(1,926.43)",
ifrs17-result-snapshot,1.2 CSM,4,16,48145.82086164177,"48,145.82",
ifrs17-result-snapshot,1.2 CSM,5,1,1.2,1.2,
ifrs17-result-snapshot,1.2 CSM,5,2,"""分红2""",分红2,
ifrs17-result-snapshot,1.2 CSM,5,3,1808241.6215999997,"1,808,241.62",
ifrs17-result-snapshot,1.2 CSM,5,4,0,0,
ifrs17-result-snapshot,1.2 CSM,5,5,0,0,
ifrs17-result-snapshot,1.2 CSM,5,6,3419066.6837981036,"3,419,066.68",
ifrs17-result-snapshot,1.2 CSM,5,7,-2433552.2309206733,"(2,433,552.23)",
ifrs17-result-snapshot,1.2 CSM,5,8,2793756.0744774304,"2,793,756.07",
ifrs17-result-snapshot,1.2 CSM,5,10,"""万能""",万能,
ifrs17-result-snapshot,1.2 CSM,5,11,7014.37650928512,"7,014.38",
ifrs17-result-snapshot,1.2 CSM,5,12,7.27361827107997,7.27,
ifrs17-result-snapshot,1.2 CSM,5,13,201.8132639938761,201.81,
ifrs17-result-snapshot,1.2 CSM,5,14,4268.26373265248,"4,268.26",
ifrs17-result-snapshot,1.2 CSM,5,15,-857.4334342845539,(857.43),
ifrs17-result-snapshot,1.2 CSM,5,16,10634.29368991831,"10,634.29",
ifrs17-result-snapshot,1.2 CSM,6,1,1.6,1.6,
ifrs17-result-snapshot,1.2 CSM,6,2,"""万能""",万能,
ifrs17-result-snapshot,1.2 CSM,6,3,70143765.09285119,"70,143,765.09",
ifrs17-result-snapshot,1.2 CSM,6,4,72736.18271079971,"72,736.18",
ifrs17-result-snapshot,1.2 CSM,6,5,2018132.639938761,"2,018,132.64",
ifrs17-result-snapshot,1.2 CSM,6,6,42682637.32652481,"42,682,637.33",
ifrs17-result-snapshot,1.2 CSM,6,7,-8574334.34284554,"(8,574,334.34)",
ifrs17-result-snapshot,1.2 CSM,6,8,106342936.89918311,"106,342,936.9",
ifrs17-result-snapshot,1.2 CSM,6,10,"""投连""",投连,
ifrs17-result-snapshot,1.2 CSM,6,11,17.438080522,17.44,
ifrs17-result-snapshot,1.2 CSM,6,12,0,0,
ifrs17-result-snapshot,1.2 CSM,6,13,0,0,
ifrs17-result-snapshot,1.2 CSM,6,14,11.460012501463853,11.46,
ifrs17-result-snapshot,1.2 CSM,6,15,-3.196221469552408,(3.2),
ifrs17-result-snapshot,1.2 CSM,6,16,25.701871553911456,25.7,
ifrs17-result-snapshot,1.2 CSM,7,1,2,2,
ifrs17-result-snapshot,1.2 CSM,7,2,"""投连""",投连,
ifrs17-result-snapshot,1.2 CSM,7,3,174380.80522,"174,380.81",
ifrs17-result-snapshot,1.2 CSM,7,4,0,0,
ifrs17-result-snapshot,1.2 CSM,7,5,0,0,
ifrs17-result-snapshot,1.2 CSM,7,6,114600.12501463853,"114,600.13",
ifrs17-result-snapshot,1.2 CSM,7,7,-31962.214695524082,"(31,962.21)",
ifrs17-result-snapshot,1.2 CSM,7,8,257018.71553911455,"257,018.72",
ifrs17-result-snapshot,1.2 CSM,10,0,"""1.NB盈利性""",1.NB盈利性,
ifrs17-result-snapshot,1.2 CSM,10,3,"""CSM0/PV PREM0""",CSM0/PV PREM0,
ifrs17-result-snapshot,1.2 CSM,10,4,20241231,20241231,
ifrs17-result-snapshot,1.2 CSM,11,2,"""公司""",公司,
ifrs17-result-snapshot,1.2 CSM,11,3,0.04060669762732575,0.0406,
ifrs17-result-snapshot,1.2 CSM,11,4,0.031288874135557795,0.0313,
ifrs17-result-snapshot,1.2 CSM,11,5,4356843767.76204,"4,356,843,767.76",
ifrs17-result-snapshot,1.2 CSM,11,6,0.6413072127640259,0.64,
ifrs17-result-snapshot,1.2 CSM,12,2,"""传统""",传统,
ifrs17-result-snapshot,1.2 CSM,12,3,0.043485050674101064,0.043485,
ifrs17-result-snapshot,1.2 CSM,12,4,0.039035618279619724,0.039036,
ifrs17-result-snapshot,1.2 CSM,12,5,1080082948.3698707,"1,080,082,948.37",
ifrs17-result-snapshot,1.2 CSM,12,6,"""#DIV/0!""",#DIV/0!,
ifrs17-result-snapshot,1.2 CSM,13,2,"""分红1""",分红1,
ifrs17-result-snapshot,1.2 CSM,13,3,0.03976303603482552,0.039763,
ifrs17-result-snapshot,1.2 CSM,13,4,0.024270751431855423,0.024271,
ifrs17-result-snapshot,1.2 CSM,13,5,3267368245.1723094,"3,267,368,245.17",
ifrs17-result-snapshot,1.2 CSM,13,6,"""#DIV/0!""",#DIV/0!,
ifrs17-result-snapshot,1.2 CSM,14,2,"""分红2""",分红2,
ifrs17-result-snapshot,1.2 CSM,14,3,0,0,
ifrs17-result-snapshot,1.2 CSM,14,4,0,0,
ifrs17-result-snapshot,1.2 CSM,14,5,0,0,
ifrs17-result-snapshot,1.2 CSM,14,6,"""#DIV/0!""",#DIV/0!,
ifrs17-result-snapshot,1.2 CSM,15,2,"""万能""",万能,
ifrs17-result-snapshot,1.2 CSM,15,3,0.0030976037456065626,0.0031,
ifrs17-result-snapshot,1.2 CSM,15,4,0.0015630246252643486,0.001563,
ifrs17-result-snapshot,1.2 CSM,15,5,9392574.219858034,"9,392,574.22",
ifrs17-result-snapshot,1.2 CSM,15,6,"""#DIV/0!""",#DIV/0!,
ifrs17-result-snapshot,1.2 CSM,16,2,"""投连""",投连,
ifrs17-result-snapshot,1.2 CSM,16,3,0,0,
ifrs17-result-snapshot,1.2 CSM,16,4,0,0,
ifrs17-result-snapshot,1.2 CSM,16,5,0,0,
ifrs17-result-snapshot,1.2 CSM,16,6,"""#DIV/0!""",#DIV/0!,
ifrs17-result-snapshot,1.2 CSM,19,0,"""2.CSM计息率""",2.CSM计息率,
ifrs17-result-snapshot,1.2 CSM,19,3,"""计息率""",计息率,
ifrs17-result-snapshot,1.2 CSM,19,4,"""年化计息率""",年化计息率,
ifrs17-result-snapshot,1.2 CSM,19,5,20241231,20241231,
ifrs17-result-snapshot,1.2 CSM,20,2,"""公司""",公司,
ifrs17-result-snapshot,1.2 CSM,20,3,0.011168823922870807,0.0112,
ifrs17-result-snapshot,1.2 CSM,20,4,0.07186863360345912,0.0719,
ifrs17-result-snapshot,1.2 CSM,20,5,0.011498481430443696,0.0115,
ifrs17-result-snapshot,1.2 CSM,20,6,"""分母剔除分红投连""",分母剔除分红投连,
ifrs17-result-snapshot,1.2 CSM,21,2,"""传统""",传统,
ifrs17-result-snapshot,1.2 CSM,21,3,0.011155695944230722,0.0112,
ifrs17-result-snapshot,1.2 CSM,21,4,0.07177824464587372,0.0718,
ifrs17-result-snapshot,1.2 CSM,21,5,0.011494230816409523,0.0115,
ifrs17-result-snapshot,1.2 CSM,22,2,"""分红1""",分红1,
ifrs17-result-snapshot,1.2 CSM,22,3,"""NA""",NA,
ifrs17-result-snapshot,1.2 CSM,22,4,"""NA""",NA,
ifrs17-result-snapshot,1.2 CSM,22,5,"""NA""",NA,
ifrs17-result-snapshot,1.2 CSM,23,2,"""分红2""",分红2,
ifrs17-result-snapshot,1.2 CSM,23,3,"""NA""",NA,
ifrs17-result-snapshot,1.2 CSM,23,4,"""NA""",NA,
ifrs17-result-snapshot,1.2 CSM,23,5,"""NA""",NA,
ifrs17-result-snapshot,1.2 CSM,24,2,"""万能""",万能,
ifrs17-result-snapshot,1.2 CSM,24,3,0.01149662887370976,0.0115,
ifrs17-result-snapshot,1.2 CSM,24,4,0.07413032503572001,0.074130,
ifrs17-result-snapshot,1.2 CSM,24,5,0.011704982837439815,0.011705,
ifrs17-result-snapshot,1.2 CSM,25,2,"""投连""",投连,
ifrs17-result-snapshot,1.2 CSM,25,3,"""NA""",NA,
ifrs17-result-snapshot,1.2 CSM,25,4,"""NA""",NA,
ifrs17-result-snapshot,1.2 CSM,25,5,"""NA""",NA,
ifrs17-result-snapshot,1.2 CSM,28,0,"""3.CSM调整""",3.CSM调整,
ifrs17-result-snapshot,1.2 CSM,28,2,"""详细拆分参考 -->""",详细拆分参考 -->,
ifrs17-result-snapshot,1.2 CSM,28,3,"""0.I17利润拆解'!F35""",0.I17利润拆解'!F35,
ifrs17-result-snapshot,1.2 CSM,30,2,"""传统/万能——投资成分预实偏差：""",传统/万能——投资成分预实偏差：,
ifrs17-result-snapshot,1.2 CSM,31,3,"""传统""",传统,
ifrs17-result-snapshot,1.2 CSM,31,5,"""万能""",万能,
ifrs17-result-snapshot,1.2 CSM,32,3,20250228,20250228,
ifrs17-result-snapshot,1.2 CSM,32,4,20241231,20241231,
ifrs17-result-snapshot,1.2 CSM,32,5,20250228,20250228,
ifrs17-result-snapshot,1.2 CSM,32,6,20241231,20241231,
ifrs17-result-snapshot,1.2 CSM,33,2,"""死伤医疗（投成）预实偏差""",死伤医疗（投成）预实偏差,
ifrs17-result-snapshot,1.2 CSM,33,3,12163438.938958947,"12,163,438.94",
ifrs17-result-snapshot,1.2 CSM,33,4,7076729.379029875,"7,076,729.38",
ifrs17-result-snapshot,1.2 CSM,33,5,2314289.063051963,"2,314,289.06",
ifrs17-result-snapshot,1.2 CSM,33,6,1358527.9936046381,"1,358,527.99",
ifrs17-result-snapshot,1.2 CSM,34,2,"""非死伤医疗（投成）预实偏差 inc 退保/满期金""",非死伤医疗（投成）预实偏差 inc 退保/满期金,
ifrs17-result-snapshot,1.2 CSM,34,3,132238918.06763296,"132,238,918.07",
ifrs17-result-snapshot,1.2 CSM,34,4,8986619.219407557,"8,986,619.22",
ifrs17-result-snapshot,1.2 CSM,34,5,-236137635.09109688,"(236,137,635.09)",
ifrs17-result-snapshot,1.2 CSM,34,6,-182653264.5671612,"(182,653,264.57)",
ifrs17-result-snapshot,1.2 CSM,35,2,"""保费预实偏差""",保费预实偏差,
ifrs17-result-snapshot,1.2 CSM,35,3,22817894.56017195,"22,817,894.56",
ifrs17-result-snapshot,1.2 CSM,35,4,31024789.92753013,"31,024,789.93",
ifrs17-result-snapshot,1.2 CSM,35,5,542659788.5039954,"542,659,788.5",
ifrs17-result-snapshot,1.2 CSM,35,6,497719606.6169697,"497,719,606.62",
ifrs17-result-snapshot,1.2 CSM,36,2,"""IACF预实偏差""",IACF预实偏差,
ifrs17-result-snapshot,1.2 CSM,36,3,347122.4202879507,"347,122.42",
ifrs17-result-snapshot,1.2 CSM,36,4,8843808.933701852,"8,843,808.93",
ifrs17-result-snapshot,1.2 CSM,36,5,-79609.58475676089,"(79,609.58)",
ifrs17-result-snapshot,1.2 CSM,36,6,-106435.0199457807,"(106,435.02)",
ifrs17-result-snapshot,1.2 CSM,37,2,"""CSM_ADJ_CF""",CSM_ADJ_CF,
ifrs17-result-snapshot,1.2 CSM,37,3,144274401.7482248,"144,274,401.75",
ifrs17-result-snapshot,1.2 CSM,37,4,42253002.986708306,"42,253,002.99",
ifrs17-result-snapshot,1.2 CSM,37,5,296080280.33258,"296,080,280.33",
ifrs17-result-snapshot,1.2 CSM,37,6,306381809.6783072,"306,381,809.68",
ifrs17-result-snapshot,1.2 CSM,39,2,"""传统/万能——BEL变更：""",传统/万能——BEL变更：,
ifrs17-result-snapshot,1.2 CSM,40,3,"""传统""",传统,
ifrs17-result-snapshot,1.2 CSM,40,5,"""万能""",万能,
ifrs17-result-snapshot,1.2 CSM,41,3,20250228,20250228,
ifrs17-result-snapshot,1.2 CSM,41,4,20241231,20241231,
ifrs17-result-snapshot,1.2 CSM,41,5,20250228,20250228,
ifrs17-result-snapshot,1.2 CSM,41,6,20241231,20241231,
ifrs17-result-snapshot,1.2 CSM,42,2,"""非经济假设变更""",非经济假设变更,
ifrs17-result-snapshot,1.2 CSM,42,3,43986359.30915053,"43,986,359.31",
ifrs17-result-snapshot,1.2 CSM,42,4,46842458.21285334,"46,842,458.21",
ifrs17-result-snapshot,1.2 CSM,42,5,-1000310.0929744855,"(1,000,310.09)",
ifrs17-result-snapshot,1.2 CSM,42,6,94122.1761637835,"94,122.18",
ifrs17-result-snapshot,1.2 CSM,43,2,"""非金融经验调整（包括模型变更和人数偏差）""",非金融经验调整（包括模型变更和人数偏差）,
ifrs17-result-snapshot,1.2 CSM,43,3,-141563568.95922384,"(141,563,568.96)",
ifrs17-result-snapshot,1.2 CSM,43,4,-36660185.9088441,"(36,660,185.91)",
ifrs17-result-snapshot,1.2 CSM,43,5,-257356250.3156105,"(257,356,250.32)",
ifrs17-result-snapshot,1.2 CSM,43,6,-269079869.46735555,"(269,079,869.47)",
ifrs17-result-snapshot,1.2 CSM,44,2,"""CSM_ADJ_BEL""",CSM_ADJ_BEL,
ifrs17-result-snapshot,1.2 CSM,44,3,-75293955.04531702,"(75,293,955.05)",
ifrs17-result-snapshot,1.2 CSM,44,4,21690568.890468564,"21,690,568.89",
ifrs17-result-snapshot,1.2 CSM,44,5,-253378011.12563592,"(253,378,011.13)",
ifrs17-result-snapshot,1.2 CSM,44,6,-265611596.20898682,"(265,611,596.21)",
ifrs17-result-snapshot,1.2 CSM,45,2,"""CSM_ADJ_RA""",CSM_ADJ_RA,
ifrs17-result-snapshot,1.2 CSM,45,3,-27341166.975337368,"(27,341,166.98)",
ifrs17-result-snapshot,1.2 CSM,45,4,-25124450.300567176,"(25,124,450.3)",
ifrs17-result-snapshot,1.2 CSM,45,5,-19631.880420000143,"(19,631.88)",
ifrs17-result-snapshot,1.2 CSM,45,6,121965.79467999989,"121,965.79",
ifrs17-result-snapshot,1.2 CSM,47,2,"""分红——CSM调整：""",分红——CSM调整：,
ifrs17-result-snapshot,1.2 CSM,48,3,"""分红1""",分红1,
ifrs17-result-snapshot,1.2 CSM,48,5,"""分红2""",分红2,
ifrs17-result-snapshot,1.2 CSM,49,3,20250228,20250228,
ifrs17-result-snapshot,1.2 CSM,49,4,20241231,20241231,
ifrs17-result-snapshot,1.2 CSM,49,5,20250228,20250228,
ifrs17-result-snapshot,1.2 CSM,49,6,20241231,20241231,
ifrs17-result-snapshot,1.2 CSM,50,2,"""FV_CHG""",FV_CHG,
ifrs17-result-snapshot,1.2 CSM,50,3,1517235222.910746,"1,517,235,222.91",
ifrs17-result-snapshot,1.2 CSM,50,4,491562263.62800026,"491,562,263.63",
ifrs17-result-snapshot,1.2 CSM,50,5,4045221.145200014,"4,045,221.15",
ifrs17-result-snapshot,1.2 CSM,50,6,12902718.272000026,"12,902,718.27",
ifrs17-result-snapshot,1.2 CSM,51,2,"""A_UI_NETCF_PAR""",A_UI_NETCF_PAR,
ifrs17-result-snapshot,1.2 CSM,51,3,-1488213400.252014,"(1,488,213,400.25)",
ifrs17-result-snapshot,1.2 CSM,51,4,-380058885.5862544,"(380,058,885.59)",
ifrs17-result-snapshot,1.2 CSM,51,5,7047642,7047642,
ifrs17-result-snapshot,1.2 CSM,51,6,34683.57590283993,"34,683.58",
ifrs17-result-snapshot,1.2 CSM,52,2,"""PL_INT_IFIE""",PL_INT_IFIE,
ifrs17-result-snapshot,1.2 CSM,52,3,1580582.087999896,"1,580,582.09",
ifrs17-result-snapshot,1.2 CSM,52,4,1491344.8960000002,"1,491,344.9",
ifrs17-result-snapshot,1.2 CSM,52,5,13987.715999998993,"13,987.72",
ifrs17-result-snapshot,1.2 CSM,52,6,14323.255999999998,"14,323.26",
ifrs17-result-snapshot,1.2 CSM,53,2,"""UI_PAR_DIVCLIENT""",UI_PAR_DIVCLIENT,
ifrs17-result-snapshot,1.2 CSM,53,3,22749357.357897203,"22,749,357.36",
ifrs17-result-snapshot,1.2 CSM,53,4,8782267.788059158,"8,782,267.79",
ifrs17-result-snapshot,1.2 CSM,53,5,1538500.720084,"1,538,500.72",
ifrs17-result-snapshot,1.2 CSM,53,6,989689.624352,"989,689.62",
ifrs17-result-snapshot,1.2 CSM,54,2,"""UI_PAR_DIVCOMP""",UI_PAR_DIVCOMP,
ifrs17-result-snapshot,1.2 CSM,54,3,9749724.582628798,"9,749,724.58",
ifrs17-result-snapshot,1.2 CSM,54,4,3763829.0521167195,"3,763,829.05",
ifrs17-result-snapshot,1.2 CSM,54,5,659357.4516200001,"659,357.45",
ifrs17-result-snapshot,1.2 CSM,54,6,424152.696084,"424,152.7",
ifrs17-result-snapshot,1.2 CSM,55,2,"""A_PUI_STAT_INV""",A_PUI_STAT_INV,
ifrs17-result-snapshot,1.2 CSM,55,3,509430.0399999999,"509,430.04",
ifrs17-result-snapshot,1.2 CSM,55,4,10012102.239999998,"10,012,102.24",
ifrs17-result-snapshot,1.2 CSM,55,5,87328.16,"87,328.16",
ifrs17-result-snapshot,1.2 CSM,55,6,2011892.44,"2,011,892.44",
ifrs17-result-snapshot,1.2 CSM,56,2,"""A_UPPEA_FV_CHG""",A_UPPEA_FV_CHG,
ifrs17-result-snapshot,1.2 CSM,56,3,9620952.43783092,"9,620,952.44",
ifrs17-result-snapshot,1.2 CSM,56,4,-63811180.16400001,"(63,811,180.16)",
ifrs17-result-snapshot,1.2 CSM,56,5,-2588972.4884,"(2,588,972.49)",
ifrs17-result-snapshot,1.2 CSM,56,6,-7963628.788000001,"(7,963,628.79)",
ifrs17-result-snapshot,1.2 CSM,57,2,"""PUI_INV_VAR""",PUI_INV_VAR,
ifrs17-result-snapshot,1.2 CSM,57,3,27718743.34000935,"27,718,743.34",
ifrs17-result-snapshot,1.2 CSM,57,4,7889800.90633457,"7,889,800.91",
ifrs17-result-snapshot,1.2 CSM,57,5,2479289.3523195395,"2,479,289.35",
ifrs17-result-snapshot,1.2 CSM,57,6,294410.5610039218,"294,410.56",
ifrs17-result-snapshot,1.2 CSM,58,2,"""PUI_INS_VAR""",PUI_INS_VAR,
ifrs17-result-snapshot,1.2 CSM,58,3,891644.6685816196,"891,644.67",
ifrs17-result-snapshot,1.2 CSM,58,4,516181.17244496645,"516,181.17",
ifrs17-result-snapshot,1.2 CSM,58,5,79297.323262,"79,297.32",
ifrs17-result-snapshot,1.2 CSM,58,6,79630.6076796,"79,630.61",
ifrs17-result-snapshot,1.2 CSM,59,0,"""check""",check,
ifrs17-result-snapshot,1.2 CSM,59,2,"""BEL_VAR_COMBINED""",BEL_VAR_COMBINED,
ifrs17-result-snapshot,1.2 CSM,59,3,4977297.36029748,"4,977,297.36",
ifrs17-result-snapshot,1.2 CSM,59,4,-92662811.24132186,"(92,662,811.24)",
ifrs17-result-snapshot,1.2 CSM,59,5,-3426305.8711688174,"(3,426,305.87)",
ifrs17-result-snapshot,1.2 CSM,59,6,-4142601.2760003954,"(4,142,601.28)",
ifrs17-result-snapshot,1.2 CSM,60,2,"""BEL_INT_IFIE""",BEL_INT_IFIE,
ifrs17-result-snapshot,1.2 CSM,60,3,-19409250.1936469,"(19,409,250.19)",
ifrs17-result-snapshot,1.2 CSM,60,4,-18377591.881680958,"(18,377,591.88)",
ifrs17-result-snapshot,1.2 CSM,60,5,-1984236.8263095594,"(1,984,236.83)",
ifrs17-result-snapshot,1.2 CSM,60,6,-3233420.3105767905,"(3,233,420.31)",
ifrs17-result-snapshot,1.2 CSM,61,2,"""RA_VAR""",RA_VAR,
ifrs17-result-snapshot,1.2 CSM,61,3,-4249311.227484397,"(4,249,311.23)",
ifrs17-result-snapshot,1.2 CSM,61,4,-1104900.5552656003,"(1,104,900.56)",
ifrs17-result-snapshot,1.2 CSM,61,5,-4046.5665980000035,"(4,046.57)",
ifrs17-result-snapshot,1.2 CSM,61,6,-1617.120579599998,"(1,617.12)",
ifrs17-result-snapshot,1.2 CSM,62,2,"""Tot_VAR""",Tot_VAR,
ifrs17-result-snapshot,1.2 CSM,62,3,83160993.11284618,"83,160,993.11",
ifrs17-result-snapshot,1.2 CSM,62,4,-31997579.745567143,"(31,997,579.75)",
ifrs17-result-snapshot,1.2 CSM,62,5,3718476.916009175,"3,718,476.92",
ifrs17-result-snapshot,1.2 CSM,62,6,1410233.5378656003,"1,410,233.54",
ifrs17-result-snapshot,1.2 CSM,63,2,"""CSM_LC_BF_ADJ""",CSM_LC_BF_ADJ,
ifrs17-result-snapshot,1.2 CSM,63,3,397083336.4283119,"397,083,336.43",
ifrs17-result-snapshot,1.2 CSM,63,4,107978495.3783978,"107,978,495.38",
ifrs17-result-snapshot,1.2 CSM,63,5,1508831.3893889547,"1,508,831.39",
ifrs17-result-snapshot,1.2 CSM,63,6,989690.3103486116,"989,690.31",
ifrs17-result-snapshot,1.2 CSM,64,2,"""CSM_ADJ""",CSM_ADJ,
ifrs17-result-snapshot,1.2 CSM,64,3,85501465.01576757,"85,501,465.02",
ifrs17-result-snapshot,1.2 CSM,64,4,-22256856.706108533,"(22,256,856.71)",
ifrs17-result-snapshot,1.2 CSM,64,5,3419066.6837981036,"3,419,066.68",
ifrs17-result-snapshot,1.2 CSM,64,6,1289044.125548407,"1,289,044.13",
ifrs17-result-snapshot,1.2 CSM,65,2,"""LC_ADJ""",LC_ADJ,
ifrs17-result-snapshot,1.2 CSM,65,3,-2340471.9029207053,"(2,340,471.9)",
ifrs17-result-snapshot,1.2 CSM,65,4,-9740723.039458737,"(9,740,723.04)",
ifrs17-result-snapshot,1.2 CSM,65,5,299410.23221104493,"299,410.23",
ifrs17-result-snapshot,1.2 CSM,65,6,121189.41231717626,"121,189.41",
ifrs17-result-snapshot,1.2 CSM,67,0,"""4.CSM释放""",4.CSM释放,
ifrs17-result-snapshot,1.2 CSM,67,2,"""CSM释放速度：""",CSM释放速度：,
ifrs17-result-snapshot,1.2 CSM,68,3,"""小于1年""",小于1年,
ifrs17-result-snapshot,1.2 CSM,68,4,"""1-5年""",1-5年,
ifrs17-result-snapshot,1.2 CSM,68,5,"""5-10年""",5-10年,
ifrs17-result-snapshot,1.2 CSM,68,6,"""10-20年""",10-20年,
ifrs17-result-snapshot,1.2 CSM,68,7,"""大于20年""",大于20年,
ifrs17-result-snapshot,1.2 CSM,68,8,"""合计""",合计,
ifrs17-result-snapshot,1.2 CSM,69,2,"""公司""",公司,
ifrs17-result-snapshot,1.2 CSM,70,2,"""传统""",传统,
ifrs17-result-snapshot,1.2 CSM,71,2,"""分红""",分红,
ifrs17-result-snapshot,1.2 CSM,72,2,"""万能""",万能,
ifrs17-result-snapshot,1.2 CSM,73,2,"""投连""",投连,
ifrs17-result-snapshot,1.2 CSM,76,2,"""CSM释放比率：""",CSM释放比率：,
ifrs17-result-snapshot,1.2 CSM,77,2,"""CSM release %""",CSM release %,
ifrs17-result-snapshot,1.2 CSM,77,3,"""ANTY""",ANTY,
ifrs17-result-snapshot,1.2 CSM,77,4,"""HTH""",HTH,
ifrs17-result-snapshot,1.2 CSM,77,5,"""LIFE""",LIFE,
ifrs17-result-snapshot,1.2 CSM,77,6,"""总计""",总计,
ifrs17-result-snapshot,1.2 CSM,77,9,"""数据源-->""",数据源-->,
ifrs17-result-snapshot,1.2 CSM,78,2,"""NPAR""",NPAR,
ifrs17-result-snapshot,1.2 CSM,79,2,"""PAR1""",PAR1,
ifrs17-result-snapshot,1.2 CSM,80,2,"""PAR2""",PAR2,
ifrs17-result-snapshot,1.2 CSM,81,2,"""UL""",UL,
ifrs17-result-snapshot,1.2 CSM,82,2,"""VL""",VL,
ifrs17-result-snapshot,1.2 CSM,83,2,"""总计""",总计,
ifrs17-result-snapshot,1.2 CSM,86,2,"""CSM平均剩余期限：""",CSM平均剩余期限：,
ifrs17-result-snapshot,1.2 CSM,87,2,"""平均剩余期限""",平均剩余期限,
ifrs17-result-snapshot,1.2 CSM,87,3,"""摊销前的期末CSM""",摊销前的期末CSM,
ifrs17-result-snapshot,1.2 CSM,87,4,"""CSM摊销""",CSM摊销,
ifrs17-result-snapshot,1.2 CSM,87,5,"""摊销前的期末CSM占比""",摊销前的期末CSM占比,
ifrs17-result-snapshot,1.2 CSM,87,6,"""释放比例""",释放比例,
ifrs17-result-snapshot,1.2 CSM,88,2,0,0,
ifrs17-result-snapshot,1.2 CSM,89,2,0,0,
ifrs17-result-snapshot,1.3 RA,1,0,"""风险调整""",风险调整,
ifrs17-result-snapshot,1.3 RA,3,0,"""1. 期初RA/BEL ratio""",1. 期初RA/BEL ratio,
ifrs17-result-snapshot,1.3 RA,3,2,"""账户""",账户,
ifrs17-result-snapshot,1.3 RA,3,3,202512,202512,
ifrs17-result-snapshot,1.3 RA,3,4,20241231,20241231,
ifrs17-result-snapshot,1.3 RA,4,2,"""传统""",传统,
ifrs17-result-snapshot,1.3 RA,4,3,0.010533382191224006,0.0105,
ifrs17-result-snapshot,1.3 RA,4,4,0.015252125962714937,0.0153,
ifrs17-result-snapshot,1.3 RA,5,2,"""分红1""",分红1,
ifrs17-result-snapshot,1.3 RA,5,3,0.004560750664081782,0.004561,
ifrs17-result-snapshot,1.3 RA,5,4,0.0034027294455957445,0.0034,
ifrs17-result-snapshot,1.3 RA,6,2,"""分红2""",分红2,
ifrs17-result-snapshot,1.3 RA,6,3,0.00006921864566465668,0.0001,
ifrs17-result-snapshot,1.3 RA,6,4,0.00009737252381694295,0.0001,
ifrs17-result-snapshot,1.3 RA,7,2,"""万能""",万能,
ifrs17-result-snapshot,1.3 RA,7,3,0.00024240516668417282,0.0002,
ifrs17-result-snapshot,1.3 RA,7,4,0.000207959250905999,0.0002,
ifrs17-result-snapshot,1.3 RA,8,2,"""投连""",投连,
ifrs17-result-snapshot,1.3 RA,8,3,0.00037719553495606814,0.0004,
ifrs17-result-snapshot,1.3 RA,8,4,0.0003646106041201897,0.0004,
ifrs17-result-snapshot,1.3 RA,9,2,"""公司""",公司,
ifrs17-result-snapshot,1.3 RA,9,3,0.0073088898081672795,0.0073,
ifrs17-result-snapshot,1.3 RA,9,4,0.009110787595547976,0.009111,
ifrs17-result-snapshot,1.3 RA,11,0,"""2. RA释放""",2. RA释放,
ifrs17-result-snapshot,1.3 RA,11,2,"""账户""",账户,
ifrs17-result-snapshot,1.3 RA,11,3,202512,202512,
ifrs17-result-snapshot,1.3 RA,11,4,20241231,20241231,
ifrs17-result-snapshot,1.3 RA,12,2,"""传统""",传统,
ifrs17-result-snapshot,1.3 RA,12,3,0.02628760993228832,0.026288,
ifrs17-result-snapshot,1.3 RA,12,4,0.031257515795729524,0.0313,
ifrs17-result-snapshot,1.3 RA,12,5,0.15772565959372992,0.1577,
ifrs17-result-snapshot,1.3 RA,12,6,0.1264681437980004,0.126468,
ifrs17-result-snapshot,1.3 RA,13,2,"""分红1""",分红1,
ifrs17-result-snapshot,1.3 RA,13,3,0.08871628566437872,0.0887,
ifrs17-result-snapshot,1.3 RA,13,4,0.03422016217337381,0.034220,
ifrs17-result-snapshot,1.3 RA,13,5,0.5322977139862723,0.5323,
ifrs17-result-snapshot,1.3 RA,13,6,0.49807755181289853,0.498078,
ifrs17-result-snapshot,1.3 RA,14,2,"""分红2""",分红2,
ifrs17-result-snapshot,1.3 RA,14,3,0.16695818650701477,0.1670,
ifrs17-result-snapshot,1.3 RA,14,4,0.11534060269889838,0.1153,
ifrs17-result-snapshot,1.3 RA,14,5,1.0017491190420886,1.0017,
ifrs17-result-snapshot,1.3 RA,14,6,0.8864085163431902,0.886409,
ifrs17-result-snapshot,1.3 RA,15,2,"""万能""",万能,
ifrs17-result-snapshot,1.3 RA,15,3,0.020143361314679302,0.0201,
ifrs17-result-snapshot,1.3 RA,15,4,0.024939668931194713,0.0249,
ifrs17-result-snapshot,1.3 RA,15,5,0.12086016788807581,0.120860,
ifrs17-result-snapshot,1.3 RA,15,6,0.0959204989568811,0.0959,
ifrs17-result-snapshot,1.3 RA,16,2,"""投连""",投连,
ifrs17-result-snapshot,1.3 RA,16,3,0.0258827676872243,0.0259,
ifrs17-result-snapshot,1.3 RA,16,4,0.02333310238726363,0.0233,
ifrs17-result-snapshot,1.3 RA,16,5,0.15529660612334578,0.1553,
ifrs17-result-snapshot,1.3 RA,16,6,0.13196350373608218,0.1320,
ifrs17-result-snapshot,1.3 RA,17,2,"""首日亏损""",首日亏损,
ifrs17-result-snapshot,1.3 RA,17,3,0.03098138952672927,0.0310,
ifrs17-result-snapshot,1.3 RA,17,4,0.03136856419086539,0.0314,
ifrs17-result-snapshot,1.3 RA,17,5,0.18588833716037562,0.1859,
ifrs17-result-snapshot,1.3 RA,17,6,0.15451977296951025,0.154520,
ifrs17-result-snapshot,1.4 首日亏损,1,0,"""首日亏损""",首日亏损,
ifrs17-result-snapshot,1.4 首日亏损,1,2,"""账户""",账户,
ifrs17-result-snapshot,1.4 首日亏损,1,3,202502,202502,
ifrs17-result-snapshot,1.4 首日亏损,1,4,20241231,20241231,
ifrs17-result-snapshot,1.4 首日亏损,2,2,"""传统""",传统,
ifrs17-result-snapshot,1.4 首日亏损,2,3,-786.8718401556864,(786.87),
ifrs17-result-snapshot,1.4 首日亏损,2,4,-1686.897196800243,"(1,686.9)",
ifrs17-result-snapshot,1.4 首日亏损,3,2,"""分红1""",分红1,
ifrs17-result-snapshot,1.4 首日亏损,3,3,-326.54781459717196,(326.55),
ifrs17-result-snapshot,1.4 首日亏损,3,4,-188.50404204607474,(188.5),
ifrs17-result-snapshot,1.4 首日亏损,4,2,"""分红2""",分红2,
ifrs17-result-snapshot,1.4 首日亏损,4,3,0,0,
ifrs17-result-snapshot,1.4 首日亏损,4,4,-3.416391802439948,(3.42),
ifrs17-result-snapshot,1.4 首日亏损,5,2,"""万能""",万能,
ifrs17-result-snapshot,1.4 首日亏损,5,3,-1022.4087686433953,"(1,022.41)",
ifrs17-result-snapshot,1.4 首日亏损,5,4,-630.82334910996,(630.82),
ifrs17-result-snapshot,1.4 首日亏损,6,2,"""投连""",投连,
ifrs17-result-snapshot,1.4 首日亏损,6,3,0,0,
ifrs17-result-snapshot,1.4 首日亏损,6,4,0,0,
ifrs17-result-snapshot,1.4 首日亏损,7,2,"""首日亏损""",首日亏损,
ifrs17-result-snapshot,1.4 首日亏损,7,3,-2135.8284233962536,"(2,135.83)",
ifrs17-result-snapshot,1.4 首日亏损,7,4,-2509.6409797587175,"(2,509.64)",
ifrs17-result-snapshot,1.4 首日亏损,21,2,"""数据源-->""",数据源-->,
ifrs17-result-snapshot,1.4 首日亏损,21,3,"""LC0_2412!A1""",LC0_2412!A1,
ifrs17-result-snapshot,1.4 首日亏损,21,4,"""LC0_2312!A1""",LC0_2312!A1,
ifrs17-result-snapshot,1.4 首日亏损,22,0,"""1.传统首日亏损TOP产品""",1.传统首日亏损TOP产品,
ifrs17-result-snapshot,1.4 首日亏损,22,2,"""2025年全年""",2025年全年,
ifrs17-result-snapshot,1.4 首日亏损,22,3,"""首日亏损""",首日亏损,
ifrs17-result-snapshot,1.4 首日亏损,22,4,"""占比""",占比,
ifrs17-result-snapshot,1.4 首日亏损,22,6,"""2024年全年""",2024年全年,
ifrs17-result-snapshot,1.4 首日亏损,22,7,"""首日亏损""",首日亏损,
ifrs17-result-snapshot,1.4 首日亏损,22,8,"""占比""",占比,
ifrs17-result-snapshot,1.4 首日亏损,23,2,"""产品""",产品,
ifrs17-result-snapshot,1.4 首日亏损,23,3,-20.366957699559997,(20.37),
ifrs17-result-snapshot,1.4 首日亏损,23,4,0.14610201050964705,0.146,
ifrs17-result-snapshot,1.4 首日亏损,23,6,"""产品""",产品,
ifrs17-result-snapshot,1.4 首日亏损,23,7,-708.5581650941201,(708.56),
ifrs17-result-snapshot,1.4 首日亏损,23,8,0.16801433460941378,0.17,
ifrs17-result-snapshot,1.4 首日亏损,24,2,"""（趸交）_个险渠道""",（趸交）_个险渠道,
ifrs17-result-snapshot,1.4 首日亏损,24,6,"""（期交）_个险渠道""",（期交）_个险渠道,
ifrs17-result-snapshot,1.4 首日亏损,25,2,"""产品""",产品,
ifrs17-result-snapshot,1.4 首日亏损,25,3,-8.04157248876,(8.04),
ifrs17-result-snapshot,1.4 首日亏损,25,4,0.057686077891362444,0.057686,
ifrs17-result-snapshot,1.4 首日亏损,25,6,"""产品""",产品,
ifrs17-result-snapshot,1.4 首日亏损,25,7,-418.06236522212004,(418.06),
ifrs17-result-snapshot,1.4 首日亏损,25,8,0.09913155133665273,0.099,
ifrs17-result-snapshot,1.4 首日亏损,26,2,"""（趸交）""",（趸交）,
ifrs17-result-snapshot,1.4 首日亏损,26,6,"""（期交）""",（期交）,
ifrs17-result-snapshot,1.4 首日亏损,27,2,"""产品""",产品,
ifrs17-result-snapshot,1.4 首日亏损,27,3,-5.571985189040001,(5.57),
ifrs17-result-snapshot,1.4 首日亏损,27,4,0.03997053711494216,0.04,
ifrs17-result-snapshot,1.4 首日亏损,27,6,"""产品""",产品,
ifrs17-result-snapshot,1.4 首日亏损,27,7,-228.54562349179997,(228.55),
ifrs17-result-snapshot,1.4 首日亏损,27,8,0.05419306805076154,0.054,
ifrs17-result-snapshot,1.4 首日亏损,28,2,"""（期交）""",（期交）,
ifrs17-result-snapshot,1.4 首日亏损,28,6,"""（期交）_银保渠道""",（期交）_银保渠道,
ifrs17-result-snapshot,1.4 首日亏损,30,0,"""2.分红首日亏损TOP产品""",2.分红首日亏损TOP产品,
ifrs17-result-snapshot,1.4 首日亏损,30,2,"""2025年全年""",2025年全年,
ifrs17-result-snapshot,1.4 首日亏损,30,3,"""首日亏损""",首日亏损,
ifrs17-result-snapshot,1.4 首日亏损,30,4,"""占比""",占比,
ifrs17-result-snapshot,1.4 首日亏损,30,6,"""2024年全年""",2024年全年,
ifrs17-result-snapshot,1.4 首日亏损,30,7,"""首日亏损""",首日亏损,
ifrs17-result-snapshot,1.4 首日亏损,30,8,"""占比""",占比,
ifrs17-result-snapshot,1.4 首日亏损,31,2,"""产品""",产品,
ifrs17-result-snapshot,1.4 首日亏损,31,3,-17.813668115360002,(17.81),
ifrs17-result-snapshot,1.4 首日亏损,31,4,0.1469440363276741,0.146944,
ifrs17-result-snapshot,1.4 首日亏损,31,6,"""产品""",产品,
ifrs17-result-snapshot,1.4 首日亏损,31,7,-70.8604529912,(70.86),
ifrs17-result-snapshot,1.4 首日亏损,31,8,0.14768714632368232,0.148,
ifrs17-result-snapshot,1.4 首日亏损,32,2,"""产品""",产品,
ifrs17-result-snapshot,1.4 首日亏损,32,3,-11.27402330096,(11.27),
ifrs17-result-snapshot,1.4 首日亏损,32,4,0.0929988410453683,0.092999,
ifrs17-result-snapshot,1.4 首日亏损,32,6,"""产品""",产品,
ifrs17-result-snapshot,1.4 首日亏损,32,7,-43.17802142076004,(43.18),
ifrs17-result-snapshot,1.4 首日亏损,32,8,0.08999150440552225,0.090,
ifrs17-result-snapshot,1.4 首日亏损,33,2,"""产品""",产品,
ifrs17-result-snapshot,1.4 首日亏损,33,3,-10.79819018764,(10.8),
ifrs17-result-snapshot,1.4 首日亏损,33,4,0.0890737180534723,0.089,
ifrs17-result-snapshot,1.4 首日亏损,35,0,"""3.万能首日亏损TOP产品""",3.万能首日亏损TOP产品,
ifrs17-result-snapshot,1.4 首日亏损,35,2,"""2025年全年""",2025年全年,
ifrs17-result-snapshot,1.4 首日亏损,35,3,"""首日亏损""",首日亏损,
ifrs17-result-snapshot,1.4 首日亏损,35,4,"""占比""",占比,
ifrs17-result-snapshot,1.4 首日亏损,35,6,"""2024年全年""",2024年全年,
ifrs17-result-snapshot,1.4 首日亏损,35,7,"""首日亏损""",首日亏损,
ifrs17-result-snapshot,1.4 首日亏损,35,8,"""占比""",占比,
ifrs17-result-snapshot,1.4 首日亏损,36,2,"""产品""",产品,
ifrs17-result-snapshot,1.4 首日亏损,36,3,-23.37482945904,(23.37),
ifrs17-result-snapshot,1.4 首日亏损,36,4,0.19754313954405292,0.198,
ifrs17-result-snapshot,1.4 首日亏损,36,6,"""产品""",产品,
ifrs17-result-snapshot,1.4 首日亏损,36,7,-324.83617335852,(324.84),
ifrs17-result-snapshot,1.4 首日亏损,36,8,0.20597599871176153,0.206,
ifrs17-result-snapshot,1.4 首日亏损,37,2,"""（万能型）_个险渠道""",（万能型）_个险渠道,
ifrs17-result-snapshot,1.4 首日亏损,37,6,"""（万能型）_个险渠道""",（万能型）_个险渠道,
ifrs17-result-snapshot,1.4 首日亏损,38,2,"""产品""",产品,
ifrs17-result-snapshot,1.4 首日亏损,38,3,-22.118931431,(22.12),
ifrs17-result-snapshot,1.4 首日亏损,38,4,0.1869294133630365,0.187,
ifrs17-result-snapshot,1.4 首日亏损,38,6,"""产品""",产品,
ifrs17-result-snapshot,1.4 首日亏损,38,7,-267.49469275968,(267.49),
ifrs17-result-snapshot,1.4 首日亏损,38,8,0.1696162281485199,0.170,
ifrs17-result-snapshot,1.4 首日亏损,39,2,"""（万能型）_经代渠道""",（万能型）_经代渠道,
ifrs17-result-snapshot,1.4 首日亏损,39,6,"""（万能型）_经代渠道""",（万能型）_经代渠道,
ifrs17-result-snapshot,1.5 投成拆分,0,2,2502,2502,
ifrs17-result-snapshot,1.5 投成拆分,0,8,2502,2502,
ifrs17-result-snapshot,1.5 投成拆分,0,11,241231,241231,
ifrs17-result-snapshot,1.5 投成拆分,1,0,"""投成拆分""",投成拆分,
ifrs17-result-snapshot,1.5 投成拆分,1,3,"""保成""",保成,
ifrs17-result-snapshot,1.5 投成拆分,1,4,"""投成""",投成,
ifrs17-result-snapshot,1.5 投成拆分,1,5,"""投成拆分比例""",投成拆分比例,
ifrs17-result-snapshot,1.5 投成拆分,1,6,"""数据源-->""",数据源-->,
ifrs17-result-snapshot,1.5 投成拆分,1,8,"""VAR""",VAR,
ifrs17-result-snapshot,1.5 投成拆分,1,9,"""AMT""",AMT,
ifrs17-result-snapshot,1.5 投成拆分,1,11,"""VAR""",VAR,
ifrs17-result-snapshot,1.5 投成拆分,1,12,"""AMT""",AMT,
ifrs17-result-snapshot,1.5 投成拆分,2,0,"""仅长险""",仅长险,
ifrs17-result-snapshot,1.5 投成拆分,2,2,"""死伤医疗""",死伤医疗,
ifrs17-result-snapshot,1.5 投成拆分,2,3,38716468.59146382,"38,716,468.59",
ifrs17-result-snapshot,1.5 投成拆分,2,4,7853909.369767633,"7,853,909.37",
ifrs17-result-snapshot,1.5 投成拆分,2,5,0.06745841209453611,0.0675,
ifrs17-result-snapshot,1.5 投成拆分,2,8,"""A_OCF_DTH_INS""",A_OCF_DTH_INS,
ifrs17-result-snapshot,1.5 投成拆分,2,9,38596945.10513596,"38,596,945.11",
ifrs17-result-snapshot,1.5 投成拆分,2,11,"""A_OCF_DTH_INS""",A_OCF_DTH_INS,
ifrs17-result-snapshot,1.5 投成拆分,2,12,32895943.671251655,"32,895,943.67",
ifrs17-result-snapshot,1.5 投成拆分,3,2,"""非死伤医疗""",非死伤医疗,
ifrs17-result-snapshot,1.5 投成拆分,3,3,1139221.3265545096,"1,139,221.33",
ifrs17-result-snapshot,1.5 投成拆分,3,4,672149432.8350815,"672,149,432.84",
ifrs17-result-snapshot,1.5 投成拆分,3,5,0.3993231899456419,0.3993,
ifrs17-result-snapshot,1.5 投成拆分,3,8,"""A_PUI_DTH_INS""",A_PUI_DTH_INS,
ifrs17-result-snapshot,1.5 投成拆分,3,9,119523.48632785675,"119,523.49",
ifrs17-result-snapshot,1.5 投成拆分,3,11,"""A_PUI_DTH_INS""",A_PUI_DTH_INS,
ifrs17-result-snapshot,1.5 投成拆分,3,12,404479.70805743354,"404,479.71",
ifrs17-result-snapshot,1.5 投成拆分,4,2,"""理赔总计""",理赔总计,
ifrs17-result-snapshot,1.5 投成拆分,4,3,39855689.918018326,"39,855,689.92",
ifrs17-result-snapshot,1.5 投成拆分,4,4,680003342.2048491,"680,003,342.2",
ifrs17-result-snapshot,1.5 投成拆分,4,5,0.37785361403302326,0.377854,
ifrs17-result-snapshot,1.5 投成拆分,4,8,"""A_OCF_DTH_INV""",A_OCF_DTH_INV,
ifrs17-result-snapshot,1.5 投成拆分,4,9,7616592.65609549,"7,616,592.66",
ifrs17-result-snapshot,1.5 投成拆分,4,11,"""A_OCF_DTH_INV""",A_OCF_DTH_INV,
ifrs17-result-snapshot,1.5 投成拆分,4,12,8349422.463621087,"8,349,422.46",
ifrs17-result-snapshot,1.5 投成拆分,5,8,"""A_PUI_DTH_INV""",A_PUI_DTH_INV,
ifrs17-result-snapshot,1.5 投成拆分,5,9,237316.71367214312,"237,316.71",
ifrs17-result-snapshot,1.5 投成拆分,5,11,"""A_PUI_DTH_INV""",A_PUI_DTH_INV,
ifrs17-result-snapshot,1.5 投成拆分,5,12,681733.2119425664,"681,733.21",
ifrs17-result-snapshot,1.5 投成拆分,6,2,241231,241231,
ifrs17-result-snapshot,1.5 投成拆分,7,3,"""保成""",保成,
ifrs17-result-snapshot,1.5 投成拆分,7,4,"""投成""",投成,
ifrs17-result-snapshot,1.5 投成拆分,7,5,"""投成拆分比例""",投成拆分比例,
ifrs17-result-snapshot,1.5 投成拆分,7,8,"""A_OCF_SB_INS""",A_OCF_SB_INS,
ifrs17-result-snapshot,1.5 投成拆分,7,9,658181.3199999839,"658,181.32",
ifrs17-result-snapshot,1.5 投成拆分,7,11,"""A_OCF_SB_INS""",A_OCF_SB_INS,
ifrs17-result-snapshot,1.5 投成拆分,7,12,806127.2800000071,"806,127.28",
ifrs17-result-snapshot,1.5 投成拆分,8,2,"""死伤医疗""",死伤医疗,
ifrs17-result-snapshot,1.5 投成拆分,8,3,33300423.379309088,"33,300,423.38",
ifrs17-result-snapshot,1.5 投成拆分,8,4,9031155.675563654,"9,031,155.68",
ifrs17-result-snapshot,1.5 投成拆分,8,5,0.08533729076212279,0.0853,
ifrs17-result-snapshot,1.5 投成拆分,8,8,"""A_PUI_SB_INS""",A_PUI_SB_INS,
ifrs17-result-snapshot,1.5 投成拆分,8,9,481040.0065545257,"481,040.01",
ifrs17-result-snapshot,1.5 投成拆分,8,11,"""A_PUI_SB_INS""",A_PUI_SB_INS,
ifrs17-result-snapshot,1.5 投成拆分,8,12,707362.1600000008,"707,362.16",
ifrs17-result-snapshot,1.5 投成拆分,9,2,"""非死伤医疗""",非死伤医疗,
ifrs17-result-snapshot,1.5 投成拆分,9,3,1513489.440000008,"1,513,489.44",
ifrs17-result-snapshot,1.5 投成拆分,9,4,602509721.599686,"602,509,721.6",
ifrs17-result-snapshot,1.5 投成拆分,9,5,0.39899772762878116,0.3990,
ifrs17-result-snapshot,1.5 投成拆分,9,8,"""A_SURR_INS""",A_SURR_INS,
ifrs17-result-snapshot,1.5 投成拆分,9,9,0,0,
ifrs17-result-snapshot,1.5 投成拆分,9,11,"""A_SURR_INS""",A_SURR_INS,
ifrs17-result-snapshot,1.5 投成拆分,9,12,0,0,
ifrs17-result-snapshot,1.5 投成拆分,10,2,"""理赔总计""",理赔总计,
ifrs17-result-snapshot,1.5 投成拆分,10,3,34813912.8193091,"34,813,912.82",
ifrs17-result-snapshot,1.5 投成拆分,10,4,611540877.2752497,"611,540,877.28",
ifrs17-result-snapshot,1.5 投成拆分,10,5,0.37845523025258865,0.378455,
ifrs17-result-snapshot,1.5 投成拆分,10,8,"""A_PUI_LAPSE_INS""",A_PUI_LAPSE_INS,
ifrs17-result-snapshot,1.5 投成拆分,10,9,0,0,
ifrs17-result-snapshot,1.5 投成拆分,10,11,"""A_PUI_LAPSE_INS""",A_PUI_LAPSE_INS,
ifrs17-result-snapshot,1.5 投成拆分,10,12,0,0,
ifrs17-result-snapshot,1.5 投成拆分,11,8,"""A_OCF_LAPSE_INS""",A_OCF_LAPSE_INS,
ifrs17-result-snapshot,1.5 投成拆分,11,9,0,0,
ifrs17-result-snapshot,1.5 投成拆分,11,11,"""A_OCF_LAPSE_INS""",A_OCF_LAPSE_INS,
ifrs17-result-snapshot,1.5 投成拆分,11,12,0,0,
ifrs17-result-snapshot,1.5 投成拆分,12,8,"""A_PUI_MAT_INS""",A_PUI_MAT_INS,
ifrs17-result-snapshot,1.5 投成拆分,12,9,0,0,
ifrs17-result-snapshot,1.5 投成拆分,12,11,"""A_PUI_MAT_INS""",A_PUI_MAT_INS,
ifrs17-result-snapshot,1.5 投成拆分,12,12,0,0,
ifrs17-result-snapshot,1.5 投成拆分,13,8,"""A_OCF_MAT_INS""",A_OCF_MAT_INS,
ifrs17-result-snapshot,1.5 投成拆分,13,9,0,0,
ifrs17-result-snapshot,1.5 投成拆分,13,11,"""A_OCF_MAT_INS""",A_OCF_MAT_INS,
ifrs17-result-snapshot,1.5 投成拆分,13,12,0,0,
ifrs17-result-snapshot,1.5 投成拆分,14,8,"""A_PUI_DIV_INS""",A_PUI_DIV_INS,
ifrs17-result-snapshot,1.5 投成拆分,14,9,0,0,
ifrs17-result-snapshot,1.5 投成拆分,14,11,"""A_PUI_DIV_INS""",A_PUI_DIV_INS,
ifrs17-result-snapshot,1.5 投成拆分,14,12,0,0,
ifrs17-result-snapshot,1.5 投成拆分,15,8,"""A_OCF_SB_INV""",A_OCF_SB_INV,
ifrs17-result-snapshot,1.5 投成拆分,15,9,33861358.52000002,"33,861,358.52",
ifrs17-result-snapshot,1.5 投成拆分,15,11,"""A_OCF_SB_INV""",A_OCF_SB_INV,
ifrs17-result-snapshot,1.5 投成拆分,15,12,32645171.699999977,"32,645,171.7",
ifrs17-result-snapshot,1.5 投成拆分,16,8,"""A_PUI_SB_INV""",A_PUI_SB_INV,
ifrs17-result-snapshot,1.5 投成拆分,16,9,16893058.95344547,"16,893,058.95",
ifrs17-result-snapshot,1.5 投成拆分,16,11,"""A_PUI_SB_INV""",A_PUI_SB_INV,
ifrs17-result-snapshot,1.5 投成拆分,16,12,16206808.680000002,"16,206,808.68",
ifrs17-result-snapshot,1.5 投成拆分,17,8,"""A_SURR_INV""",A_SURR_INV,
ifrs17-result-snapshot,1.5 投成拆分,17,9,21045951,21045951,
ifrs17-result-snapshot,1.5 投成拆分,17,11,"""A_SURR_INV""",A_SURR_INV,
ifrs17-result-snapshot,1.5 投成拆分,17,12,9989824.720000003,"9,989,824.72",
ifrs17-result-snapshot,1.5 投成拆分,18,8,"""A_PUI_LAPSE_INV""",A_PUI_LAPSE_INV,
ifrs17-result-snapshot,1.5 投成拆分,18,9,1120233.44,"1,120,233.44",
ifrs17-result-snapshot,1.5 投成拆分,18,11,"""A_PUI_LAPSE_INV""",A_PUI_LAPSE_INV,
ifrs17-result-snapshot,1.5 投成拆分,18,12,505038.12,"505,038.12",
ifrs17-result-snapshot,1.5 投成拆分,19,8,"""A_OCF_LAPSE_INV""",A_OCF_LAPSE_INV,
ifrs17-result-snapshot,1.5 投成拆分,19,9,518579279.3160001,"518,579,279.32",
ifrs17-result-snapshot,1.5 投成拆分,19,11,"""A_OCF_LAPSE_INV""",A_OCF_LAPSE_INV,
ifrs17-result-snapshot,1.5 投成拆分,19,12,491722289.78000003,"491,722,289.78",
ifrs17-result-snapshot,1.5 投成拆分,20,8,"""A_PUI_MAT_INV""",A_PUI_MAT_INV,
ifrs17-result-snapshot,1.5 投成拆分,20,9,29085917,29085917,
ifrs17-result-snapshot,1.5 投成拆分,20,11,"""A_PUI_MAT_INV""",A_PUI_MAT_INV,
ifrs17-result-snapshot,1.5 投成拆分,20,12,2838063.0799898794,"2,838,063.08",
ifrs17-result-snapshot,1.5 投成拆分,21,8,"""A_OCF_MAT_INV""",A_OCF_MAT_INV,
ifrs17-result-snapshot,1.5 投成拆分,21,9,59935464.11999996,"59,935,464.12",
ifrs17-result-snapshot,1.5 投成拆分,21,11,"""A_OCF_MAT_INV""",A_OCF_MAT_INV,
ifrs17-result-snapshot,1.5 投成拆分,21,12,40670118.39999999,"40,670,118.4",
ifrs17-result-snapshot,1.5 投成拆分,22,8,"""A_PUI_DIV_INV""",A_PUI_DIV_INV,
ifrs17-result-snapshot,1.5 投成拆分,22,9,21707291.285635926,"21,707,291.29",
ifrs17-result-snapshot,1.5 投成拆分,22,11,"""A_PUI_DIV_INV""",A_PUI_DIV_INV,
ifrs17-result-snapshot,1.5 投成拆分,22,12,7932407.119696176,"7,932,407.12",
ifrs17-result-snapshot,1.6 损失摊销,0,2,202502,202502,
ifrs17-result-snapshot,1.6 损失摊销,1,0,"""损失摊销""",损失摊销,
ifrs17-result-snapshot,1.6 损失摊销,1,2,"""账户""",账户,
ifrs17-result-snapshot,1.6 损失摊销,1,3,"""LC_BOP""",LC_BOP,
ifrs17-result-snapshot,1.6 损失摊销,1,4,"""LC_NB""",LC_NB,
ifrs17-result-snapshot,1.6 损失摊销,1,5,"""LC_DISTR_ISE""",LC_DISTR_ISE,
ifrs17-result-snapshot,1.6 损失摊销,1,6,"""LC_DISTR_RA""",LC_DISTR_RA,
ifrs17-result-snapshot,1.6 损失摊销,1,7,"""LC_DISTR_TOTAL""",LC_DISTR_TOTAL,
ifrs17-result-snapshot,1.6 损失摊销,1,8,"""LC摊销比例%""",LC摊销比例%,
ifrs17-result-snapshot,1.6 损失摊销,2,1,0.4,0.4,
ifrs17-result-snapshot,1.6 损失摊销,2,2,"""传统""",传统,
ifrs17-result-snapshot,1.6 损失摊销,2,3,69633980.0187905,"69,633,980.02",
ifrs17-result-snapshot,1.6 损失摊销,2,4,7868718.4013696015,"7,868,718.4",
ifrs17-result-snapshot,1.6 损失摊销,2,5,19068479.290739093,"19,068,479.29",
ifrs17-result-snapshot,1.6 损失摊销,2,6,1659184.1394945742,"1,659,184.14",
ifrs17-result-snapshot,1.6 损失摊销,2,7,20727663.430233665,"20,727,663.43",
ifrs17-result-snapshot,1.6 损失摊销,2,8,0.10697776388566083,0.11,
ifrs17-result-snapshot,1.6 损失摊销,2,9,0.641866583313965,0.642,
ifrs17-result-snapshot,1.6 损失摊销,2,10,0.5511579071266383,0.551158,
ifrs17-result-snapshot,1.6 损失摊销,3,1,0.8,0.8,
ifrs17-result-snapshot,1.6 损失摊销,3,2,"""分红1""",分红1,
ifrs17-result-snapshot,1.6 损失摊销,3,3,11663865.147179475,"11,663,865.15",
ifrs17-result-snapshot,1.6 损失摊销,3,4,3265478.1459516007,"3,265,478.15",
ifrs17-result-snapshot,1.6 损失摊销,3,5,1523814.3825445427,"1,523,814.38",
ifrs17-result-snapshot,1.6 损失摊销,3,6,134614.88429413486,"134,614.88",
ifrs17-result-snapshot,1.6 损失摊销,3,7,1658429.2668386777,"1,658,429.27",
ifrs17-result-snapshot,1.6 损失摊销,3,8,0.04443408485627666,0.04,
ifrs17-result-snapshot,1.6 损失摊销,3,9,0.26660450913765993,0.267,
ifrs17-result-snapshot,1.6 损失摊销,3,10,0.2106150435927688,0.211,
ifrs17-result-snapshot,1.6 损失摊销,4,1,1.2,1.2,
ifrs17-result-snapshot,1.6 损失摊销,4,2,"""分红2""",分红2,
ifrs17-result-snapshot,1.6 损失摊销,4,3,311649.9651999994,"311,649.97",
ifrs17-result-snapshot,1.6 损失摊销,4,4,0,0,
ifrs17-result-snapshot,1.6 损失摊销,4,5,27729.46639751414,"27,729.47",
ifrs17-result-snapshot,1.6 损失摊销,4,6,6185.4147067264785,"6,185.41",
ifrs17-result-snapshot,1.6 损失摊销,4,7,33914.881104240616,"33,914.88",
ifrs17-result-snapshot,1.6 损失摊销,4,8,0.04352945277240889,0.04,
ifrs17-result-snapshot,1.6 损失摊销,4,9,0.2611767166344533,0.261,
ifrs17-result-snapshot,1.6 损失摊销,4,10,0.22668205415434803,0.226682,
ifrs17-result-snapshot,1.6 损失摊销,5,1,1.6,1.6,
ifrs17-result-snapshot,1.6 损失摊销,5,2,"""万能""",万能,
ifrs17-result-snapshot,1.6 损失摊销,5,3,497652.8753023941,"497,652.88",
ifrs17-result-snapshot,1.6 损失摊销,5,4,10224087.685656792,"10,224,087.69",
ifrs17-result-snapshot,1.6 损失摊销,5,5,244838.59468588122,"244,838.59",
ifrs17-result-snapshot,1.6 损失摊销,5,6,13613.289339533474,"13,613.29",
ifrs17-result-snapshot,1.6 损失摊销,5,7,258451.8840254147,"258,451.88",
ifrs17-result-snapshot,1.6 损失摊销,5,8,0.00964216145898957,0.01,
ifrs17-result-snapshot,1.6 损失摊销,5,9,0.05785296875393742,0.058,
ifrs17-result-snapshot,1.6 损失摊销,5,10,0.022487304068750512,0.022487,
ifrs17-result-snapshot,1.6 损失摊销,6,1,2,2,
ifrs17-result-snapshot,1.6 损失摊销,6,2,"""投连""",投连,
ifrs17-result-snapshot,1.6 损失摊销,6,3,-2.0256e-11,(0),
ifrs17-result-snapshot,1.6 损失摊销,6,4,0,0,
ifrs17-result-snapshot,1.6 损失摊销,6,5,-1.4545467849755198e-12,(0),
ifrs17-result-snapshot,1.6 损失摊销,6,6,-1.0852900820507924e-13,(0),
ifrs17-result-snapshot,1.6 损失摊销,6,7,-1.5630757931805989e-12,(0),
ifrs17-result-snapshot,1.6 损失摊销,6,8,0.030866425615730626,0.03,
ifrs17-result-snapshot,1.6 损失摊销,6,9,0.18519855369438373,0.185199,
ifrs17-result-snapshot,1.6 损失摊销,6,10,0.15392842130425888,0.154,
ifrs17-result-snapshot,1.6 损失摊销,7,2,"""公司""",公司,
ifrs17-result-snapshot,1.6 损失摊销,7,3,82107148.00647236,"82,107,148.01",
ifrs17-result-snapshot,1.6 损失摊销,7,4,21358284.232977994,"21,358,284.23",
ifrs17-result-snapshot,1.6 损失摊销,7,5,20864861.73436703,"20,864,861.73",
ifrs17-result-snapshot,1.6 损失摊销,7,6,1813597.7278349686,"1,813,597.73",
ifrs17-result-snapshot,1.6 损失摊销,7,7,22678459.462202,"22,678,459.46",
ifrs17-result-snapshot,1.6 损失摊销,7,8,0.08767550271173535,0.09,
ifrs17-result-snapshot,1.6 损失摊销,7,9,0.5260530162704121,0.526,
ifrs17-result-snapshot,1.6 损失摊销,7,10,0.44076619253824545,0.441,
ifrs17-result-snapshot,1.6 损失摊销,9,2,"""LC当期分配Ratio：""",LC当期分配Ratio：,
ifrs17-result-snapshot,1.6 损失摊销,10,2,"""分子：（ISE）当期保险部分流出释放，包括预期保成+预期维持费用；（RA）当期RA释放""",分子：（ISE）当期保险部分流出释放，包括预期保成+预期维持费用；（RA）当期RA释放,
ifrs17-result-snapshot,1.6 损失摊销,11,2,"""分母：PV保险部分流出+RA，即PV未来保成、PV未来维持费用、期初RA+NB RA""",分母：PV保险部分流出+RA，即PV未来保成、PV未来维持费用、期初RA+NB RA,
ifrs17-result-snapshot,1.6 损失摊销,13,2,"""LC摊销 = （LC_BOP + LC_NB）* LC当期分配ratio""",LC摊销 = （LC_BOP + LC_NB）* LC当期分配ratio,
ifrs17-result-snapshot,1.6 损失摊销,15,2,20241231,20241231,
ifrs17-result-snapshot,1.6 损失摊销,16,2,"""账户""",账户,
ifrs17-result-snapshot,1.6 损失摊销,16,3,"""LC_BOP""",LC_BOP,
ifrs17-result-snapshot,1.6 损失摊销,16,4,"""LC_NB""",LC_NB,
ifrs17-result-snapshot,1.6 损失摊销,16,5,"""LC_DISTR_ISE""",LC_DISTR_ISE,
ifrs17-result-snapshot,1.6 损失摊销,16,6,"""LC_DISTR_RA""",LC_DISTR_RA,
ifrs17-result-snapshot,1.6 损失摊销,16,7,"""LC_DISTR_TOTAL""",LC_DISTR_TOTAL,
ifrs17-result-snapshot,1.6 损失摊销,16,8,"""LC摊销比例%""",LC摊销比例%,
ifrs17-result-snapshot,1.6 损失摊销,17,1,0.4,0.4,
ifrs17-result-snapshot,1.6 损失摊销,17,2,"""传统""",传统,
ifrs17-result-snapshot,1.6 损失摊销,17,3,65838559.61368035,"65,838,559.61",
ifrs17-result-snapshot,1.6 损失摊销,17,4,16868971.967961602,"16,868,971.97",
ifrs17-result-snapshot,1.6 损失摊销,17,5,17398022.202920683,"17,398,022.2",
ifrs17-result-snapshot,1.6 损失摊销,17,6,1357704.5483099695,"1,357,704.55",
ifrs17-result-snapshot,1.6 损失摊销,17,7,18755726.75123065,"18,755,726.75",
ifrs17-result-snapshot,1.6 损失摊销,17,8,0.09070867618732674,0.09,
ifrs17-result-snapshot,1.6 损失摊销,18,1,0.8,0.8,
ifrs17-result-snapshot,1.6 损失摊销,18,2,"""分红1""",分红1,
ifrs17-result-snapshot,1.6 损失摊销,18,3,278808.42286601267,"278,808.42",
ifrs17-result-snapshot,1.6 损失摊销,18,4,1885040.4204720003,"1,885,040.42",
ifrs17-result-snapshot,1.6 损失摊销,18,5,280189.9878875954,"280,189.99",
ifrs17-result-snapshot,1.6 损失摊销,18,6,22691.862758469942,"22,691.86",
ifrs17-result-snapshot,1.6 损失摊销,18,7,302881.8506460653,"302,881.85",
ifrs17-result-snapshot,1.6 损失摊销,18,8,0.05598946554489111,0.06,
ifrs17-result-snapshot,1.6 损失摊销,19,1,1.2,1.2,
ifrs17-result-snapshot,1.6 损失摊销,19,2,"""分红2""",分红2,
ifrs17-result-snapshot,1.6 损失摊销,19,3,386903.5717889753,"386,903.57",
ifrs17-result-snapshot,1.6 损失摊销,19,4,34163.91802600001,"34,163.92",
ifrs17-result-snapshot,1.6 损失摊销,19,5,31254.264935767897,"31,254.26",
ifrs17-result-snapshot,1.6 损失摊销,19,6,5057.187420513946,"5,057.19",
ifrs17-result-snapshot,1.6 损失摊销,19,7,36311.45235628184,"36,311.45",
ifrs17-result-snapshot,1.6 损失摊销,19,8,0.03449466248010527,0.03,
ifrs17-result-snapshot,1.6 损失摊销,20,1,1.6,1.6,
ifrs17-result-snapshot,1.6 损失摊销,20,2,"""万能""",万能,
ifrs17-result-snapshot,1.6 损失摊销,20,3,976173.715018519,"976,173.72",
ifrs17-result-snapshot,1.6 损失摊销,20,4,6308233.491089202,"6,308,233.49",
ifrs17-result-snapshot,1.6 损失摊销,20,5,601211.6035312291,"601,211.6",
ifrs17-result-snapshot,1.6 损失摊销,20,6,42833.153172682956,"42,833.15",
ifrs17-result-snapshot,1.6 损失摊销,20,7,644044.756703912,"644,044.76",
ifrs17-result-snapshot,1.6 损失摊销,20,8,0.035365664685186905,0.04,
ifrs17-result-snapshot,1.6 损失摊销,21,1,2,2,
ifrs17-result-snapshot,1.6 损失摊销,21,2,"""投连""",投连,
ifrs17-result-snapshot,1.6 损失摊销,21,3,-2.1827872842550278e-11,(0),
ifrs17-result-snapshot,1.6 损失摊销,21,4,0,0,
ifrs17-result-snapshot,1.6 损失摊销,21,5,-1.609539015809471e-12,(0),
ifrs17-result-snapshot,1.6 损失摊销,21,6,-9.6862168143925e-14,(0),
ifrs17-result-snapshot,1.6 损失摊销,21,7,-1.706401183953396e-12,(0),
ifrs17-result-snapshot,1.6 损失摊销,21,8,0.03127013239012487,0.03,
ifrs17-result-snapshot,1.6 损失摊销,22,2,"""公司""",公司,
ifrs17-result-snapshot,1.6 损失摊销,22,3,67480445.32335386,"67,480,445.32",
ifrs17-result-snapshot,1.6 损失摊销,22,4,25096409.79754881,"25,096,409.8",
ifrs17-result-snapshot,1.6 损失摊销,22,5,18310678.059275273,"18,310,678.06",
ifrs17-result-snapshot,1.6 损失摊销,22,6,1428286.7516616364,"1,428,286.75",
ifrs17-result-snapshot,1.6 损失摊销,22,7,19738964.810936913,"19,738,964.81",
ifrs17-result-snapshot,1.6 损失摊销,22,8,0.08528682373216676,0.09,
ifrs17-result-snapshot,1.7 获取费用摊销,0,2,202502,202502,
ifrs17-result-snapshot,1.7 获取费用摊销,1,0,"""获取费用摊销""",获取费用摊销,
ifrs17-result-snapshot,1.7 获取费用摊销,1,2,"""账户""",账户,
ifrs17-result-snapshot,1.7 获取费用摊销,1,3,"""IACF_BOP""",IACF_BOP,
ifrs17-result-snapshot,1.7 获取费用摊销,1,4,"""IACF_NB""",IACF_NB,
ifrs17-result-snapshot,1.7 获取费用摊销,1,5,"""IACF_VAR""",IACF_VAR,
ifrs17-result-snapshot,1.7 获取费用摊销,1,6,"""IACF_RELSE""",IACF_RELSE,
ifrs17-result-snapshot,1.7 获取费用摊销,1,7,"""IACF摊销比例%""",IACF摊销比例%,
ifrs17-result-snapshot,1.7 获取费用摊销,2,1,0.4,0.4,
ifrs17-result-snapshot,1.7 获取费用摊销,2,2,"""传统""",传统,
ifrs17-result-snapshot,1.7 获取费用摊销,2,3,718755357.0843375,"718,755,357.08",
ifrs17-result-snapshot,1.7 获取费用摊销,2,4,83331372.33225557,"83,331,372.33",
ifrs17-result-snapshot,1.7 获取费用摊销,2,5,-347122.42028795124,"(347,122.42)",
ifrs17-result-snapshot,1.7 获取费用摊销,2,6,31465179.680719793,"31,465,179.68",
ifrs17-result-snapshot,1.7 获取费用摊销,2,7,0.01569845341611759,0.016,
ifrs17-result-snapshot,1.7 获取费用摊销,2,8,0.09419072049670554,0.094,
ifrs17-result-snapshot,1.7 获取费用摊销,2,9,0.07900456106777448,0.079,
ifrs17-result-snapshot,1.7 获取费用摊销,3,1,0.8,0.8,
ifrs17-result-snapshot,1.7 获取费用摊销,3,2,"""分红1""",分红1,
ifrs17-result-snapshot,1.7 获取费用摊销,3,3,174820981.2901918,"174,820,981.29",
ifrs17-result-snapshot,1.7 获取费用摊销,3,4,312096229.9541446,"312,096,229.95",
ifrs17-result-snapshot,1.7 获取费用摊销,3,5,-22067715.176576342,"(22,067,715.18)",
ifrs17-result-snapshot,1.7 获取费用摊销,3,6,11131818.318081336,"11,131,818.32",
ifrs17-result-snapshot,1.7 获取费用摊销,3,7,0.009578858028026067,0.010,
ifrs17-result-snapshot,1.7 获取费用摊销,3,8,0.05747314816815639,0.057473,
ifrs17-result-snapshot,1.7 获取费用摊销,3,9,0.04913969045828327,0.049140,
ifrs17-result-snapshot,1.7 获取费用摊销,4,1,1.2,1.2,
ifrs17-result-snapshot,1.7 获取费用摊销,4,2,"""分红2""",分红2,
ifrs17-result-snapshot,1.7 获取费用摊销,4,3,770765.424314,"770,765.42",
ifrs17-result-snapshot,1.7 获取费用摊销,4,4,0,0,
ifrs17-result-snapshot,1.7 获取费用摊销,4,5,-265.9905831392749,(265.99),
ifrs17-result-snapshot,1.7 获取费用摊销,4,6,195208.88875503192,"195,208.89",
ifrs17-result-snapshot,1.7 获取费用摊销,4,7,0.10134148330767981,0.101,
ifrs17-result-snapshot,1.7 获取费用摊销,4,8,0.6080488998460789,0.61,
ifrs17-result-snapshot,1.7 获取费用摊销,4,9,0.520966875867898,0.520967,
ifrs17-result-snapshot,1.7 获取费用摊销,5,1,1.6,1.6,
ifrs17-result-snapshot,1.7 获取费用摊销,5,2,"""万能""",万能,
ifrs17-result-snapshot,1.7 获取费用摊销,5,3,572332.6806853198,"572,332.68",
ifrs17-result-snapshot,1.7 获取费用摊销,5,4,32004.49374400014,"32,004.49",
ifrs17-result-snapshot,1.7 获取费用摊销,5,5,79609.58475676089,"79,609.58",
ifrs17-result-snapshot,1.7 获取费用摊销,5,6,47053.13179411963,"47,053.13",
ifrs17-result-snapshot,1.7 获取费用摊销,5,7,0.027518593318646267,0.028,
ifrs17-result-snapshot,1.7 获取费用摊销,5,8,0.1651115599118776,0.165,
ifrs17-result-snapshot,1.7 获取费用摊销,5,9,0.13675399969928104,0.137,
ifrs17-result-snapshot,1.7 获取费用摊销,6,1,2,2,
ifrs17-result-snapshot,1.7 获取费用摊销,6,2,"""投连""",投连,
ifrs17-result-snapshot,1.7 获取费用摊销,6,3,0,0,
ifrs17-result-snapshot,1.7 获取费用摊销,6,4,0,0,
ifrs17-result-snapshot,1.7 获取费用摊销,6,5,0,0,
ifrs17-result-snapshot,1.7 获取费用摊销,6,6,0,0,
ifrs17-result-snapshot,1.7 获取费用摊销,6,7,"""NA""",NA,
ifrs17-result-snapshot,1.7 获取费用摊销,7,2,"""公司""",公司,
ifrs17-result-snapshot,1.7 获取费用摊销,7,3,894919436.4795284,"894,919,436.48",
ifrs17-result-snapshot,1.7 获取费用摊销,7,4,395459606.7801441,"395,459,606.78",
ifrs17-result-snapshot,1.7 获取费用摊销,7,5,-22335494.002690673,"(22,335,494)",
ifrs17-result-snapshot,1.7 获取费用摊销,7,6,42839260.019350275,"42,839,260.02",
ifrs17-result-snapshot,1.7 获取费用摊销,7,7,0.013513498032288313,0.014,
ifrs17-result-snapshot,1.7 获取费用摊销,7,8,0.08108098819372987,0.081,
ifrs17-result-snapshot,1.7 获取费用摊销,7,9,0.06712914641953804,0.067,
ifrs17-result-snapshot,1.7 获取费用摊销,9,2,"""IACF当期摊销Ratio：""",IACF当期摊销Ratio：,
ifrs17-result-snapshot,1.7 获取费用摊销,10,2,"""分子：当期新契约件数 + 有效契约期初件数 """,分子：当期新契约件数 + 有效契约期初件数 ,
ifrs17-result-snapshot,1.7 获取费用摊销,11,2,"""分母：当期新契约件数 + 有效契约期初件数 + 预期未来各期间件数总和 """,分母：当期新契约件数 + 有效契约期初件数 + 预期未来各期间件数总和 ,
ifrs17-result-snapshot,1.7 获取费用摊销,13,2,"""IACF摊销 = ( IACF_NB + IACF_BOP + IACF_VAR) * IACF当期摊销RATIO""",IACF摊销 = ( IACF_NB + IACF_BOP + IACF_VAR) * IACF当期摊销RATIO,
ifrs17-result-snapshot,1.7 获取费用摊销,15,2,20241231,20241231,
ifrs17-result-snapshot,1.7 获取费用摊销,16,2,"""账户""",账户,
ifrs17-result-snapshot,1.7 获取费用摊销,16,3,"""IACF_BOP""",IACF_BOP,
ifrs17-result-snapshot,1.7 获取费用摊销,16,4,"""IACF_NB""",IACF_NB,
ifrs17-result-snapshot,1.7 获取费用摊销,16,5,"""IACF_VAR""",IACF_VAR,
ifrs17-result-snapshot,1.7 获取费用摊销,16,6,"""IACF_RELSE""",IACF_RELSE,
ifrs17-result-snapshot,1.7 获取费用摊销,16,7,"""IACF摊销比例%""",IACF摊销比例%,
ifrs17-result-snapshot,1.7 获取费用摊销,17,1,0.4,0.4,
ifrs17-result-snapshot,1.7 获取费用摊销,17,2,"""传统""",传统,
ifrs17-result-snapshot,1.7 获取费用摊销,17,3,574740062.1947793,"574,740,062.19",
ifrs17-result-snapshot,1.7 获取费用摊销,17,4,181223814.97896445,"181,223,814.98",
ifrs17-result-snapshot,1.7 获取费用摊销,17,5,-8843808.933701793,"(8,843,808.93)",
ifrs17-result-snapshot,1.7 获取费用摊销,17,6,28364711.17211781,"28,364,711.17",
ifrs17-result-snapshot,1.7 获取费用摊销,17,7,0.015186159428931053,0.015,
ifrs17-result-snapshot,1.7 获取费用摊销,18,1,0.8,0.8,
ifrs17-result-snapshot,1.7 获取费用摊销,18,2,"""分红1""",分红1,
ifrs17-result-snapshot,1.7 获取费用摊销,18,3,11267132.675741617,"11,267,132.68",
ifrs17-result-snapshot,1.7 获取费用摊销,18,4,172353696.48200548,"172,353,696.48",
ifrs17-result-snapshot,1.7 获取费用摊销,18,5,-5080195.822595844,"(5,080,195.82)",
ifrs17-result-snapshot,1.7 获取费用摊销,18,6,3719652.043481116,"3,719,652.04",
ifrs17-result-snapshot,1.7 获取费用摊销,18,7,0.008333457709873121,0.008,
ifrs17-result-snapshot,1.7 获取费用摊销,19,1,1.2,1.2,
ifrs17-result-snapshot,1.7 获取费用摊销,19,2,"""分红2""",分红2,
ifrs17-result-snapshot,1.7 获取费用摊销,19,3,931859.140724798,"931,859.14",
ifrs17-result-snapshot,1.7 获取费用摊销,19,4,60326.86114879999,"60,326.86",
ifrs17-result-snapshot,1.7 获取费用摊销,19,5,-6924.06944283405,"(6,924.07)",
ifrs17-result-snapshot,1.7 获取费用摊销,19,6,214496.50806181147,"214,496.51",
ifrs17-result-snapshot,1.7 获取费用摊销,19,7,0.08708202397818085,0.087,
ifrs17-result-snapshot,1.7 获取费用摊销,20,1,1.6,1.6,
ifrs17-result-snapshot,1.7 获取费用摊销,20,2,"""万能""",万能,
ifrs17-result-snapshot,1.7 获取费用摊销,20,3,424653.55587911035,"424,653.56",
ifrs17-result-snapshot,1.7 获取费用摊销,20,4,84915.00119599988,"84,915",
ifrs17-result-snapshot,1.7 获取费用摊销,20,5,106435.01994578066,"106,435.02",
ifrs17-result-snapshot,1.7 获取费用摊销,20,6,43670.89631636196,"43,670.9",
ifrs17-result-snapshot,1.7 获取费用摊销,20,7,0.028357560212596573,0.028,
ifrs17-result-snapshot,1.7 获取费用摊销,21,1,2,2,
ifrs17-result-snapshot,1.7 获取费用摊销,21,2,"""投连""",投连,
ifrs17-result-snapshot,1.7 获取费用摊销,21,3,0,0,
ifrs17-result-snapshot,1.7 获取费用摊销,21,4,0,0,
ifrs17-result-snapshot,1.7 获取费用摊销,21,5,0,0,
ifrs17-result-snapshot,1.7 获取费用摊销,21,6,0,0,
ifrs17-result-snapshot,1.7 获取费用摊销,21,7,"""NA""",NA,
ifrs17-result-snapshot,1.7 获取费用摊销,22,2,"""公司""",公司,
ifrs17-result-snapshot,1.7 获取费用摊销,22,3,587363707.5671247,"587,363,707.57",
ifrs17-result-snapshot,1.7 获取费用摊销,22,4,353722753.3233147,"353,722,753.32",
ifrs17-result-snapshot,1.7 获取费用摊销,22,5,-13824493.805794692,"(13,824,493.81)",
ifrs17-result-snapshot,1.7 获取费用摊销,22,6,32342530.619977105,"32,342,530.62",
ifrs17-result-snapshot,1.7 获取费用摊销,22,7,0.013951841774191837,0.014,
ifrs17-result-snapshot,1.8 保险成分预实偏差,1,0,"""保险成分预实偏差：""",保险成分预实偏差：,
ifrs17-result-snapshot,1.8 保险成分预实偏差,1,3,"""公司""",公司,
ifrs17-result-snapshot,1.8 保险成分预实偏差,1,5,"""传统""",传统,
ifrs17-result-snapshot,1.8 保险成分预实偏差,1,7,"""分红1""",分红1,
ifrs17-result-snapshot,1.8 保险成分预实偏差,1,9,"""分红2""",分红2,
ifrs17-result-snapshot,1.8 保险成分预实偏差,1,11,"""万能""",万能,
ifrs17-result-snapshot,1.8 保险成分预实偏差,2,3,20250228,20250228,
ifrs17-result-snapshot,1.8 保险成分预实偏差,2,4,20241231,20241231,
ifrs17-result-snapshot,1.8 保险成分预实偏差,2,5,20250228,20250228,
ifrs17-result-snapshot,1.8 保险成分预实偏差,2,6,20241231,20241231,
ifrs17-result-snapshot,1.8 保险成分预实偏差,2,7,20250228,20250228,
ifrs17-result-snapshot,1.8 保险成分预实偏差,2,8,20241231,20241231,
ifrs17-result-snapshot,1.8 保险成分预实偏差,2,9,20250228,20250228,
ifrs17-result-snapshot,1.8 保险成分预实偏差,2,10,20241231,20241231,
ifrs17-result-snapshot,1.8 保险成分预实偏差,2,11,20250228,20250228,
ifrs17-result-snapshot,1.8 保险成分预实偏差,2,12,20241231,20241231,
ifrs17-result-snapshot,1.8 保险成分预实偏差,3,2,"""死伤医疗（保成）\r\n预实偏差""","死伤医疗（保成）
预实偏差",
ifrs17-result-snapshot,1.8 保险成分预实偏差,3,3,378.7228002541358,378.72,
ifrs17-result-snapshot,1.8 保险成分预实偏差,3,4,318.49777054789354,318.5,
ifrs17-result-snapshot,1.8 保险成分预实偏差,3,5,275.8637803329977,275.86,
ifrs17-result-snapshot,1.8 保险成分预实偏差,3,6,322.6952409255806,322.7,
ifrs17-result-snapshot,1.8 保险成分预实偏差,3,7,98.6493622268943,98.65,
ifrs17-result-snapshot,1.8 保险成分预实偏差,3,8,21.464754393176644,21.46,
ifrs17-result-snapshot,1.8 保险成分预实偏差,3,9,7.929732326200001,7.93,
ifrs17-result-snapshot,1.8 保险成分预实偏差,3,10,7.96306076796,7.96,
ifrs17-result-snapshot,1.8 保险成分预实偏差,3,11,-4.054104092236438,(4.05),
ifrs17-result-snapshot,1.8 保险成分预实偏差,3,12,-33.93310332646378,(33.93),
ifrs17-result-snapshot,1.8 保险成分预实偏差,4,2,"""非死伤医疗（保成）\r\n预实偏差""","非死伤医疗（保成）
预实偏差",
ifrs17-result-snapshot,1.8 保险成分预实偏差,4,3,-13.43385114669195,(13.43),
ifrs17-result-snapshot,1.8 保险成分预实偏差,4,4,11.723229865799476,11.72,
ifrs17-result-snapshot,1.8 保险成分预实偏差,4,5,-3.8244938977990386,(3.82),
ifrs17-result-snapshot,1.8 保险成分预实偏差,4,6,-18.44338465468045,(18.44),
ifrs17-result-snapshot,1.8 保险成分预实偏差,4,7,-9.484895368732486,(9.48),
ifrs17-result-snapshot,1.8 保险成分预实偏差,4,8,30.15336285132016,30.15,
ifrs17-result-snapshot,1.8 保险成分预实偏差,4,9,0,0,
ifrs17-result-snapshot,1.8 保险成分预实偏差,4,10,0,0,
ifrs17-result-snapshot,1.8 保险成分预实偏差,4,11,-0.12446188015910309,(0.12),
ifrs17-result-snapshot,1.8 保险成分预实偏差,4,12,0.013251669159706126,0.01,
ifrs17-result-snapshot,1.8 保险成分预实偏差,5,2,"""长险未决提转差""",长险未决提转差,
ifrs17-result-snapshot,1.8 保险成分预实偏差,5,3,-2697.5852827477447,"(2,697.59)",
ifrs17-result-snapshot,1.8 保险成分预实偏差,5,4,-1106.8942086419488,"(1,106.89)",
ifrs17-result-snapshot,1.8 保险成分预实偏差,5,5,-2601.228230371181,"(2,601.23)",
ifrs17-result-snapshot,1.8 保险成分预实偏差,5,6,-1047.0180188345423,"(1,047.02)",
ifrs17-result-snapshot,1.8 保险成分预实偏差,5,7,-27.130011092294154,(27.13),
ifrs17-result-snapshot,1.8 保险成分预实偏差,5,8,-45.90577354520888,(45.91),
ifrs17-result-snapshot,1.8 保险成分预实偏差,5,9,0,0,
ifrs17-result-snapshot,1.8 保险成分预实偏差,5,10,0,0,
ifrs17-result-snapshot,1.8 保险成分预实偏差,5,11,-69.22704128426955,(69.23),
ifrs17-result-snapshot,1.8 保险成分预实偏差,5,12,-13.970416262197682,(13.97),
ifrs17-result-snapshot,1.8 保险成分预实偏差,6,2,"""赔付保险成分\r\n预实偏差""","赔付保险成分
预实偏差",
ifrs17-result-snapshot,1.8 保险成分预实偏差,6,3,-2332.296333640301,"(2,332.3)",
ifrs17-result-snapshot,1.8 保险成分预实偏差,6,4,-776.6732082282557,(776.67),
ifrs17-result-snapshot,1.8 保险成分预实偏差,6,5,-2329.1889439359825,"(2,329.19)",
ifrs17-result-snapshot,1.8 保险成分预实偏差,6,6,-742.7661625636422,(742.77),
ifrs17-result-snapshot,1.8 保险成分预实偏差,6,7,62.03445576586766,62.03,
ifrs17-result-snapshot,1.8 保险成分预实偏差,6,8,5.712343699287925,5.71,
ifrs17-result-snapshot,1.8 保险成分预实偏差,6,9,7.929732326200001,7.93,
ifrs17-result-snapshot,1.8 保险成分预实偏差,6,10,7.96306076796,7.96,
ifrs17-result-snapshot,1.8 保险成分预实偏差,6,11,-73.40560725666509,(73.41),
ifrs17-result-snapshot,1.8 保险成分预实偏差,6,12,-47.89026791950175,(47.89),
ifrs17-result-snapshot,1.8 保险成分预实偏差,7,5,-1720.8983750212087,"(1,720.9)",
ifrs17-result-snapshot,2. 投资服务业绩,0,3,"""公司""",公司,
ifrs17-result-snapshot,2. 投资服务业绩,0,5,"""传统""",传统,
ifrs17-result-snapshot,2. 投资服务业绩,0,7,"""分红VFA""",分红VFA,
ifrs17-result-snapshot,2. 投资服务业绩,0,9,"""分红MBBA""",分红MBBA,
ifrs17-result-snapshot,2. 投资服务业绩,0,11,"""万能""",万能,
ifrs17-result-snapshot,2. 投资服务业绩,0,13,"""投连""",投连,
ifrs17-result-snapshot,2. 投资服务业绩,1,0,"""投资服务业绩""",投资服务业绩,
ifrs17-result-snapshot,2. 投资服务业绩,1,3,"""公司""",公司,
ifrs17-result-snapshot,2. 投资服务业绩,1,4,"""2412_old""",2412_old,
ifrs17-result-snapshot,2. 投资服务业绩,1,5,"""传统""",传统,
ifrs17-result-snapshot,2. 投资服务业绩,1,6,"""2412_old""",2412_old,
ifrs17-result-snapshot,2. 投资服务业绩,1,7,"""分红1""",分红1,
ifrs17-result-snapshot,2. 投资服务业绩,1,8,"""2412_old""",2412_old,
ifrs17-result-snapshot,2. 投资服务业绩,1,9,"""分红2""",分红2,
ifrs17-result-snapshot,2. 投资服务业绩,1,10,"""2412_old""",2412_old,
ifrs17-result-snapshot,2. 投资服务业绩,1,11,"""万能""",万能,
ifrs17-result-snapshot,2. 投资服务业绩,1,12,"""2412_old""",2412_old,
ifrs17-result-snapshot,2. 投资服务业绩,1,13,"""2412_new""",2412_new,
ifrs17-result-snapshot,2. 投资服务业绩,1,14,"""2412_old""",2412_old,
ifrs17-result-snapshot,2. 投资服务业绩,1,21,"""OCI""",OCI,
ifrs17-result-snapshot,2. 投资服务业绩,2,2,"""投资收益""",投资收益,
ifrs17-result-snapshot,2. 投资服务业绩,2,3,20250228,20250228,
ifrs17-result-snapshot,2. 投资服务业绩,2,4,20241231,20241231,
ifrs17-result-snapshot,2. 投资服务业绩,2,5,20250228,20250228,
ifrs17-result-snapshot,2. 投资服务业绩,2,6,20241231,20241231,
ifrs17-result-snapshot,2. 投资服务业绩,2,7,20250228,20250228,
ifrs17-result-snapshot,2. 投资服务业绩,2,8,20241231,20241231,
ifrs17-result-snapshot,2. 投资服务业绩,2,9,20250228,20250228,
ifrs17-result-snapshot,2. 投资服务业绩,2,10,20241231,20241231,
ifrs17-result-snapshot,2. 投资服务业绩,2,11,20250228,20250228,
ifrs17-result-snapshot,2. 投资服务业绩,2,12,20241231,20241231,
ifrs17-result-snapshot,2. 投资服务业绩,2,13,213.2844712,213.28,
ifrs17-result-snapshot,2. 投资服务业绩,2,14,213.2844712,213.28,
ifrs17-result-snapshot,2. 投资服务业绩,3,2,"""投资收益""",投资收益,
ifrs17-result-snapshot,2. 投资服务业绩,3,3,87087.09339014011,"87,087.09",
ifrs17-result-snapshot,2. 投资服务业绩,3,4,"""#REF!""",#REF!,
ifrs17-result-snapshot,2. 投资服务业绩,3,5,63678.602439681476,"63,678.6",
ifrs17-result-snapshot,2. 投资服务业绩,3,6,"""#REF!""",#REF!,
ifrs17-result-snapshot,2. 投资服务业绩,3,7,10787.899604374277,"10,787.9",
ifrs17-result-snapshot,2. 投资服务业绩,3,8,"""#REF!""",#REF!,
ifrs17-result-snapshot,2. 投资服务业绩,3,9,668.9185245281765,668.92,
ifrs17-result-snapshot,2. 投资服务业绩,3,10,"""#REF!""",#REF!,
ifrs17-result-snapshot,2. 投资服务业绩,3,11,11791.701874547241,"11,791.7",
ifrs17-result-snapshot,2. 投资服务业绩,3,12,"""#REF!""",#REF!,
ifrs17-result-snapshot,2. 投资服务业绩,3,13,-213.28447120000004,(213.28),
ifrs17-result-snapshot,2. 投资服务业绩,3,14,-213.28447119999996,(213.28),
ifrs17-result-snapshot,2. 投资服务业绩,4,2,"""保险金融负债成本""",保险金融负债成本,
ifrs17-result-snapshot,2. 投资服务业绩,4,3,-41828.11373059617,"(41,828.11)",
ifrs17-result-snapshot,2. 投资服务业绩,4,4,"""#REF!""",#REF!,
ifrs17-result-snapshot,2. 投资服务业绩,4,5,-21141.037159132335,"(21,141.04)",
ifrs17-result-snapshot,2. 投资服务业绩,4,6,"""#REF!""",#REF!,
ifrs17-result-snapshot,2. 投资服务业绩,4,7,-9809.72450262087,"(9,809.72)",
ifrs17-result-snapshot,2. 投资服务业绩,4,8,"""#REF!""",#REF!,
ifrs17-result-snapshot,2. 投资服务业绩,4,9,-577.9371953365988,(577.94),
ifrs17-result-snapshot,2. 投资服务业绩,4,10,"""#REF!""",#REF!,
ifrs17-result-snapshot,2. 投资服务业绩,4,11,-10139.718915697418,"(10,139.72)",
ifrs17-result-snapshot,2. 投资服务业绩,4,12,"""#REF!""",#REF!,
ifrs17-result-snapshot,2. 投资服务业绩,4,13,0,0,
ifrs17-result-snapshot,2. 投资服务业绩,4,14,0,0,
ifrs17-result-snapshot,2. 投资服务业绩,5,2,"""投资利润""",投资利润,
ifrs17-result-snapshot,2. 投资服务业绩,5,3,45258.97965954394,"45,258.98",
ifrs17-result-snapshot,2. 投资服务业绩,5,4,"""#REF!""",#REF!,
ifrs17-result-snapshot,2. 投资服务业绩,5,5,42537.56528054914,"42,537.57",
ifrs17-result-snapshot,2. 投资服务业绩,5,6,"""#REF!""",#REF!,
ifrs17-result-snapshot,2. 投资服务业绩,5,7,978.1751017534086,978.18,
ifrs17-result-snapshot,2. 投资服务业绩,5,8,"""#REF!""",#REF!,
ifrs17-result-snapshot,2. 投资服务业绩,5,9,90.9813291915776,90.98,
ifrs17-result-snapshot,2. 投资服务业绩,5,10,"""#REF!""",#REF!,
ifrs17-result-snapshot,2. 投资服务业绩,5,11,1651.9829588498221,"1,651.98",
ifrs17-result-snapshot,2. 投资服务业绩,5,12,"""#REF!""",#REF!,
ifrs17-result-snapshot,2. 投资服务业绩,6,2,"""CHECK1""",CHECK1,
ifrs17-result-snapshot,2. 投资服务业绩,6,3,0,0,
ifrs17-result-snapshot,2. 投资服务业绩,6,4,"""#REF!""",#REF!,
ifrs17-result-snapshot,2. 投资服务业绩,6,11,0.012666666666666668,0.012667,
ifrs17-result-snapshot,2. 投资服务业绩,7,5,"""#REF!""",#REF!,
ifrs17-result-snapshot,2. 投资服务业绩,7,7,"""#REF!""",#REF!,
ifrs17-result-snapshot,2. 投资服务业绩,7,9,"""#REF!""",#REF!,
ifrs17-result-snapshot,2. 投资服务业绩,7,11,"""#REF!""",#REF!,
ifrs17-result-snapshot,2. 投资服务业绩,8,5,0.3759480713045998,0.38,
ifrs17-result-snapshot,2. 投资服务业绩,8,7,0.00864513613971531,0.01,
ifrs17-result-snapshot,2. 投资服务业绩,8,9,0.0008040952745817549,0,
ifrs17-result-snapshot,2. 投资服务业绩,8,11,0.01460026691964066,0.01,
ifrs17-result-snapshot,2.0 IFIE细项拆分,0,0,"""单位：元""",单位：元,
ifrs17-result-snapshot,2.0 IFIE细项拆分,0,6,5335676.7955353735,"5,335,676.8",
ifrs17-result-snapshot,2.0 IFIE细项拆分,1,0,"""项目""",项目,
ifrs17-result-snapshot,2.0 IFIE细项拆分,1,1,"""中文变量释义""",中文变量释义,
ifrs17-result-snapshot,2.0 IFIE细项拆分,1,2,"""sourceVariable""",sourceVariable,
ifrs17-result-snapshot,2.0 IFIE细项拆分,1,3,"""csm_method""",csm_method,
ifrs17-result-snapshot,2.0 IFIE细项拆分,1,4,"""var_sign""", var_sign ,
ifrs17-result-snapshot,2.0 IFIE细项拆分,1,5,"""CGAAP""", CGAAP ,
ifrs17-result-snapshot,2.0 IFIE细项拆分,1,6,"""I17""", I17 ,
ifrs17-result-snapshot,2.0 IFIE细项拆分,1,7,"""传统账户""", 传统账户 ,
ifrs17-result-snapshot,2.0 IFIE细项拆分,1,8,"""分红账户1""", 分红账户1 ,
ifrs17-result-snapshot,2.0 IFIE细项拆分,1,9,"""分红账户2""", 分红账户2 ,
ifrs17-result-snapshot,2.0 IFIE细项拆分,1,10,"""万能账户""", 万能账户 ,
ifrs17-result-snapshot,2.0 IFIE细项拆分,1,11,"""投连账户""", 投连账户 ,
ifrs17-result-snapshot,2.0 IFIE细项拆分,1,12,"""短期险""", 短期险 ,
ifrs17-result-snapshot,2.0 IFIE细项拆分,2,0,"""保险合同金融变动额""",保险合同金融变动额,
ifrs17-result-snapshot,2.0 IFIE细项拆分,2,5,-184464183.7893203,"(184,464,183.79)",
ifrs17-result-snapshot,2.0 IFIE细项拆分,2,6,-179128506.99378493,"(179,128,506.99)",
ifrs17-result-snapshot,2.0 IFIE细项拆分,2,7,-42969089.67811172,"(42,969,089.68)",
ifrs17-result-snapshot,2.0 IFIE细项拆分,2,8,-64376974.42783986,"(64,376,974.43)",
ifrs17-result-snapshot,2.0 IFIE细项拆分,2,9,-9303295.640166009,"(9,303,295.64)",
ifrs17-result-snapshot,2.0 IFIE细项拆分,2,10,-60882187.66957791,"(60,882,187.67)",
ifrs17-result-snapshot,2.0 IFIE细项拆分,2,11,-1599709.4700894388,"(1,599,709.47)",
ifrs17-result-snapshot,2.0 IFIE细项拆分,2,12,2749.8920000008748,"2,749.89",
ifrs17-result-snapshot,2.0 IFIE细项拆分,3,0,"""计入损益的保险合同金融变动额""",计入损益的保险合同金融变动额,
ifrs17-result-snapshot,2.0 IFIE细项拆分,3,5,-184464183.7893203,"(184,464,183.79)",
ifrs17-result-snapshot,2.0 IFIE细项拆分,3,6,-418283887.1979617,"(418,283,887.2)",
ifrs17-result-snapshot,2.0 IFIE细项拆分,3,7,-211410371.59132338,"(211,410,371.59)",
ifrs17-result-snapshot,2.0 IFIE细项拆分,3,8,-98097245.02620868,"(98,097,245.03)",
ifrs17-result-snapshot,2.0 IFIE细项拆分,3,9,-5779371.953365989,"(5,779,371.95)",
ifrs17-result-snapshot,2.0 IFIE细项拆分,3,10,-101397189.15697418,"(101,397,189.16)",
ifrs17-result-snapshot,2.0 IFIE细项拆分,3,11,-1599709.4700894388,"(1,599,709.47)",
ifrs17-result-snapshot,2.0 IFIE细项拆分,3,12,0,0,
ifrs17-result-snapshot,2.0 IFIE细项拆分,4,0,"""计入损益的保险合同金融变动额（BEL）""",计入损益的保险合同金融变动额（BEL）,
ifrs17-result-snapshot,2.0 IFIE细项拆分,4,1,"""M1表未来现金流量现值下的保险合同金融变动额（PL）""",M1表未来现金流量现值下的保险合同金融变动额（PL）,
ifrs17-result-snapshot,2.0 IFIE细项拆分,4,2,"""M1_GPV_IFIEPL""",M1_GPV_IFIEPL,
ifrs17-result-snapshot,2.0 IFIE细项拆分,4,4,"""""",,
ifrs17-result-snapshot,2.0 IFIE细项拆分,4,5,-184464183.7893203,"(184,464,183.79)",
ifrs17-result-snapshot,2.0 IFIE细项拆分,4,6,-367367482.7561727,"(367,367,482.76)",
ifrs17-result-snapshot,2.0 IFIE细项拆分,4,7,-162512099.78947315,"(162,512,099.79)",
ifrs17-result-snapshot,2.0 IFIE细项拆分,4,8,-98097245.02620868,"(98,097,245.03)",
ifrs17-result-snapshot,2.0 IFIE细项拆分,4,9,-5779371.953365989,"(5,779,371.95)",
ifrs17-result-snapshot,2.0 IFIE细项拆分,4,10,-99379056.51703542,"(99,379,056.52)",
ifrs17-result-snapshot,2.0 IFIE细项拆分,4,11,-1599709.4700894388,"(1,599,709.47)",
ifrs17-result-snapshot,2.0 IFIE细项拆分,5,0,"""计入损益的保险合同金融变动额（BEL）明细""",计入损益的保险合同金融变动额（BEL）明细,
ifrs17-result-snapshot,2.0 IFIE细项拆分,5,1,"""年初累计至评估时点的利润表口径下BEL的计息（在速赢内通过期初、期末BEL倒减期间现金流得到）""",年初累计至评估时点的利润表口径下BEL的计息（在速赢内通过期初、期末BEL倒减期间现金流得到）,
ifrs17-result-snapshot,2.0 IFIE细项拆分,5,2,"""BEL_INT_IFIE""",BEL_INT_IFIE,
ifrs17-result-snapshot,2.0 IFIE细项拆分,5,4,"""""",,
ifrs17-result-snapshot,2.0 IFIE细项拆分,5,5,-180590863.5577623,"(180,590,863.56)",
ifrs17-result-snapshot,2.0 IFIE细项拆分,5,6,-247317113.78391916,"(247,317,113.78)",
ifrs17-result-snapshot,2.0 IFIE细项拆分,5,7,-176646691.75516483,"(176,646,691.76)",
ifrs17-result-snapshot,2.0 IFIE细项拆分,5,10,-70670422.0287543,"(70,670,422.03)",
ifrs17-result-snapshot,2.0 IFIE细项拆分,6,1,"""基于发单月月初CR计算的当年新单BEL0""",基于发单月月初CR计算的当年新单BEL0,
ifrs17-result-snapshot,2.0 IFIE细项拆分,6,2,"""BEL_NB0_IR""",BEL_NB0_IR,
ifrs17-result-snapshot,2.0 IFIE细项拆分,6,3,"""BBA,MBBA,VFA""","BBA,MBBA,VFA",
ifrs17-result-snapshot,2.0 IFIE细项拆分,6,4,-0.4,(0.4),
ifrs17-result-snapshot,2.0 IFIE细项拆分,6,7,-115185907.50454359,"(115,185,907.5)",
ifrs17-result-snapshot,2.0 IFIE细项拆分,6,10,8943616.845431993,"8,943,616.85",
ifrs17-result-snapshot,2.0 IFIE细项拆分,7,1,"""基于LR计算的年初有效单的年初BEL""",基于LR计算的年初有效单的年初BEL,
ifrs17-result-snapshot,2.0 IFIE细项拆分,7,2,"""BEL_BOP_LR""",BEL_BOP_LR,
ifrs17-result-snapshot,2.0 IFIE细项拆分,7,3,"""BBA""",BBA,
ifrs17-result-snapshot,2.0 IFIE细项拆分,7,4,-0.4,(0.4),
ifrs17-result-snapshot,2.0 IFIE细项拆分,7,7,5274298042.0511465,"5,274,298,042.05",
ifrs17-result-snapshot,2.0 IFIE细项拆分,8,1,"""基于EIR计算的年初有效单的年初BEL""",基于EIR计算的年初有效单的年初BEL,
ifrs17-result-snapshot,2.0 IFIE细项拆分,8,2,"""BEL_BOP_EIR""",BEL_BOP_EIR,
ifrs17-result-snapshot,2.0 IFIE细项拆分,8,3,"""MBBA""",MBBA,
ifrs17-result-snapshot,2.0 IFIE细项拆分,8,4,-0.4,(0.4),
ifrs17-result-snapshot,2.0 IFIE细项拆分,8,10,2181466823.703734,"2,181,466,823.7",
ifrs17-result-snapshot,2.0 IFIE细项拆分,9,1,"""基于年初CR计算的年初有效单的年初BEL""",基于年初CR计算的年初有效单的年初BEL,
ifrs17-result-snapshot,2.0 IFIE细项拆分,9,2,"""BEL_BOP_CR""",BEL_BOP_CR,
ifrs17-result-snapshot,2.0 IFIE细项拆分,9,3,"""VFA""",VFA,
ifrs17-result-snapshot,2.0 IFIE细项拆分,9,4,-0.4,(0.4),
ifrs17-result-snapshot,2.0 IFIE细项拆分,10,1,"""年初累计至评估时点的年初有效单的YTD预期保费收入""",年初累计至评估时点的年初有效单的YTD预期保费收入,
ifrs17-result-snapshot,2.0 IFIE细项拆分,10,2,"""E_PREM_INC_IF""",E_PREM_INC_IF,
ifrs17-result-snapshot,2.0 IFIE细项拆分,10,3,"""BBA,MBBA,VFA""","BBA,MBBA,VFA",
ifrs17-result-snapshot,2.0 IFIE细项拆分,10,4,-0.4,(0.4),
ifrs17-result-snapshot,2.0 IFIE细项拆分,10,7,1829582493.8985806,"1,829,582,493.9",
ifrs17-result-snapshot,2.0 IFIE细项拆分,10,10,0,0,
ifrs17-result-snapshot,2.0 IFIE细项拆分,11,1,"""年初累计至评估时点的当年新单的YTD预期保费收入""",年初累计至评估时点的当年新单的YTD预期保费收入,
ifrs17-result-snapshot,2.0 IFIE细项拆分,11,2,"""E_PREM_INC_NB""",E_PREM_INC_NB,
ifrs17-result-snapshot,2.0 IFIE细项拆分,11,3,"""BBA,MBBA,VFA""","BBA,MBBA,VFA",
ifrs17-result-snapshot,2.0 IFIE细项拆分,11,4,-0.4,(0.4),
ifrs17-result-snapshot,2.0 IFIE细项拆分,11,7,548344200.8975943,"548,344,200.9",
ifrs17-result-snapshot,2.0 IFIE细项拆分,11,10,9399453.364,"9,399,453.36",
ifrs17-result-snapshot,2.0 IFIE细项拆分,12,1,"""年初累计至评估时点的年初有效单的YTD预期支出现金流（包括费用支出和理赔支出）""",年初累计至评估时点的年初有效单的YTD预期支出现金流（包括费用支出和理赔支出）,
ifrs17-result-snapshot,2.0 IFIE细项拆分,12,2,"""E_TOT_OUTGO_IF""",E_TOT_OUTGO_IF,
ifrs17-result-snapshot,2.0 IFIE细项拆分,12,3,"""BBA,MBBA,VFA""","BBA,MBBA,VFA",
ifrs17-result-snapshot,2.0 IFIE细项拆分,12,4,0.4,0.4,
ifrs17-result-snapshot,2.0 IFIE细项拆分,12,7,470542912.3395823,"470,542,912.34",
ifrs17-result-snapshot,2.0 IFIE细项拆分,12,10,213421886.5766676,"213,421,886.58",
ifrs17-result-snapshot,2.0 IFIE细项拆分,13,1,"""年初累计至评估时点的当年新单的YTD预期支出现金流（包括费用支出和理赔支出）""",年初累计至评估时点的当年新单的YTD预期支出现金流（包括费用支出和理赔支出）,
ifrs17-result-snapshot,2.0 IFIE细项拆分,13,2,"""E_TOT_OUTGO_NB""",E_TOT_OUTGO_NB,
ifrs17-result-snapshot,2.0 IFIE细项拆分,13,3,"""BBA,MBBA,VFA""","BBA,MBBA,VFA",
ifrs17-result-snapshot,2.0 IFIE细项拆分,13,4,0.4,0.4,
ifrs17-result-snapshot,2.0 IFIE细项拆分,13,7,89978865.01109959,"89,978,865.01",
ifrs17-result-snapshot,2.0 IFIE细项拆分,13,10,343654.4580504,"343,654.46",
ifrs17-result-snapshot,2.0 IFIE细项拆分,14,1,"""当年新单在发单时点基于发单月月初CR预测的评估月月末BEL""",当年新单在发单时点基于发单月月初CR预测的评估月月末BEL,
ifrs17-result-snapshot,2.0 IFIE细项拆分,14,2,"""BEL_NB_IR_PROJ""",BEL_NB_IR_PROJ,
ifrs17-result-snapshot,2.0 IFIE细项拆分,14,3,"""BBA,MBBA,VFA""","BBA,MBBA,VFA",
ifrs17-result-snapshot,2.0 IFIE细项拆分,14,4,0.4,0.4,
ifrs17-result-snapshot,2.0 IFIE细项拆分,14,7,345783146.0602733,"345,783,146.06",
ifrs17-result-snapshot,2.0 IFIE细项拆分,14,10,18166519.52113919,"18,166,519.52",
ifrs17-result-snapshot,2.0 IFIE细项拆分,15,1,"""年初有效单在年初基于LR预测的评估时点BEL""",年初有效单在年初基于LR预测的评估时点BEL,
ifrs17-result-snapshot,2.0 IFIE细项拆分,15,2,"""BEL_IF_LR_PROJ""",BEL_IF_LR_PROJ,
ifrs17-result-snapshot,2.0 IFIE细项拆分,15,3,"""BBA""",BBA,
ifrs17-result-snapshot,2.0 IFIE细项拆分,15,4,0.4,0.4,
ifrs17-result-snapshot,2.0 IFIE细项拆分,15,7,6807380597.686994,"6,807,380,597.69",
ifrs17-result-snapshot,2.0 IFIE细项拆分,16,1,"""年初有效单在年初基于EIR预测的评估时点BEL""",年初有效单在年初基于EIR预测的评估时点BEL,
ifrs17-result-snapshot,2.0 IFIE细项拆分,16,2,"""BEL_IF_EIR_PROJ""",BEL_IF_EIR_PROJ,
ifrs17-result-snapshot,2.0 IFIE细项拆分,16,3,"""MBBA""",MBBA,
ifrs17-result-snapshot,2.0 IFIE细项拆分,16,4,0.4,0.4,
ifrs17-result-snapshot,2.0 IFIE细项拆分,16,7,0,0,
ifrs17-result-snapshot,2.0 IFIE细项拆分,16,10,2038548255.3860626,"2,038,548,255.39",
ifrs17-result-snapshot,2.0 IFIE细项拆分,17,1,"""年初有效单在年初基于年初CR预测的评估时点BEL""",年初有效单在年初基于年初CR预测的评估时点BEL,
ifrs17-result-snapshot,2.0 IFIE细项拆分,17,2,"""BEL_IF_CR_PROJ""",BEL_IF_CR_PROJ,
ifrs17-result-snapshot,2.0 IFIE细项拆分,17,3,"""VFA""",VFA,
ifrs17-result-snapshot,2.0 IFIE细项拆分,17,4,0.4,0.4,
ifrs17-result-snapshot,2.0 IFIE细项拆分,17,7,0,0,
ifrs17-result-snapshot,2.0 IFIE细项拆分,18,2,"""BEL_INT_IFIE_DIFF""",BEL_INT_IFIE_DIFF,
ifrs17-result-snapshot,2.0 IFIE细项拆分,18,7,-0.000005602836608886719,(0),
ifrs17-result-snapshot,2.0 IFIE细项拆分,18,10,2.5033950805664064e-7,0,
ifrs17-result-snapshot,2.0 IFIE细项拆分,19,2,"""BEL_INT_IFIE_IF""",BEL_INT_IFIE_IF,
ifrs17-result-snapshot,2.0 IFIE细项拆分,19,7,174042974.0768486,"174,042,974.08",
ifrs17-result-snapshot,2.0 IFIE细项拆分,19,10,70503318.25899658,"70,503,318.26",
ifrs17-result-snapshot,2.0 IFIE细项拆分,20,2,"""BEL_INT_IFIE_NB""",BEL_INT_IFIE_NB,
ifrs17-result-snapshot,2.0 IFIE细项拆分,20,7,2603717.678322077,"2,603,717.68",
ifrs17-result-snapshot,2.0 IFIE细项拆分,20,10,167103.76975759567,"167,103.77",
ifrs17-result-snapshot,2.0 IFIE细项拆分,21,2,"""BEL_INT_IFIE_IF%""",BEL_INT_IFIE_IF%,
ifrs17-result-snapshot,2.0 IFIE细项拆分,21,7,0.011692865248052287,0.0117,
ifrs17-result-snapshot,2.0 IFIE细项拆分,21,10,0.01359260025230162,0.014,
ifrs17-result-snapshot,2.0 IFIE细项拆分,22,2,"""BEL_INT_IFIE_NB%""",BEL_INT_IFIE_NB%,
ifrs17-result-snapshot,2.0 IFIE细项拆分,22,7,0.009136111125621325,0.009136,
ifrs17-result-snapshot,2.0 IFIE细项拆分,22,10,0.004961691499489428,0.0050,
ifrs17-result-snapshot,2.0 IFIE细项拆分,22,19,"""BEL_VAR_IFIEPLBF""",BEL_VAR_IFIEPLBF,
ifrs17-result-snapshot,2.0 IFIE细项拆分,22,20,28706958.493740935,"28,706,958.49",
ifrs17-result-snapshot,2.0 IFIE细项拆分,23,2,"""BEL_INT_IFIE_IF%_CHK""",BEL_INT_IFIE_IF%_CHK,
ifrs17-result-snapshot,2.0 IFIE细项拆分,23,7,-0.009777284198029281,(0.009777),
ifrs17-result-snapshot,2.0 IFIE细项拆分,23,10,-0.011350574263300859,(0.011351),
ifrs17-result-snapshot,2.0 IFIE细项拆分,23,19,"""BEL_VAR_IFIEPLOCI""",BEL_VAR_IFIEPLOCI,
ifrs17-result-snapshot,2.0 IFIE细项拆分,23,20,-40515001.48739682,"(40,515,001.49)",
ifrs17-result-snapshot,2.0 IFIE细项拆分,24,2,"""BEL_INT_IFIE_NB%_CHK""",BEL_INT_IFIE_NB%_CHK,
ifrs17-result-snapshot,2.0 IFIE细项拆分,24,7,-0.008090462143857922,(0.0081),
ifrs17-result-snapshot,2.0 IFIE细项拆分,24,10,-0.0039095018762360986,(0.0039),
ifrs17-result-snapshot,2.0 IFIE细项拆分,25,1,"""经济假设变更及当期金融经验调整对BEL的影响中进IFIEPL的部分""",经济假设变更及当期金融经验调整对BEL的影响中进IFIEPL的部分,
ifrs17-result-snapshot,2.0 IFIE细项拆分,25,2,"""BEL_VAR_IFIEPL""",BEL_VAR_IFIEPL,
ifrs17-result-snapshot,2.0 IFIE细项拆分,25,4,"""""",,
ifrs17-result-snapshot,2.0 IFIE细项拆分,25,5,0,0,
ifrs17-result-snapshot,2.0 IFIE细项拆分,25,6,-29610607.288052928,"(29,610,607.29)",
ifrs17-result-snapshot,2.0 IFIE细项拆分,25,7,-903648.7943120791,"(903,648.79)",
ifrs17-result-snapshot,2.0 IFIE细项拆分,25,10,-28706958.49374085,"(28,706,958.49)",
ifrs17-result-snapshot,2.0 IFIE细项拆分,26,1,"""当年新单基于发单月月初CR计算的模型变更后的评估时点BEL""",当年新单基于发单月月初CR计算的模型变更后的评估时点BEL,
ifrs17-result-snapshot,2.0 IFIE细项拆分,26,2,"""BEL_NB_IR_MDLCHG""",BEL_NB_IR_MDLCHG,
ifrs17-result-snapshot,2.0 IFIE细项拆分,26,3,"""BBA,MBBA""","BBA,MBBA",
ifrs17-result-snapshot,2.0 IFIE细项拆分,26,4,-0.4,(0.4),
ifrs17-result-snapshot,2.0 IFIE细项拆分,26,7,345783146.0602745,"345,783,146.06",
ifrs17-result-snapshot,2.0 IFIE细项拆分,26,10,18166519.521139186,"18,166,519.52",
ifrs17-result-snapshot,2.0 IFIE细项拆分,26,11,-114877.01602441669,"(114,877.02)",
ifrs17-result-snapshot,2.0 IFIE细项拆分,26,14,"""t_liab_cfs_grp""",t_liab_cfs_grp,
ifrs17-result-snapshot,2.0 IFIE细项拆分,26,15,"""BEL_NB_IR_MDLCHG""",BEL_NB_IR_MDLCHG,
ifrs17-result-snapshot,2.0 IFIE细项拆分,26,16,"""current""",current,
ifrs17-result-snapshot,2.0 IFIE细项拆分,26,17,"""BBA,MBBA""","BBA,MBBA",
ifrs17-result-snapshot,2.0 IFIE细项拆分,26,18,-0.4,(0.4),
ifrs17-result-snapshot,2.0 IFIE细项拆分,26,19,"""BEL_VAR_IFIEPLBF""",BEL_VAR_IFIEPLBF,
ifrs17-result-snapshot,2.0 IFIE细项拆分,26,20,18166519.521139186,"18,166,519.52",
ifrs17-result-snapshot,2.0 IFIE细项拆分,26,22,-18166519.521139186,"(18,166,519.52)",
ifrs17-result-snapshot,2.0 IFIE细项拆分,26,23,"""LR模型变更 - CFC""",LR模型变更 - CFC,
ifrs17-result-snapshot,2.0 IFIE细项拆分,26,25,114877.01602441669,"114,877.02",
ifrs17-result-snapshot,2.0 IFIE细项拆分,26,26,-0.002529422675394521,(0.0025),
ifrs17-result-snapshot,2.0 IFIE细项拆分,27,1,"""当年新单基于当月加权平均LR计算的模型变更后的评估时点BEL""",当年新单基于当月加权平均LR计算的模型变更后的评估时点BEL,
ifrs17-result-snapshot,2.0 IFIE细项拆分,27,2,"""BEL_NB_LR_MDLCHG""",BEL_NB_LR_MDLCHG,
ifrs17-result-snapshot,2.0 IFIE细项拆分,27,3,"""BBA""",BBA,
ifrs17-result-snapshot,2.0 IFIE细项拆分,27,4,0.4,0.4,
ifrs17-result-snapshot,2.0 IFIE细项拆分,27,7,346686794.8545867,"346,686,794.85",
ifrs17-result-snapshot,2.0 IFIE细项拆分,27,14,"""t_liab_cfs_grp""",t_liab_cfs_grp,
ifrs17-result-snapshot,2.0 IFIE细项拆分,27,15,"""BEL_NB_LR_CFC_EXPCHG""",BEL_NB_LR_CFC_EXPCHG,
ifrs17-result-snapshot,2.0 IFIE细项拆分,27,16,"""current""",current,
ifrs17-result-snapshot,2.0 IFIE细项拆分,27,17,"""MBBA""",MBBA,
ifrs17-result-snapshot,2.0 IFIE细项拆分,27,18,0.4,0.4,
ifrs17-result-snapshot,2.0 IFIE细项拆分,27,19,"""BEL_VAR_IFIEPLBF""",BEL_VAR_IFIEPLBF,
ifrs17-result-snapshot,2.0 IFIE细项拆分,27,20,18281396.537163604,"18,281,396.54",
ifrs17-result-snapshot,2.0 IFIE细项拆分,27,22,18281396.537163604,"18,281,396.54",
ifrs17-result-snapshot,2.0 IFIE细项拆分,28,1,"""当年新单基于LR计算的调整当期金融经验后的评估时点BEL""",当年新单基于LR计算的调整当期金融经验后的评估时点BEL,
ifrs17-result-snapshot,2.0 IFIE细项拆分,28,2,"""BEL_NB_LR_CFC_EXPCHG""",BEL_NB_LR_CFC_EXPCHG,
ifrs17-result-snapshot,2.0 IFIE细项拆分,28,3,"""MBBA""",MBBA,
ifrs17-result-snapshot,2.0 IFIE细项拆分,28,4,0.4,0.4,
ifrs17-result-snapshot,2.0 IFIE细项拆分,28,10,18281396.537163604,"18,281,396.54",
ifrs17-result-snapshot,2.0 IFIE细项拆分,28,14,"""t_liab_cfs_grp""",t_liab_cfs_grp,
ifrs17-result-snapshot,2.0 IFIE细项拆分,28,15,"""BEL_IF_EIR_PROJ""",BEL_IF_EIR_PROJ,
ifrs17-result-snapshot,2.0 IFIE细项拆分,28,16,"""current""",current,
ifrs17-result-snapshot,2.0 IFIE细项拆分,28,17,"""MBBA""",MBBA,
ifrs17-result-snapshot,2.0 IFIE细项拆分,28,18,-0.4,(0.4),
ifrs17-result-snapshot,2.0 IFIE细项拆分,28,19,"""BEL_VAR_IFIEPLBF""",BEL_VAR_IFIEPLBF,
ifrs17-result-snapshot,2.0 IFIE细项拆分,28,20,2038548255.3860626,"2,038,548,255.39",
ifrs17-result-snapshot,2.0 IFIE细项拆分,28,22,-2038548255.3860626,"(2,038,548,255.39)",
ifrs17-result-snapshot,2.0 IFIE细项拆分,28,23,"""proj EIR - LR切换""",proj EIR - LR切换,
ifrs17-result-snapshot,2.0 IFIE细项拆分,28,25,-32602175.54254494,"(32,602,175.54)",
ifrs17-result-snapshot,2.0 IFIE细项拆分,29,1,"""年初有效单在年初基于EIR预测的评估时点BEL""",年初有效单在年初基于EIR预测的评估时点BEL,
ifrs17-result-snapshot,2.0 IFIE细项拆分,29,2,"""BEL_IF_EIR_PROJ""",BEL_IF_EIR_PROJ,
ifrs17-result-snapshot,2.0 IFIE细项拆分,29,3,"""MBBA""",MBBA,
ifrs17-result-snapshot,2.0 IFIE细项拆分,29,4,-0.4,(0.4),
ifrs17-result-snapshot,2.0 IFIE细项拆分,29,10,2038548255.3860626,"2,038,548,255.39",
ifrs17-result-snapshot,2.0 IFIE细项拆分,29,14,"""t_liab_cfs_grp""",t_liab_cfs_grp,
ifrs17-result-snapshot,2.0 IFIE细项拆分,29,15,"""BEL_IF_LR_PROJ""",BEL_IF_LR_PROJ,
ifrs17-result-snapshot,2.0 IFIE细项拆分,29,16,"""current""",current,
ifrs17-result-snapshot,2.0 IFIE细项拆分,29,17,"""MBBA""",MBBA,
ifrs17-result-snapshot,2.0 IFIE细项拆分,29,18,0.4,0.4,
ifrs17-result-snapshot,2.0 IFIE细项拆分,29,19,"""BEL_VAR_IFIEPLBF""",BEL_VAR_IFIEPLBF,
ifrs17-result-snapshot,2.0 IFIE细项拆分,29,20,2005946079.8435178,"2,005,946,079.84",
ifrs17-result-snapshot,2.0 IFIE细项拆分,29,22,2005946079.8435178,"2,005,946,079.84",
ifrs17-result-snapshot,2.0 IFIE细项拆分,30,1,"""年初有效单在年初基于LR预测的评估时点BEL""",年初有效单在年初基于LR预测的评估时点BEL,
ifrs17-result-snapshot,2.0 IFIE细项拆分,30,2,"""BEL_IF_LR_PROJ""",BEL_IF_LR_PROJ,
ifrs17-result-snapshot,2.0 IFIE细项拆分,30,3,"""MBBA""",MBBA,
ifrs17-result-snapshot,2.0 IFIE细项拆分,30,4,0.4,0.4,
ifrs17-result-snapshot,2.0 IFIE细项拆分,30,10,2005946079.8435178,"2,005,946,079.84",
ifrs17-result-snapshot,2.0 IFIE细项拆分,30,11,32602175.54254494,"32,602,175.54",
ifrs17-result-snapshot,2.0 IFIE细项拆分,30,14,"""t_liab_cfs_grp""",t_liab_cfs_grp,
ifrs17-result-snapshot,2.0 IFIE细项拆分,30,15,"""BEL_IF_LR_MDLCHG""",BEL_IF_LR_MDLCHG,
ifrs17-result-snapshot,2.0 IFIE细项拆分,30,16,"""current""",current,
ifrs17-result-snapshot,2.0 IFIE细项拆分,30,17,"""MBBA""",MBBA,
ifrs17-result-snapshot,2.0 IFIE细项拆分,30,18,-0.4,(0.4),
ifrs17-result-snapshot,2.0 IFIE细项拆分,30,19,"""BEL_VAR_IFIEPLBF""",BEL_VAR_IFIEPLBF,
ifrs17-result-snapshot,2.0 IFIE细项拆分,30,20,2005947817.6558063,"2,005,947,817.66",
ifrs17-result-snapshot,2.0 IFIE细项拆分,30,22,-2005947817.6558063,"(2,005,947,817.66)",
ifrs17-result-snapshot,2.0 IFIE细项拆分,30,24,0.01948208283227858,0.0195,
ifrs17-result-snapshot,2.0 IFIE细项拆分,30,25,26495430.18370972,"26,495,430.18",
ifrs17-result-snapshot,2.0 IFIE细项拆分,30,26,0.00528337376486151,0.0053,
ifrs17-result-snapshot,2.0 IFIE细项拆分,30,27,0.0052586569268310845,0.0053,
ifrs17-result-snapshot,2.0 IFIE细项拆分,31,1,"""年初有效单基于LR计算的模型变更后的评估时点BEL""",年初有效单基于LR计算的模型变更后的评估时点BEL,
ifrs17-result-snapshot,2.0 IFIE细项拆分,31,2,"""BEL_IF_LR_MDLCHG""",BEL_IF_LR_MDLCHG,
ifrs17-result-snapshot,2.0 IFIE细项拆分,31,3,"""MBBA""",MBBA,
ifrs17-result-snapshot,2.0 IFIE细项拆分,31,4,-0.4,(0.4),
ifrs17-result-snapshot,2.0 IFIE细项拆分,31,10,2005947817.6558063,"2,005,947,817.66",
ifrs17-result-snapshot,2.0 IFIE细项拆分,31,14,"""t_liab_cfs_grp""",t_liab_cfs_grp,
ifrs17-result-snapshot,2.0 IFIE细项拆分,31,15,"""BEL_IF_LR_CFC_EXPCHG""",BEL_IF_LR_CFC_EXPCHG,
ifrs17-result-snapshot,2.0 IFIE细项拆分,31,16,"""current""",current,
ifrs17-result-snapshot,2.0 IFIE细项拆分,31,17,"""MBBA""",MBBA,
ifrs17-result-snapshot,2.0 IFIE细项拆分,31,18,0.4,0.4,
ifrs17-result-snapshot,2.0 IFIE细项拆分,31,19,"""BEL_VAR_IFIEPLBF""",BEL_VAR_IFIEPLBF,
ifrs17-result-snapshot,2.0 IFIE细项拆分,31,20,2032443247.8395162,"2,032,443,247.84",
ifrs17-result-snapshot,2.0 IFIE细项拆分,31,22,2032443247.8395162,"2,032,443,247.84",
ifrs17-result-snapshot,2.0 IFIE细项拆分,32,1,"""年初有效单基于LR计算的调整当期金融经验后的评估时点BEL""",年初有效单基于LR计算的调整当期金融经验后的评估时点BEL,
ifrs17-result-snapshot,2.0 IFIE细项拆分,32,2,"""BEL_IF_LR_CFC_EXPCHG""",BEL_IF_LR_CFC_EXPCHG,
ifrs17-result-snapshot,2.0 IFIE细项拆分,32,3,"""MBBA""",MBBA,
ifrs17-result-snapshot,2.0 IFIE细项拆分,32,4,0.4,0.4,
ifrs17-result-snapshot,2.0 IFIE细项拆分,32,10,2032443247.8395162,"2,032,443,247.84",
ifrs17-result-snapshot,2.0 IFIE细项拆分,32,11,-26495430.18370972,"(26,495,430.18)",
ifrs17-result-snapshot,2.0 IFIE细项拆分,32,14,"""t_liab_cfs_grp""",t_liab_cfs_grp,
ifrs17-result-snapshot,2.0 IFIE细项拆分,32,15,"""BEL_IF_LR_DC_ASPCHG""",BEL_IF_LR_DC_ASPCHG,
ifrs17-result-snapshot,2.0 IFIE细项拆分,32,16,"""current""",current,
ifrs17-result-snapshot,2.0 IFIE细项拆分,32,17,"""MBBA""",MBBA,
ifrs17-result-snapshot,2.0 IFIE细项拆分,32,18,-0.4,(0.4),
ifrs17-result-snapshot,2.0 IFIE细项拆分,32,19,"""BEL_VAR_IFIEPLBF""",BEL_VAR_IFIEPLBF,
ifrs17-result-snapshot,2.0 IFIE细项拆分,32,20,2309079466.9729757,"2,309,079,466.97",
ifrs17-result-snapshot,2.0 IFIE细项拆分,32,22,-2309079466.9729757,"(2,309,079,466.97)",
ifrs17-result-snapshot,2.0 IFIE细项拆分,32,25,25131501.328702927,"25,131,501.33",
ifrs17-result-snapshot,2.0 IFIE细项拆分,33,1,"""基于LR计算的相机假设变更后的评估时点BEL""",基于LR计算的相机假设变更后的评估时点BEL,
ifrs17-result-snapshot,2.0 IFIE细项拆分,33,2,"""BEL_IF_LR_DC_ASPCHG""",BEL_IF_LR_DC_ASPCHG,
ifrs17-result-snapshot,2.0 IFIE细项拆分,33,3,"""MBBA""",MBBA,
ifrs17-result-snapshot,2.0 IFIE细项拆分,33,4,-0.4,(0.4),
ifrs17-result-snapshot,2.0 IFIE细项拆分,33,10,2309079466.9729757,"2,309,079,466.97",
ifrs17-result-snapshot,2.0 IFIE细项拆分,33,14,"""t_liab_cfs_grp""",t_liab_cfs_grp,
ifrs17-result-snapshot,2.0 IFIE细项拆分,33,15,"""BEL_IF_EIR_DC_ASPCHG""",BEL_IF_EIR_DC_ASPCHG,
ifrs17-result-snapshot,2.0 IFIE细项拆分,33,16,"""current""",current,
ifrs17-result-snapshot,2.0 IFIE细项拆分,33,17,"""MBBA""",MBBA,
ifrs17-result-snapshot,2.0 IFIE细项拆分,33,18,0.4,0.4,
ifrs17-result-snapshot,2.0 IFIE细项拆分,33,19,"""BEL_VAR_IFIEPLBF""",BEL_VAR_IFIEPLBF,
ifrs17-result-snapshot,2.0 IFIE细项拆分,33,20,2334210968.3016787,"2,334,210,968.3",
ifrs17-result-snapshot,2.0 IFIE细项拆分,33,22,2334210968.3016787,"2,334,210,968.3",
ifrs17-result-snapshot,2.0 IFIE细项拆分,33,23,"""期末LR - EIR切换""",期末LR - EIR切换,
ifrs17-result-snapshot,2.0 IFIE细项拆分,34,1,"""基于EIR计算的相机假设变更后的评估时点BEL""",基于EIR计算的相机假设变更后的评估时点BEL,
ifrs17-result-snapshot,2.0 IFIE细项拆分,34,2,"""BEL_IF_EIR_DC_ASPCHG""",BEL_IF_EIR_DC_ASPCHG,
ifrs17-result-snapshot,2.0 IFIE细项拆分,34,3,"""MBBA""",MBBA,
ifrs17-result-snapshot,2.0 IFIE细项拆分,34,4,0.4,0.4,
ifrs17-result-snapshot,2.0 IFIE细项拆分,34,10,2334210968.3016787,"2,334,210,968.3",
ifrs17-result-snapshot,2.0 IFIE细项拆分,34,11,-25131501.328702927,"(25,131,501.33)",
ifrs17-result-snapshot,2.0 IFIE细项拆分,34,14,"""t_liab_cfs_grp""",t_liab_cfs_grp,
ifrs17-result-snapshot,2.0 IFIE细项拆分,34,15,"""TVOG_NB0_IR""",TVOG_NB0_IR,
ifrs17-result-snapshot,2.0 IFIE细项拆分,34,16,"""current""",current,
ifrs17-result-snapshot,2.0 IFIE细项拆分,34,17,"""MBBA""",MBBA,
ifrs17-result-snapshot,2.0 IFIE细项拆分,34,18,-0.4,(0.4),
ifrs17-result-snapshot,2.0 IFIE细项拆分,34,19,"""BEL_VAR_IFIEPLBF""",BEL_VAR_IFIEPLBF,
ifrs17-result-snapshot,2.0 IFIE细项拆分,34,20,249350.39643360008,"249,350.4",
ifrs17-result-snapshot,2.0 IFIE细项拆分,34,22,-249350.39643360008,"(249,350.4)",
ifrs17-result-snapshot,2.0 IFIE细项拆分,34,25,9567325.507850062,"9,567,325.51",
ifrs17-result-snapshot,2.0 IFIE细项拆分,35,1,"""基于发单月月初CR计算的当年新单TVOG0""",基于发单月月初CR计算的当年新单TVOG0,
ifrs17-result-snapshot,2.0 IFIE细项拆分,35,2,"""TVOG_NB0_IR""",TVOG_NB0_IR,
ifrs17-result-snapshot,2.0 IFIE细项拆分,35,3,"""MBBA""",MBBA,
ifrs17-result-snapshot,2.0 IFIE细项拆分,35,4,-0.4,(0.4),
ifrs17-result-snapshot,2.0 IFIE细项拆分,35,10,249350.39643360008,"249,350.4",
ifrs17-result-snapshot,2.0 IFIE细项拆分,35,14,"""t_liab_cfs_grp""",t_liab_cfs_grp,
ifrs17-result-snapshot,2.0 IFIE细项拆分,35,15,"""TVOG_BOP_CR""",TVOG_BOP_CR,
ifrs17-result-snapshot,2.0 IFIE细项拆分,35,16,"""current""",current,
ifrs17-result-snapshot,2.0 IFIE细项拆分,35,17,"""MBBA""",MBBA,
ifrs17-result-snapshot,2.0 IFIE细项拆分,35,18,-0.4,(0.4),
ifrs17-result-snapshot,2.0 IFIE细项拆分,35,19,"""BEL_VAR_IFIEPLBF""",BEL_VAR_IFIEPLBF,
ifrs17-result-snapshot,2.0 IFIE细项拆分,35,20,70040255.74500237,"70,040,255.75",
ifrs17-result-snapshot,2.0 IFIE细项拆分,35,22,-70040255.74500237,"(70,040,255.75)",
ifrs17-result-snapshot,2.0 IFIE细项拆分,36,1,"""基于年初CR计算的年初有效单的年初TVOG""",基于年初CR计算的年初有效单的年初TVOG,
ifrs17-result-snapshot,2.0 IFIE细项拆分,36,2,"""TVOG_BOP_CR""",TVOG_BOP_CR,
ifrs17-result-snapshot,2.0 IFIE细项拆分,36,3,"""MBBA""",MBBA,
ifrs17-result-snapshot,2.0 IFIE细项拆分,36,4,-0.4,(0.4),
ifrs17-result-snapshot,2.0 IFIE细项拆分,36,10,70040255.74500237,"70,040,255.75",
ifrs17-result-snapshot,2.0 IFIE细项拆分,36,14,"""t_liab_cfs_grp""",t_liab_cfs_grp,
ifrs17-result-snapshot,2.0 IFIE细项拆分,36,15,"""TVOG_IF_CR""",TVOG_IF_CR,
ifrs17-result-snapshot,2.0 IFIE细项拆分,36,16,"""current""",current,
ifrs17-result-snapshot,2.0 IFIE细项拆分,36,17,"""MBBA""",MBBA,
ifrs17-result-snapshot,2.0 IFIE细项拆分,36,18,0.4,0.4,
ifrs17-result-snapshot,2.0 IFIE细项拆分,36,19,"""BEL_VAR_IFIEPLBF""",BEL_VAR_IFIEPLBF,
ifrs17-result-snapshot,2.0 IFIE细项拆分,36,20,79856931.64928605,"79,856,931.65",
ifrs17-result-snapshot,2.0 IFIE细项拆分,36,22,79856931.64928605,"79,856,931.65",
ifrs17-result-snapshot,2.0 IFIE细项拆分,37,1,"""基于评估月月末CR计算的评估时点TVOG""",基于评估月月末CR计算的评估时点TVOG,
ifrs17-result-snapshot,2.0 IFIE细项拆分,37,2,"""TVOG_IF_CR""",TVOG_IF_CR,
ifrs17-result-snapshot,2.0 IFIE细项拆分,37,3,"""MBBA""",MBBA,
ifrs17-result-snapshot,2.0 IFIE细项拆分,37,4,0.4,0.4,
ifrs17-result-snapshot,2.0 IFIE细项拆分,37,10,79856931.64928605,"79,856,931.65",
ifrs17-result-snapshot,2.0 IFIE细项拆分,37,11,-9567325.507850062,"(9,567,325.51)",
ifrs17-result-snapshot,2.0 IFIE细项拆分,37,14,"""t_liab_cfs_grp""",t_liab_cfs_grp,
ifrs17-result-snapshot,2.0 IFIE细项拆分,37,15,"""BEL_BOP_CR""",BEL_BOP_CR,
ifrs17-result-snapshot,2.0 IFIE细项拆分,37,16,"""current""",current,
ifrs17-result-snapshot,2.0 IFIE细项拆分,37,17,"""BBA,MBBA""","BBA,MBBA",
ifrs17-result-snapshot,2.0 IFIE细项拆分,37,18,-0.4,(0.4),
ifrs17-result-snapshot,2.0 IFIE细项拆分,37,19,"""BEL_VAR_IFIEPLOCI""",BEL_VAR_IFIEPLOCI,
ifrs17-result-snapshot,2.0 IFIE细项拆分,37,20,2316117220.1401,"2,316,117,220.14",
ifrs17-result-snapshot,2.0 IFIE细项拆分,38,2,"""BEL_VAR_IFIEPL_DIFF""",BEL_VAR_IFIEPL_DIFF,
ifrs17-result-snapshot,2.0 IFIE细项拆分,38,7,-1.1194497346878052e-7,(0),
ifrs17-result-snapshot,2.0 IFIE细项拆分,38,10,-0.000001317262649536133,(0),
ifrs17-result-snapshot,2.0 IFIE细项拆分,38,14,"""t_liab_cfs_grp""",t_liab_cfs_grp,
ifrs17-result-snapshot,2.0 IFIE细项拆分,38,15,"""BEL_BOP_EIR""",BEL_BOP_EIR,
ifrs17-result-snapshot,2.0 IFIE细项拆分,38,16,"""current""",current,
ifrs17-result-snapshot,2.0 IFIE细项拆分,38,17,"""MBBA""",MBBA,
ifrs17-result-snapshot,2.0 IFIE细项拆分,38,18,0.4,0.4,
ifrs17-result-snapshot,2.0 IFIE细项拆分,38,19,"""BEL_VAR_IFIEPLOCI""",BEL_VAR_IFIEPLOCI,
ifrs17-result-snapshot,2.0 IFIE细项拆分,38,20,2181466823.703734,"2,181,466,823.7",
ifrs17-result-snapshot,2.0 IFIE细项拆分,39,1,"""当期金融经验调整对理赔现金流中投资成分的影响（进IFIE_PL）""",当期金融经验调整对理赔现金流中投资成分的影响（进IFIE_PL）,
ifrs17-result-snapshot,2.0 IFIE细项拆分,39,2,"""CF_ADJ_INV_IFIEPL""",CF_ADJ_INV_IFIEPL,
ifrs17-result-snapshot,2.0 IFIE细项拆分,39,4,"""""",,
ifrs17-result-snapshot,2.0 IFIE细项拆分,39,6,-1160822.73734194,"(1,160,822.74)",
ifrs17-result-snapshot,2.0 IFIE细项拆分,39,10,-1160822.73734194,"(1,160,822.74)",
ifrs17-result-snapshot,2.0 IFIE细项拆分,39,14,"""t_liab_cfs_grp""",t_liab_cfs_grp,
ifrs17-result-snapshot,2.0 IFIE细项拆分,39,15,"""BEL_IF_CR""",BEL_IF_CR,
ifrs17-result-snapshot,2.0 IFIE细项拆分,39,16,"""current""",current,
ifrs17-result-snapshot,2.0 IFIE细项拆分,39,17,"""BBA,MBBA""","BBA,MBBA",
ifrs17-result-snapshot,2.0 IFIE细项拆分,39,18,0.4,0.4,
ifrs17-result-snapshot,2.0 IFIE细项拆分,39,19,"""BEL_VAR_IFIEPLOCI""",BEL_VAR_IFIEPLOCI,
ifrs17-result-snapshot,2.0 IFIE细项拆分,39,20,2428346363.2506466,"2,428,346,363.25",
ifrs17-result-snapshot,2.0 IFIE细项拆分,40,1,"""当期金融经验调整对理赔现金流中保险成分的影响（进IFIE_PL）""",当期金融经验调整对理赔现金流中保险成分的影响（进IFIE_PL）,
ifrs17-result-snapshot,2.0 IFIE细项拆分,40,2,"""CF_ADJ_INS_IFIEPL""",CF_ADJ_INS_IFIEPL,
ifrs17-result-snapshot,2.0 IFIE细项拆分,40,4,"""""",,
ifrs17-result-snapshot,2.0 IFIE细项拆分,40,6,1244.6188016000156,"1,244.62",
ifrs17-result-snapshot,2.0 IFIE细项拆分,40,10,1244.6188016000156,"1,244.62",
ifrs17-result-snapshot,2.0 IFIE细项拆分,40,14,"""t_liab_cfs_grp""",t_liab_cfs_grp,
ifrs17-result-snapshot,2.0 IFIE细项拆分,40,15,"""BEL_IF_EIR_DC_ASPCHG""",BEL_IF_EIR_DC_ASPCHG,
ifrs17-result-snapshot,2.0 IFIE细项拆分,40,16,"""current""",current,
ifrs17-result-snapshot,2.0 IFIE细项拆分,40,17,"""MBBA""",MBBA,
ifrs17-result-snapshot,2.0 IFIE细项拆分,40,18,-0.4,(0.4),
ifrs17-result-snapshot,2.0 IFIE细项拆分,40,19,"""BEL_VAR_IFIEPLOCI""",BEL_VAR_IFIEPLOCI,
ifrs17-result-snapshot,2.0 IFIE细项拆分,40,20,2334210968.3016787,"2,334,210,968.3",
ifrs17-result-snapshot,2.0 IFIE细项拆分,40,22,94135394.94896813,"94,135,394.95",
ifrs17-result-snapshot,2.0 IFIE细项拆分,41,1,"""年初累计至评估时点的利润表口径下的UI投资收益""",年初累计至评估时点的利润表口径下的UI投资收益,
ifrs17-result-snapshot,2.0 IFIE细项拆分,41,2,"""UI_CHG_IFIEPL""",UI_CHG_IFIEPL,
ifrs17-result-snapshot,2.0 IFIE细项拆分,41,4,"""""",,
ifrs17-result-snapshot,2.0 IFIE细项拆分,41,5,-3828793.9915580032,"(3,828,793.99)",
ifrs17-result-snapshot,2.0 IFIE细项拆分,41,6,-104570425.10182089,"(104,570,425.1)",
ifrs17-result-snapshot,2.0 IFIE细项拆分,41,8,-97331187.32562746,"(97,331,187.33)",
ifrs17-result-snapshot,2.0 IFIE细项拆分,41,9,-5639528.306103989,"(5,639,528.31)",
ifrs17-result-snapshot,2.0 IFIE细项拆分,41,11,-1599709.4700894402,"(1,599,709.47)",
ifrs17-result-snapshot,2.0 IFIE细项拆分,41,13,-102970715.63173145,"(102,970,715.63)",
ifrs17-result-snapshot,2.0 IFIE细项拆分,42,1,"""年初PL口径下的投连账户UI余额""",年初PL口径下的投连账户UI余额,
ifrs17-result-snapshot,2.0 IFIE细项拆分,42,2,"""A_UI_PL_BOP_VL""",A_UI_PL_BOP_VL,
ifrs17-result-snapshot,2.0 IFIE细项拆分,42,3,"""VFA""",VFA,
ifrs17-result-snapshot,2.0 IFIE细项拆分,42,4,-0.4,(0.4),
ifrs17-result-snapshot,2.0 IFIE细项拆分,42,8,0,0,
ifrs17-result-snapshot,2.0 IFIE细项拆分,42,9,0,0,
ifrs17-result-snapshot,2.0 IFIE细项拆分,42,11,6811097.0259488,"6,811,097.03",
ifrs17-result-snapshot,2.0 IFIE细项拆分,42,13,0,0,
ifrs17-result-snapshot,2.0 IFIE细项拆分,43,1,"""年初PL口径下的分红账户UI余额""",年初PL口径下的分红账户UI余额,
ifrs17-result-snapshot,2.0 IFIE细项拆分,43,2,"""A_UI_PL_BOP_PAR""",A_UI_PL_BOP_PAR,
ifrs17-result-snapshot,2.0 IFIE细项拆分,43,3,"""VFA""",VFA,
ifrs17-result-snapshot,2.0 IFIE细项拆分,43,4,-0.4,(0.4),
ifrs17-result-snapshot,2.0 IFIE细项拆分,43,8,1331231489.6964364,"1,331,231,489.7",
ifrs17-result-snapshot,2.0 IFIE细项拆分,43,9,132931778.31039998,"132,931,778.31",
ifrs17-result-snapshot,2.0 IFIE细项拆分,43,11,0,0,
ifrs17-result-snapshot,2.0 IFIE细项拆分,43,13,1464163268.0068364,"1,464,163,268.01",
ifrs17-result-snapshot,2.0 IFIE细项拆分,44,1,"""年初至评估时点期间投连账户与UI相关净现金流的变动""",年初至评估时点期间投连账户与UI相关净现金流的变动,
ifrs17-result-snapshot,2.0 IFIE细项拆分,44,2,"""A_UI_NETCF_VL""",A_UI_NETCF_VL,
ifrs17-result-snapshot,2.0 IFIE细项拆分,44,3,"""VFA""",VFA,
ifrs17-result-snapshot,2.0 IFIE细项拆分,44,4,-0.4,(0.4),
ifrs17-result-snapshot,2.0 IFIE细项拆分,44,8,0,0,
ifrs17-result-snapshot,2.0 IFIE细项拆分,44,9,0,0,
ifrs17-result-snapshot,2.0 IFIE细项拆分,44,11,-1118906.416,"(1,118,906.42)",
ifrs17-result-snapshot,2.0 IFIE细项拆分,44,13,0,0,
ifrs17-result-snapshot,2.0 IFIE细项拆分,44,15,"""分红一""",分红一,
ifrs17-result-snapshot,2.0 IFIE细项拆分,44,16,"""分红二""",分红二,
ifrs17-result-snapshot,2.0 IFIE细项拆分,44,19,400,400,
ifrs17-result-snapshot,2.0 IFIE细项拆分,44,20,40,40,
ifrs17-result-snapshot,2.0 IFIE细项拆分,45,1,"""年初至评估时点期间分红账户与UI相关净现金流的变动""",年初至评估时点期间分红账户与UI相关净现金流的变动,
ifrs17-result-snapshot,2.0 IFIE细项拆分,45,2,"""A_UI_NETCF_PAR""",A_UI_NETCF_PAR,
ifrs17-result-snapshot,2.0 IFIE细项拆分,45,3,"""VFA""",VFA,
ifrs17-result-snapshot,2.0 IFIE细项拆分,45,4,-0.4,(0.4),
ifrs17-result-snapshot,2.0 IFIE细项拆分,45,8,1488213400.2520137,"1,488,213,400.25",
ifrs17-result-snapshot,2.0 IFIE细项拆分,45,9,-2819056.8,"(2,819,056.8)",
ifrs17-result-snapshot,2.0 IFIE细项拆分,45,11,0,0,
ifrs17-result-snapshot,2.0 IFIE细项拆分,45,13,1485394343.4520137,"1,485,394,343.45",
ifrs17-result-snapshot,2.0 IFIE细项拆分,45,14,"""6031-01""",1508819.334,
ifrs17-result-snapshot,2.0 IFIE细项拆分,45,15,1750596470.052014,"1,750,596,470.05",
ifrs17-result-snapshot,2.0 IFIE细项拆分,45,16,0,0,
ifrs17-result-snapshot,2.0 IFIE细项拆分,45,17,"""保费收入""",保费收入,
ifrs17-result-snapshot,2.0 IFIE细项拆分,45,19,404,404,
ifrs17-result-snapshot,2.0 IFIE细项拆分,45,20,44,44,
ifrs17-result-snapshot,2.0 IFIE细项拆分,46,1,"""分红账户UI中归属于保户部分的红利""",分红账户UI中归属于保户部分的红利,
ifrs17-result-snapshot,2.0 IFIE细项拆分,46,2,"""UI_PAR_DIVCLIENT""",UI_PAR_DIVCLIENT,
ifrs17-result-snapshot,2.0 IFIE细项拆分,46,3,"""VFA""",VFA,
ifrs17-result-snapshot,2.0 IFIE细项拆分,46,4,0.4,0.4,
ifrs17-result-snapshot,2.0 IFIE细项拆分,46,8,-22749357.3578972,"(22,749,357.36)",
ifrs17-result-snapshot,2.0 IFIE细项拆分,46,9,-1538500.720084,"(1,538,500.72)",
ifrs17-result-snapshot,2.0 IFIE细项拆分,46,11,0,0,
ifrs17-result-snapshot,2.0 IFIE细项拆分,46,13,-24287858.077981196,"(24,287,858.08)",
ifrs17-result-snapshot,2.0 IFIE细项拆分,46,14,"""6601-01""",1717007.334,
ifrs17-result-snapshot,2.0 IFIE细项拆分,46,15,-235836820.64000034,"(235,836,820.64)",
ifrs17-result-snapshot,2.0 IFIE细项拆分,46,16,0,0,
ifrs17-result-snapshot,2.0 IFIE细项拆分,46,17,"""loading""",loading,
ifrs17-result-snapshot,2.0 IFIE细项拆分,47,1,"""分红账户UI中归属于公司部分的红利""",分红账户UI中归属于公司部分的红利,
ifrs17-result-snapshot,2.0 IFIE细项拆分,47,2,"""UI_PAR_DIVCOMP""",UI_PAR_DIVCOMP,
ifrs17-result-snapshot,2.0 IFIE细项拆分,47,3,"""VFA""",VFA,
ifrs17-result-snapshot,2.0 IFIE细项拆分,47,4,0.4,0.4,
ifrs17-result-snapshot,2.0 IFIE细项拆分,47,8,-9749724.582628805,"(9,749,724.58)",
ifrs17-result-snapshot,2.0 IFIE细项拆分,47,9,-659357.4516200001,"(659,357.45)",
ifrs17-result-snapshot,2.0 IFIE细项拆分,47,11,0,0,
ifrs17-result-snapshot,2.0 IFIE细项拆分,47,13,-10409082.034248805,"(10,409,082.03)",
ifrs17-result-snapshot,2.0 IFIE细项拆分,47,14,"""6514-01""",1685231.334,
ifrs17-result-snapshot,2.0 IFIE细项拆分,47,15,-17374098.96,"(17,374,098.96)",
ifrs17-result-snapshot,2.0 IFIE细项拆分,47,16,0,0,
ifrs17-result-snapshot,2.0 IFIE细项拆分,47,17,"""年金给付""",年金给付,
ifrs17-result-snapshot,2.0 IFIE细项拆分,48,1,"""年初累计至评估时点的UI相关的YTD实际发生的退保给付的投资成分（因退保释放的法定准备金，仅适用于分红账户）""",年初累计至评估时点的UI相关的YTD实际发生的退保给付的投资成分（因退保释放的法定准备金，仅适用于分红账户）,
ifrs17-result-snapshot,2.0 IFIE细项拆分,48,2,"""A_PUI_STAT_INV""",A_PUI_STAT_INV,
ifrs17-result-snapshot,2.0 IFIE细项拆分,48,3,"""VFA""",VFA,
ifrs17-result-snapshot,2.0 IFIE细项拆分,48,4,0.4,0.4,
ifrs17-result-snapshot,2.0 IFIE细项拆分,48,8,-509430.0399999999,"(509,430.04)",
ifrs17-result-snapshot,2.0 IFIE细项拆分,48,9,-87328.16,"(87,328.16)",
ifrs17-result-snapshot,2.0 IFIE细项拆分,48,11,0,0,
ifrs17-result-snapshot,2.0 IFIE细项拆分,48,13,-596758.2,"(596,758.2)",
ifrs17-result-snapshot,2.0 IFIE细项拆分,48,14,"""6512-01""",1684500.334,
ifrs17-result-snapshot,2.0 IFIE细项拆分,48,15,-356840.1999999999,"(356,840.2)",
ifrs17-result-snapshot,2.0 IFIE细项拆分,48,16,0,0,
ifrs17-result-snapshot,2.0 IFIE细项拆分,48,17,"""死伤医疗给付""",死伤医疗给付,
ifrs17-result-snapshot,2.0 IFIE细项拆分,49,1,"""投连账户资产管理费""",投连账户资产管理费,
ifrs17-result-snapshot,2.0 IFIE细项拆分,49,2,"""A_UI_MGT_FEE_VL""",A_UI_MGT_FEE_VL,
ifrs17-result-snapshot,2.0 IFIE细项拆分,49,3,"""VFA""",VFA,
ifrs17-result-snapshot,2.0 IFIE细项拆分,49,4,0.4,0.4,
ifrs17-result-snapshot,2.0 IFIE细项拆分,49,8,0,0,
ifrs17-result-snapshot,2.0 IFIE细项拆分,49,9,0,0,
ifrs17-result-snapshot,2.0 IFIE细项拆分,49,11,84645.85952000001,"84,645.86",
ifrs17-result-snapshot,2.0 IFIE细项拆分,49,13,0,0,
ifrs17-result-snapshot,2.0 IFIE细项拆分,49,14,"""6513-01""",1684866.334,
ifrs17-result-snapshot,2.0 IFIE细项拆分,49,15,-8815310,"(8,815,310)",
ifrs17-result-snapshot,2.0 IFIE细项拆分,49,16,-2819056.8,"(2,819,056.8)",
ifrs17-result-snapshot,2.0 IFIE细项拆分,49,17,"""满期给付""",满期给付,
ifrs17-result-snapshot,2.0 IFIE细项拆分,50,1,"""评估时点PL口径下的投连账户UI余额""",评估时点PL口径下的投连账户UI余额,
ifrs17-result-snapshot,2.0 IFIE细项拆分,50,2,"""A_UI_PL_EOP_VL""",A_UI_PL_EOP_VL,
ifrs17-result-snapshot,2.0 IFIE细项拆分,50,3,"""VFA""",VFA,
ifrs17-result-snapshot,2.0 IFIE细项拆分,50,4,0.4,0.4,
ifrs17-result-snapshot,2.0 IFIE细项拆分,50,8,0,0,
ifrs17-result-snapshot,2.0 IFIE细项拆分,50,9,0,0,
ifrs17-result-snapshot,2.0 IFIE细项拆分,50,11,7207254.220518241,"7,207,254.22",
ifrs17-result-snapshot,2.0 IFIE细项拆分,50,13,0,0,
ifrs17-result-snapshot,2.0 IFIE细项拆分,51,1,"""评估时点PL口径下的分红账户UI余额""",评估时点PL口径下的分红账户UI余额,
ifrs17-result-snapshot,2.0 IFIE细项拆分,51,2,"""A_UI_PL_EOP_PAR""",A_UI_PL_EOP_PAR,
ifrs17-result-snapshot,2.0 IFIE细项拆分,51,3,"""VFA""",VFA,
ifrs17-result-snapshot,2.0 IFIE细项拆分,51,4,0.4,0.4,
ifrs17-result-snapshot,2.0 IFIE细项拆分,51,8,-2882186983.205552,"(2,882,186,983.21)",
ifrs17-result-snapshot,2.0 IFIE细项拆分,51,9,-133453075.76879999,"(133,453,075.77)",
ifrs17-result-snapshot,2.0 IFIE细项拆分,51,11,0,0,
ifrs17-result-snapshot,2.0 IFIE细项拆分,51,13,-3015640058.974352,"(3,015,640,058.97)",
ifrs17-result-snapshot,2.0 IFIE细项拆分,51,14,"""I9倒算投资收益+死差""",I9倒算投资收益+死差,
ifrs17-result-snapshot,2.0 IFIE细项拆分,51,15,95750605.23762783,"95,750,605.24",
ifrs17-result-snapshot,2.0 IFIE细项拆分,51,16,5625540.590104011,"5,625,540.59",
ifrs17-result-snapshot,2.0 IFIE细项拆分,51,19,99823689.42773184,"99,823,689.43",
ifrs17-result-snapshot,2.0 IFIE细项拆分,52,2,"""PL_INT_IFIE""",PL_INT_IFIE,
ifrs17-result-snapshot,2.0 IFIE细项拆分,52,3,"""VFA""",VFA,
ifrs17-result-snapshot,2.0 IFIE细项拆分,52,4,0.4,0.4,
ifrs17-result-snapshot,2.0 IFIE细项拆分,52,8,-1580582.0879998957,"(1,580,582.09)",
ifrs17-result-snapshot,2.0 IFIE细项拆分,52,9,-13987.715999998993,"(13,987.72)",
ifrs17-result-snapshot,2.0 IFIE细项拆分,52,13,-1594569.8039998948,"(1,594,569.8)",
ifrs17-result-snapshot,2.0 IFIE细项拆分,52,14,"""投资收益调整""",投资收益调整,
ifrs17-result-snapshot,2.0 IFIE细项拆分,52,15,-34695471.26166256,"(34,695,471.26)",
ifrs17-result-snapshot,2.0 IFIE细项拆分,52,16,-8155555.180434555,"(8,155,555.18)",
ifrs17-result-snapshot,2.0 IFIE细项拆分,53,2,"""UI_CHG_IFIEPL_DIFF""",UI_CHG_IFIEPL_DIFF,
ifrs17-result-snapshot,2.0 IFIE细项拆分,53,8,-2.2649765014648436e-7,(0),
ifrs17-result-snapshot,2.0 IFIE细项拆分,53,9,-1.7881393432617187e-8,(0),
ifrs17-result-snapshot,2.0 IFIE细项拆分,53,11,0,0,
ifrs17-result-snapshot,2.0 IFIE细项拆分,53,14,"""死差调整""",死差调整,
ifrs17-result-snapshot,2.0 IFIE细项拆分,53,15,3660958,3660958,
ifrs17-result-snapshot,2.0 IFIE细项拆分,53,16,220183,220183,
ifrs17-result-snapshot,2.0 IFIE细项拆分,54,1,"""年初累计至评估时点的UI相关的YTD实际发生的保险成分给付与YTD预期保险成分给付的差异""",年初累计至评估时点的UI相关的YTD实际发生的保险成分给付与YTD预期保险成分给付的差异,
ifrs17-result-snapshot,2.0 IFIE细项拆分,54,2,"""PUI_INS_IFIEPL""",PUI_INS_IFIEPL,
ifrs17-result-snapshot,2.0 IFIE细项拆分,54,4,"""""",,
ifrs17-result-snapshot,2.0 IFIE细项拆分,54,6,-970941.9918436197,"(970,941.99)",
ifrs17-result-snapshot,2.0 IFIE细项拆分,54,8,-891644.6685816196,"(891,644.67)",
ifrs17-result-snapshot,2.0 IFIE细项拆分,54,9,-79297.323262,"(79,297.32)",
ifrs17-result-snapshot,2.0 IFIE细项拆分,54,11,0,0,
ifrs17-result-snapshot,2.0 IFIE细项拆分,54,14,"""倒算I39投资收益""",倒算I39投资收益,
ifrs17-result-snapshot,2.0 IFIE细项拆分,54,15,128981693.29929037,"128,981,693.3",
ifrs17-result-snapshot,2.0 IFIE细项拆分,54,16,13693022.570538566,"13,693,022.57",
ifrs17-result-snapshot,2.0 IFIE细项拆分,54,21,82500000,82500000,
ifrs17-result-snapshot,2.0 IFIE细项拆分,55,1,"""年初累计至评估时点计提的保单贷款利息""",年初累计至评估时点计提的保单贷款利息,
ifrs17-result-snapshot,2.0 IFIE细项拆分,55,2,"""PL_INT_IFIE""",PL_INT_IFIE,
ifrs17-result-snapshot,2.0 IFIE细项拆分,55,4,"""""",,
ifrs17-result-snapshot,2.0 IFIE细项拆分,55,5,-44526.240000000005,"(44,526.24)",
ifrs17-result-snapshot,2.0 IFIE细项拆分,55,6,17809721.80800363,"17,809,721.81",
ifrs17-result-snapshot,2.0 IFIE细项拆分,55,7,15057249.880003741,"15,057,249.88",
ifrs17-result-snapshot,2.0 IFIE细项拆分,55,8,1580582.0879998957,"1,580,582.09",
ifrs17-result-snapshot,2.0 IFIE细项拆分,55,9,13987.715999998993,"13,987.72",
ifrs17-result-snapshot,2.0 IFIE细项拆分,55,10,1157902.1239999942,"1,157,902.12",
ifrs17-result-snapshot,2.0 IFIE细项拆分,55,11,0,0,
ifrs17-result-snapshot,2.0 IFIE细项拆分,55,14,"""实际I39投资收益""",实际I39投资收益,
ifrs17-result-snapshot,2.0 IFIE细项拆分,55,15,143302326.852,"143,302,326.85",
ifrs17-result-snapshot,2.0 IFIE细项拆分,55,16,18277343.803999998,"18,277,343.8",
ifrs17-result-snapshot,2.0 IFIE细项拆分,56,1,"""年初累计至评估时点选择生存金累积生息保单计提的利息""",年初累计至评估时点选择生存金累积生息保单计提的利息,
ifrs17-result-snapshot,2.0 IFIE细项拆分,56,2,"""SB_DOD_INT_IFIE""",SB_DOD_INT_IFIE,
ifrs17-result-snapshot,2.0 IFIE细项拆分,56,4,"""""",,
ifrs17-result-snapshot,2.0 IFIE细项拆分,56,6,-258254.88000000018,"(258,254.88)",
ifrs17-result-snapshot,2.0 IFIE细项拆分,56,7,-19009.12,"(19,009.12)",
ifrs17-result-snapshot,2.0 IFIE细项拆分,56,8,-239245.76000000015,"(239,245.76)",
ifrs17-result-snapshot,2.0 IFIE细项拆分,56,9,0,0,
ifrs17-result-snapshot,2.0 IFIE细项拆分,56,10,0,0,
ifrs17-result-snapshot,2.0 IFIE细项拆分,56,11,0,0,
ifrs17-result-snapshot,2.0 IFIE细项拆分,56,15,0.3600267940729261,0.36,
ifrs17-result-snapshot,2.0 IFIE细项拆分,56,16,0.2996720468220737,0.299672,
ifrs17-result-snapshot,2.0 IFIE细项拆分,57,1,"""年初累计至评估时点选择红利累积生息保单计提的利息""",年初累计至评估时点选择红利累积生息保单计提的利息,
ifrs17-result-snapshot,2.0 IFIE细项拆分,57,2,"""DIV_DOD_INT_IFIE""",DIV_DOD_INT_IFIE,
ifrs17-result-snapshot,2.0 IFIE细项拆分,57,4,"""""",,
ifrs17-result-snapshot,2.0 IFIE细项拆分,57,6,-1290283.399999997,"(1,290,283.4)",
ifrs17-result-snapshot,2.0 IFIE细项拆分,57,8,-1215749.359999997,"(1,215,749.36)",
ifrs17-result-snapshot,2.0 IFIE细项拆分,57,9,-74534.04000000001,"(74,534.04)",
ifrs17-result-snapshot,2.0 IFIE细项拆分,57,11,0,0,
ifrs17-result-snapshot,2.0 IFIE细项拆分,57,14,"""影子特储变动""",影子特储变动,
ifrs17-result-snapshot,2.0 IFIE细项拆分,57,15,-37724422.82000001,"(37,724,422.82)",
ifrs17-result-snapshot,2.0 IFIE细项拆分,57,16,-4806178.952,"(4,806,178.95)",
ifrs17-result-snapshot,2.0 IFIE细项拆分,58,0,"""计入损益的保险合同金融变动额（CSM）""",计入损益的保险合同金融变动额（CSM）,
ifrs17-result-snapshot,2.0 IFIE细项拆分,58,1,"""M1表合同服务边际的保险合同金融变动额""",M1表合同服务边际的保险合同金融变动额,
ifrs17-result-snapshot,2.0 IFIE细项拆分,58,2,"""M1_CSM_IFIEPL""",M1_CSM_IFIEPL,
ifrs17-result-snapshot,2.0 IFIE细项拆分,58,4,"""""",,
ifrs17-result-snapshot,2.0 IFIE细项拆分,58,5,0,0,
ifrs17-result-snapshot,2.0 IFIE细项拆分,58,6,-50916404.44178897,"(50,916,404.44)",
ifrs17-result-snapshot,2.0 IFIE细项拆分,58,7,-48898271.801850215,"(48,898,271.8)",
ifrs17-result-snapshot,2.0 IFIE细项拆分,58,8,0,0,
ifrs17-result-snapshot,2.0 IFIE细项拆分,58,9,0,0,
ifrs17-result-snapshot,2.0 IFIE细项拆分,58,10,-2018132.639938761,"(2,018,132.64)",
ifrs17-result-snapshot,2.0 IFIE细项拆分,58,11,0,0,
ifrs17-result-snapshot,2.0 IFIE细项拆分,58,14,"""实际I9 OCI""",实际I9 OCI,
ifrs17-result-snapshot,2.0 IFIE细项拆分,58,15,-84542998.5726529,"(84,542,998.57)",
ifrs17-result-snapshot,2.0 IFIE细项拆分,58,16,-5580625.189937076,"(5,580,625.19)",
ifrs17-result-snapshot,2.0 IFIE细项拆分,58,17,0.34449036001675587,0.344490,
ifrs17-result-snapshot,2.0 IFIE细项拆分,59,0,"""投资服务业绩-短期险""",投资服务业绩-短期险,
ifrs17-result-snapshot,2.0 IFIE细项拆分,59,1,"""投资服务业绩-短期险""",投资服务业绩-短期险,
ifrs17-result-snapshot,2.0 IFIE细项拆分,59,5,0,0,
ifrs17-result-snapshot,2.0 IFIE细项拆分,59,6,2749.8920000008748,"2,749.89",
ifrs17-result-snapshot,2.0 IFIE细项拆分,59,12,2749.8920000008748,"2,749.89",
ifrs17-result-snapshot,2.0 IFIE细项拆分,60,0,"""M2_LRC_EXCLC_IFIEPL""",M2_LRC_EXCLC_IFIEPL,
ifrs17-result-snapshot,2.0 IFIE细项拆分,60,1,"""年初累计至评估时点计提的保单贷款利息""",年初累计至评估时点计提的保单贷款利息,
ifrs17-result-snapshot,2.0 IFIE细项拆分,60,2,"""PL_INT_IFIE""",PL_INT_IFIE,
ifrs17-result-snapshot,2.0 IFIE细项拆分,60,4,-0.4,(0.4),
ifrs17-result-snapshot,2.0 IFIE细项拆分,60,12,2749.8920000008748,"2,749.89",
ifrs17-result-snapshot,2.0 IFIE细项拆分,61,0,"""M2_LRC_EXCLC_IFIEOC""",M2_LRC_EXCLC_IFIEOC,
ifrs17-result-snapshot,2.0 IFIE细项拆分,61,1,"""#N/A""",#N/A,
ifrs17-result-snapshot,2.0 IFIE细项拆分,61,2,"""M2_LRC_EXCLC_IFIEOC""",M2_LRC_EXCLC_IFIEOC,
ifrs17-result-snapshot,2.0 IFIE细项拆分,61,4,"""""",,
ifrs17-result-snapshot,2.0 IFIE细项拆分,61,12,0,0,
ifrs17-result-snapshot,2.0 IFIE细项拆分,62,0,"""计入其他综合收益的保险合同金融变动额""",计入其他综合收益的保险合同金融变动额,
ifrs17-result-snapshot,2.0 IFIE细项拆分,62,1,"""M1表未来现金流量现值下的保险合同金融变动额（OCI）""",M1表未来现金流量现值下的保险合同金融变动额（OCI）,
ifrs17-result-snapshot,2.0 IFIE细项拆分,62,2,"""M1_GPV_IFIEOCI""",M1_GPV_IFIEOCI,
ifrs17-result-snapshot,2.0 IFIE细项拆分,62,4,"""""",,
ifrs17-result-snapshot,2.0 IFIE细项拆分,62,6,239152630.3121767,"239,152,630.31",
ifrs17-result-snapshot,2.0 IFIE细项拆分,62,7,168441281.91321164,"168,441,281.91",
ifrs17-result-snapshot,2.0 IFIE细项拆分,62,8,33720270.59836882,"33,720,270.6",
ifrs17-result-snapshot,2.0 IFIE细项拆分,62,9,-3523923.686800019,"(3,523,923.69)",
ifrs17-result-snapshot,2.0 IFIE细项拆分,62,10,40515001.48739628,"40,515,001.49",
ifrs17-result-snapshot,2.0 IFIE细项拆分,62,11,0,0,
ifrs17-result-snapshot,2.0 IFIE细项拆分,63,0,"""计入其他综合收益的保险合同金融变动额""",计入其他综合收益的保险合同金融变动额,
ifrs17-result-snapshot,2.0 IFIE细项拆分,63,1,"""经济假设变更及当期金融经验调整对BEL的影响中进IFIEOCI的部分""",经济假设变更及当期金融经验调整对BEL的影响中进IFIEOCI的部分,
ifrs17-result-snapshot,2.0 IFIE细项拆分,63,2,"""BEL_VAR_IFIEOCI""",BEL_VAR_IFIEOCI,
ifrs17-result-snapshot,2.0 IFIE细项拆分,63,4,"""""",,
ifrs17-result-snapshot,2.0 IFIE细项拆分,63,6,208956283.4006079,"208,956,283.4",
ifrs17-result-snapshot,2.0 IFIE细项拆分,63,7,168441281.91321164,"168,441,281.91",
ifrs17-result-snapshot,2.0 IFIE细项拆分,63,10,40515001.48739628,"40,515,001.49",
ifrs17-result-snapshot,2.0 IFIE细项拆分,64,2,"""BEL_BOP_CR""",BEL_BOP_CR,
ifrs17-result-snapshot,2.0 IFIE细项拆分,64,3,"""BBA,MBBA""","BBA,MBBA",
ifrs17-result-snapshot,2.0 IFIE细项拆分,64,4,-0.4,(0.4),
ifrs17-result-snapshot,2.0 IFIE细项拆分,64,7,6896978002.802481,"6,896,978,002.8",
ifrs17-result-snapshot,2.0 IFIE细项拆分,64,10,2316117220.1401,"2,316,117,220.14",
ifrs17-result-snapshot,2.0 IFIE细项拆分,65,2,"""BEL_BOP_LR""",BEL_BOP_LR,
ifrs17-result-snapshot,2.0 IFIE细项拆分,65,3,"""BBA""",BBA,
ifrs17-result-snapshot,2.0 IFIE细项拆分,65,4,0.4,0.4,
ifrs17-result-snapshot,2.0 IFIE细项拆分,65,7,5274298042.0511465,"5,274,298,042.05",
ifrs17-result-snapshot,2.0 IFIE细项拆分,66,2,"""BEL_BOP_EIR""",BEL_BOP_EIR,
ifrs17-result-snapshot,2.0 IFIE细项拆分,66,3,"""MBBA""",MBBA,
ifrs17-result-snapshot,2.0 IFIE细项拆分,66,4,0.4,0.4,
ifrs17-result-snapshot,2.0 IFIE细项拆分,66,10,2181466823.703734,"2,181,466,823.7",
ifrs17-result-snapshot,2.0 IFIE细项拆分,67,2,"""BEL_IF_CR""",BEL_IF_CR,
ifrs17-result-snapshot,2.0 IFIE细项拆分,67,3,"""BBA,MBBA""","BBA,MBBA",
ifrs17-result-snapshot,2.0 IFIE细项拆分,67,4,0.4,0.4,
ifrs17-result-snapshot,2.0 IFIE细项拆分,67,7,8673728077.968975,"8,673,728,077.97",
ifrs17-result-snapshot,2.0 IFIE细项拆分,67,10,2428346363.2506466,"2,428,346,363.25",
ifrs17-result-snapshot,2.0 IFIE细项拆分,68,2,"""BEL_IF_LR_NEC_ASPCHG""",BEL_IF_LR_NEC_ASPCHG,
ifrs17-result-snapshot,2.0 IFIE细项拆分,68,3,"""BBA""",BBA,
ifrs17-result-snapshot,2.0 IFIE细项拆分,68,4,-0.4,(0.4),
ifrs17-result-snapshot,2.0 IFIE细项拆分,68,7,7219489399.130855,"7,219,489,399.13",
ifrs17-result-snapshot,2.0 IFIE细项拆分,69,2,"""BEL_IF_EIR_DC_ASPCHG""",BEL_IF_EIR_DC_ASPCHG,
ifrs17-result-snapshot,2.0 IFIE细项拆分,69,3,"""MBBA""",MBBA,
ifrs17-result-snapshot,2.0 IFIE细项拆分,69,4,-0.4,(0.4),
ifrs17-result-snapshot,2.0 IFIE细项拆分,69,10,2334210968.3016787,"2,334,210,968.3",
ifrs17-result-snapshot,2.0 IFIE细项拆分,70,2,"""BEL_VAR_IFIEOCI_DIFF""",BEL_VAR_IFIEOCI_DIFF,
ifrs17-result-snapshot,2.0 IFIE细项拆分,70,7,0.000003981590270996094,0,
ifrs17-result-snapshot,2.0 IFIE细项拆分,70,10,0.0000018715858459472655,0,
ifrs17-result-snapshot,2.0 IFIE细项拆分,71,2,"""BEL_IF_LR_NEC_ASPCHG_IF""",BEL_IF_LR_NEC_ASPCHG_IF,
ifrs17-result-snapshot,2.0 IFIE细项拆分,71,4,-0.4,(0.4),
ifrs17-result-snapshot,2.0 IFIE细项拆分,71,7,6872037521.12063,"6,872,037,521.12",
ifrs17-result-snapshot,2.0 IFIE细项拆分,71,10,2140502891.9986439,"2,140,502,892",
ifrs17-result-snapshot,2.0 IFIE细项拆分,72,2,"""BEL_IF_CR_IF""",BEL_IF_CR_IF,
ifrs17-result-snapshot,2.0 IFIE细项拆分,72,4,0.4,0.4,
ifrs17-result-snapshot,2.0 IFIE细项拆分,72,7,8343267879.835264,"8,343,267,879.84",
ifrs17-result-snapshot,2.0 IFIE细项拆分,72,10,2259383498.242516,"2,259,383,498.24",
ifrs17-result-snapshot,2.0 IFIE细项拆分,73,2,"""BEL_VAR_IFIEOCI_IF""",BEL_VAR_IFIEOCI_IF,
ifrs17-result-snapshot,2.0 IFIE细项拆分,73,7,-1471230358.7146347,"(1,471,230,358.71)",
ifrs17-result-snapshot,2.0 IFIE细项拆分,73,10,-118880606.24387208,"(118,880,606.24)",
ifrs17-result-snapshot,2.0 IFIE细项拆分,74,2,"""BEL_VAR_IFIEOCI_IF_CHK""",BEL_VAR_IFIEOCI_IF_CHK,
ifrs17-result-snapshot,2.0 IFIE细项拆分,75,2,"""BEL_IF_LR_NEC_ASPCHG_NB""",BEL_IF_LR_NEC_ASPCHG_NB,
ifrs17-result-snapshot,2.0 IFIE细项拆分,75,4,-0.4,(0.4),
ifrs17-result-snapshot,2.0 IFIE细项拆分,75,7,347451878.01022494,"347,451,878.01",
ifrs17-result-snapshot,2.0 IFIE细项拆分,75,10,168576574.97433156,"168,576,574.97",
ifrs17-result-snapshot,2.0 IFIE细项拆分,76,2,"""BEL_IF_CR_NB""",BEL_IF_CR_NB,
ifrs17-result-snapshot,2.0 IFIE细项拆分,76,4,0.4,0.4,
ifrs17-result-snapshot,2.0 IFIE细项拆分,76,7,330460198.1337095,"330,460,198.13",
ifrs17-result-snapshot,2.0 IFIE细项拆分,76,10,168962865.00813076,"168,962,865.01",
ifrs17-result-snapshot,2.0 IFIE细项拆分,77,2,"""BEL_VAR_IFIEOCI_NB""",BEL_VAR_IFIEOCI_NB,
ifrs17-result-snapshot,2.0 IFIE细项拆分,77,7,16991679.876515437,"16,991,679.88",
ifrs17-result-snapshot,2.0 IFIE细项拆分,77,10,-386290.0337991953,"(386,290.03)",
ifrs17-result-snapshot,2.0 IFIE细项拆分,78,2,"""BEL_VAR_IFIEOCI_NB_CHK""",BEL_VAR_IFIEOCI_NB_CHK,
ifrs17-result-snapshot,2.0 IFIE细项拆分,79,1,"""年初累计至评估时点的FV口径下UI投资收益与利润表口径下UI投资收益之间的差异（中间过渡变量）""",年初累计至评估时点的FV口径下UI投资收益与利润表口径下UI投资收益之间的差异（中间过渡变量）,
ifrs17-result-snapshot,2.0 IFIE细项拆分,79,2,"""UI_CHG_IFIEPLOCI""",UI_CHG_IFIEPLOCI,
ifrs17-result-snapshot,2.0 IFIE细项拆分,79,4,"""""",,
ifrs17-result-snapshot,2.0 IFIE细项拆分,79,6,30196346.91156881,"30,196,346.91",
ifrs17-result-snapshot,2.0 IFIE细项拆分,79,8,33720270.59836883,"33,720,270.6",
ifrs17-result-snapshot,2.0 IFIE细项拆分,79,9,-3523923.686800019,"(3,523,923.69)",
ifrs17-result-snapshot,2.0 IFIE细项拆分,79,11,-7.450580596923829e-10,(0),
ifrs17-result-snapshot,2.1 保险金融负债成本,1,0,"""保险金融负债成本(IFIE)""",保险金融负债成本(IFIE),
ifrs17-result-snapshot,2.1 保险金融负债成本,1,3,"""公司""",公司,
ifrs17-result-snapshot,2.1 保险金融负债成本,1,5,"""传统""",传统,
ifrs17-result-snapshot,2.1 保险金融负债成本,1,7,"""分红1""",分红1,
ifrs17-result-snapshot,2.1 保险金融负债成本,1,9,"""分红2""",分红2,
ifrs17-result-snapshot,2.1 保险金融负债成本,1,11,"""万能""",万能,
ifrs17-result-snapshot,2.1 保险金融负债成本,2,3,20250228,20250228,
ifrs17-result-snapshot,2.1 保险金融负债成本,2,4,20241231,20241231,
ifrs17-result-snapshot,2.1 保险金融负债成本,2,5,20250228,20250228,
ifrs17-result-snapshot,2.1 保险金融负债成本,2,6,20241231,20241231,
ifrs17-result-snapshot,2.1 保险金融负债成本,2,7,20250228,20250228,
ifrs17-result-snapshot,2.1 保险金融负债成本,2,8,20241231,20241231,
ifrs17-result-snapshot,2.1 保险金融负债成本,2,9,20250228,20250228,
ifrs17-result-snapshot,2.1 保险金融负债成本,2,10,20241231,20241231,
ifrs17-result-snapshot,2.1 保险金融负债成本,2,11,20250228,20250228,
ifrs17-result-snapshot,2.1 保险金融负债成本,2,12,20241231,20241231,
ifrs17-result-snapshot,2.1 保险金融负债成本,3,2,"""BEL计息成本""",BEL计息成本,
ifrs17-result-snapshot,2.1 保险金融负债成本,3,3,-24731.711378391912,"(24,731.71)",
ifrs17-result-snapshot,2.1 保险金融负债成本,3,4,-19924.084430634866,"(19,924.08)",
ifrs17-result-snapshot,2.1 保险金融负债成本,3,5,-17664.669175516487,"(17,664.67)",
ifrs17-result-snapshot,2.1 保险金融负债成本,3,6,-13367.245606874927,"(13,367.25)",
ifrs17-result-snapshot,2.1 保险金融负债成本,3,7,0,0,
ifrs17-result-snapshot,2.1 保险金融负债成本,3,8,0,0,
ifrs17-result-snapshot,2.1 保险金融负债成本,3,9,0,0,
ifrs17-result-snapshot,2.1 保险金融负债成本,3,10,0,0,
ifrs17-result-snapshot,2.1 保险金融负债成本,3,11,-7067.04220287543,"(7,067.04)",
ifrs17-result-snapshot,2.1 保险金融负债成本,3,12,-6556.83882375994,"(6,556.84)",
ifrs17-result-snapshot,2.1 保险金融负债成本,4,2,"""UI投资收益成本""",UI投资收益成本,
ifrs17-result-snapshot,2.1 保险金融负债成本,4,3,-10457.04251018209,"(10,457.04)",
ifrs17-result-snapshot,2.1 保险金融负债成本,4,4,-8659.45338537654,"(8,659.45)",
ifrs17-result-snapshot,2.1 保险金融负债成本,4,5,0,0,
ifrs17-result-snapshot,2.1 保险金融负债成本,4,6,0,0,
ifrs17-result-snapshot,2.1 保险金融负债成本,4,7,-9733.118732562745,"(9,733.12)",
ifrs17-result-snapshot,2.1 保险金融负债成本,4,8,-7716.536550192138,"(7,716.54)",
ifrs17-result-snapshot,2.1 保险金融负债成本,4,9,-563.9528306103989,(563.95),
ifrs17-result-snapshot,2.1 保险金融负债成本,4,10,-898.6529676338838,(898.65),
ifrs17-result-snapshot,2.1 保险金融负债成本,4,11,0,0,
ifrs17-result-snapshot,2.1 保险金融负债成本,4,12,0,0,
ifrs17-result-snapshot,2.1 保险金融负债成本,5,2,"""CSM计息成本""",CSM计息成本,
ifrs17-result-snapshot,2.1 保险金融负债成本,5,3,-5091.640444178897,"(5,091.64)",
ifrs17-result-snapshot,2.1 保险金融负债成本,5,4,-4865.801480045333,"(4,865.8)",
ifrs17-result-snapshot,2.1 保险金融负债成本,5,5,-4889.8271801850215,"(4,889.83)",
ifrs17-result-snapshot,2.1 保险金融负债成本,5,6,-4765.901683676495,"(4,765.9)",
ifrs17-result-snapshot,2.1 保险金融负债成本,5,7,0,0,
ifrs17-result-snapshot,2.1 保险金融负债成本,5,8,0,0,
ifrs17-result-snapshot,2.1 保险金融负债成本,5,9,0,0,
ifrs17-result-snapshot,2.1 保险金融负债成本,5,10,0,0,
ifrs17-result-snapshot,2.1 保险金融负债成本,5,11,-201.8132639938761,(201.81),
ifrs17-result-snapshot,2.1 保险金融负债成本,5,12,-99.89979636883854,(99.9),
ifrs17-result-snapshot,2.1 保险金融负债成本,6,0,"""拆分""",拆分,
ifrs17-result-snapshot,2.1 保险金融负债成本,6,2,"""经济假设变更\r\n及当期金融经验调整""","经济假设变更
及当期金融经验调整",
ifrs17-result-snapshot,2.1 保险金融负债成本,6,3,-3077.018540659327,"(3,077.02)",
ifrs17-result-snapshot,2.1 保险金融负债成本,6,4,-3809.765361768795,"(3,809.77)",
ifrs17-result-snapshot,2.1 保险金融负债成本,6,5,-90.36487943120791,(90.36),
ifrs17-result-snapshot,2.1 保险金融负债成本,6,6,1123.68519711406,"1,123.69",
ifrs17-result-snapshot,2.1 保险金融负债成本,6,7,0,0,
ifrs17-result-snapshot,2.1 保险金融负债成本,6,8,0,0,
ifrs17-result-snapshot,2.1 保险金融负债成本,6,9,0,0,
ifrs17-result-snapshot,2.1 保险金融负债成本,6,10,0,0,
ifrs17-result-snapshot,2.1 保险金融负债成本,6,11,-2986.653661228119,"(2,986.65)",
ifrs17-result-snapshot,2.1 保险金融负债成本,6,12,-4933.450558882856,"(4,933.45)",
ifrs17-result-snapshot,2.1 保险金融负债成本,7,2,"""其他（保单贷款、PUI倒减等）""",其他（保单贷款、PUI倒减等）,
ifrs17-result-snapshot,2.1 保险金融负债成本,7,3,1529.024153616001,"1,529.02",
ifrs17-result-snapshot,2.1 保险金融负债成本,7,4,1366.7198503875397,"1,366.72",
ifrs17-result-snapshot,2.1 保险金融负债成本,7,5,1503.8240760003741,"1,503.82",
ifrs17-result-snapshot,2.1 保险金融负债成本,7,6,1352.7002151999966,"1,352.7",
ifrs17-result-snapshot,2.1 保险金融负债成本,7,7,-76.60577005817214,(76.61),
ifrs17-result-snapshot,2.1 保险金融负债成本,7,8,-53.26872764449704,(53.27),
ifrs17-result-snapshot,2.1 保险金融负债成本,7,9,-13.984364726200102,(13.98),
ifrs17-result-snapshot,2.1 保险金融负债成本,7,10,-12.982747167960019,(12.98),
ifrs17-result-snapshot,2.1 保险金融负债成本,7,11,115.79021239999943,115.79,
ifrs17-result-snapshot,2.1 保险金融负债成本,7,12,80.27110999999998,80.27,
ifrs17-result-snapshot,2.1 保险金融负债成本,8,0,"""综合利润""",综合利润,
ifrs17-result-snapshot,2.1 保险金融负债成本,8,2,"""保险金融负债成本""",保险金融负债成本,
ifrs17-result-snapshot,2.1 保险金融负债成本,8,3,-41828.388719796225,"(41,828.39)",
ifrs17-result-snapshot,2.1 保险金融负债成本,8,4,-35892.38480743799,"(35,892.38)",
ifrs17-result-snapshot,2.1 保险金融负债成本,8,5,-21141.037159132342,"(21,141.04)",
ifrs17-result-snapshot,2.1 保险金融负债成本,8,6,-15656.761878237367,"(15,656.76)",
ifrs17-result-snapshot,2.1 保险金融负债成本,8,7,-9809.724502620917,"(9,809.72)",
ifrs17-result-snapshot,2.1 保险金融负债成本,8,8,-7769.805277836635,"(7,769.81)",
ifrs17-result-snapshot,2.1 保险金融负债成本,8,9,-577.937195336599,(577.94),
ifrs17-result-snapshot,2.1 保险金融负债成本,8,10,-911.6357148018438,(911.64),
ifrs17-result-snapshot,2.1 保险金融负债成本,8,11,-10139.718915697424,"(10,139.72)",
ifrs17-result-snapshot,2.1 保险金融负债成本,8,12,-11509.918069011634,"(11,509.92)",
ifrs17-result-snapshot,2.1 保险金融负债成本,9,0,"""+OCI相关指标""",+OCI相关指标,
ifrs17-result-snapshot,2.1 保险金融负债成本,9,3,-0.27498920005746186,(0.27),
ifrs17-result-snapshot,2.1 保险金融负债成本,9,4,"""#REF!""",#REF!,
ifrs17-result-snapshot,2.1 保险金融负债成本,9,5,0,0,
ifrs17-result-snapshot,2.1 保险金融负债成本,9,6,0,0,
ifrs17-result-snapshot,2.1 保险金融负债成本,9,7,-4.802132025361061e-11,(0),
ifrs17-result-snapshot,2.1 保险金融负债成本,9,8,0,0,
ifrs17-result-snapshot,2.1 保险金融负债成本,9,9,0,0,
ifrs17-result-snapshot,2.1 保险金融负债成本,9,10,0,0,
ifrs17-result-snapshot,2.1 保险金融负债成本,9,11,0,0,
ifrs17-result-snapshot,2.1 保险金融负债成本,9,12,0,0,
ifrs17-result-snapshot,2.1 保险金融负债成本,41,0,"""1.负债计息率""",1.负债计息率,
ifrs17-result-snapshot,2.1 保险金融负债成本,41,2,"""详见-->""",详见-->,
ifrs17-result-snapshot,2.1 保险金融负债成本,41,3,"""2.0 IFIE细项拆分'!A1""",2.0 IFIE细项拆分'!A1,
ifrs17-result-snapshot,2.1 保险金融负债成本,42,2,"""传统 ：""",传统 ：,
ifrs17-result-snapshot,2.1 保险金融负债成本,43,3,20241231,20241231,
ifrs17-result-snapshot,2.1 保险金融负债成本,43,4,20231231,20231231,
ifrs17-result-snapshot,2.1 保险金融负债成本,44,2,"""年化计息率""",年化计息率,
ifrs17-result-snapshot,2.1 保险金融负债成本,44,3,0.011692865248052287,0.011693,
ifrs17-result-snapshot,2.1 保险金融负债成本,44,4,0.01,0.010,
ifrs17-result-snapshot,2.1 保险金融负债成本,44,7,0.01882104704936088,0.019,
ifrs17-result-snapshot,2.1 保险金融负债成本,46,2,"""分红 ：""",分红 ：,
ifrs17-result-snapshot,2.1 保险金融负债成本,47,3,"""分红1""",分红1,
ifrs17-result-snapshot,2.1 保险金融负债成本,47,5,"""分红2""",分红2,
ifrs17-result-snapshot,2.1 保险金融负债成本,47,7,"""分红账户""",分红账户,
ifrs17-result-snapshot,2.1 保险金融负债成本,48,3,20241231,20241231,
ifrs17-result-snapshot,2.1 保险金融负债成本,48,4,20231231,20231231,
ifrs17-result-snapshot,2.1 保险金融负债成本,48,5,20241231,20241231,
ifrs17-result-snapshot,2.1 保险金融负债成本,48,6,20231231,20231231,
ifrs17-result-snapshot,2.1 保险金融负债成本,48,7,20241231,20241231,
ifrs17-result-snapshot,2.1 保险金融负债成本,48,8,20231231,20231231,
ifrs17-result-snapshot,2.1 保险金融负债成本,49,2,"""法定准备金 + I9的BS口径下的分红特储""",法定准备金 + I9的BS口径下的分红特储,
ifrs17-result-snapshot,2.1 保险金融负债成本,49,3,1409589863.5962262,"1,409,589,863.6",
ifrs17-result-snapshot,2.1 保险金融负债成本,49,4,923743681.9532058,"923,743,681.95",
ifrs17-result-snapshot,2.1 保险金融负债成本,49,5,132358518.48562928,"132,358,518.49",
ifrs17-result-snapshot,2.1 保险金融负债成本,49,6,122099192.8308152,"122,099,192.83",
ifrs17-result-snapshot,2.1 保险金融负债成本,49,7,1541948382.0818555,"1,541,948,382.08",
ifrs17-result-snapshot,2.1 保险金融负债成本,49,8,1045842874.784021,"1,045,842,874.78",
ifrs17-result-snapshot,2.1 保险金融负债成本,50,2,"""I9的BS口径的资产数（账面价值）""",I9的BS口径的资产数（账面价值）,
ifrs17-result-snapshot,2.1 保险金融负债成本,50,3,1507942090.8769858,"1,507,942,090.88",
ifrs17-result-snapshot,2.1 保险金融负债成本,50,4,979583280.6688814,"979,583,280.67",
ifrs17-result-snapshot,2.1 保险金融负债成本,50,5,147053400.0160125,"147,053,400.02",
ifrs17-result-snapshot,2.1 保险金融负债成本,50,6,129413125.30630651,"129,413,125.31",
ifrs17-result-snapshot,2.1 保险金融负债成本,50,7,1654995490.8929982,"1,654,995,490.89",
ifrs17-result-snapshot,2.1 保险金融负债成本,50,8,1108996405.9751878,"1,108,996,405.98",
ifrs17-result-snapshot,2.1 保险金融负债成本,51,3,0.373910874197149,0.374,
ifrs17-result-snapshot,2.1 保险金融负债成本,51,4,0.37719863137004667,0.377,
ifrs17-result-snapshot,2.1 保险金融负债成本,51,5,0.3600284480908756,0.36,
ifrs17-result-snapshot,2.1 保险金融负债成本,51,6,0.37739353729946623,0.377,
ifrs17-result-snapshot,2.1 保险金融负债成本,51,7,0.372677361495373,0.373,
ifrs17-result-snapshot,2.1 保险金融负债成本,51,8,0.37722137570477215,0.377,
ifrs17-result-snapshot,2.1 保险金融负债成本,52,2,"""NETCF""",NETCF,
ifrs17-result-snapshot,2.1 保险金融负债成本,52,3,1453624306.1834881,"1,453,624,306.18",
ifrs17-result-snapshot,2.1 保险金融负债成本,52,4,356009341.6100785,"356,009,341.61",
ifrs17-result-snapshot,2.1 保险金融负债成本,52,5,-5118230.847703999,"(5,118,230.85)",
ifrs17-result-snapshot,2.1 保险金融负债成本,52,6,-3474741.59233884,"(3,474,741.59)",
ifrs17-result-snapshot,2.1 保险金融负债成本,52,7,1448506075.3357842,"1,448,506,075.34",
ifrs17-result-snapshot,2.1 保险金融负债成本,52,8,352534600.01773965,"352,534,600.02",
ifrs17-result-snapshot,2.1 保险金融负债成本,53,2,"""倒算投资收益""",倒算投资收益,
ifrs17-result-snapshot,2.1 保险金融负债成本,53,3,-967778124.5404676,"(967,778,124.54)",
ifrs17-result-snapshot,2.1 保险金融负债成本,53,5,15377556.502518076,"15,377,556.5",
ifrs17-result-snapshot,2.1 保险金融负债成本,53,7,-952400568.0379496,"(952,400,568.04)",
ifrs17-result-snapshot,2.1 保险金融负债成本,54,2,"""I9重分类后的会计投资收益以及其他综合收益""",I9重分类后的会计投资收益以及其他综合收益,
ifrs17-result-snapshot,2.1 保险金融负债成本,54,3,132737763.95164835,"132,737,763.95",
ifrs17-result-snapshot,2.1 保险金融负债成本,54,5,14273268.882124737,"14,273,268.88",
ifrs17-result-snapshot,2.1 保险金融负债成本,54,7,147011032.83377308,"147,011,032.83",
ifrs17-result-snapshot,2.1 保险金融负债成本,55,3,-2.9163610889000506,(2.916),
ifrs17-result-snapshot,2.1 保险金融负债成本,55,5,0.4309470137363223,0.431,
ifrs17-result-snapshot,2.1 保险金融负债成本,55,7,-2.591371680559074,(2.591),
ifrs17-result-snapshot,2.1 保险金融负债成本,56,2,"""万能 ：""",万能 ：,
ifrs17-result-snapshot,2.1 保险金融负债成本,57,3,20241231,20241231,
ifrs17-result-snapshot,2.1 保险金融负债成本,57,4,20231231,20231231,
ifrs17-result-snapshot,2.1 保险金融负债成本,58,2,"""年化EIR""",年化EIR,
ifrs17-result-snapshot,2.1 保险金融负债成本,58,3,0.01359260025230162,0.014,
ifrs17-result-snapshot,2.1 保险金融负债成本,58,4,0.014096816923646217,0.014,
ifrs17-result-snapshot,2.1 保险金融负债成本,59,2,"""TRUE_UP%""",TRUE_UP%,
ifrs17-result-snapshot,2.1 保险金融负债成本,59,3,0.0052586569268310845,0.005259,
ifrs17-result-snapshot,2.1 保险金融负债成本,59,4,0.0028069440652370246,0.002807,
ifrs17-result-snapshot,2.1 保险金融负债成本,60,2,"""加权投资收益率""",加权投资收益率,
ifrs17-result-snapshot,2.1 保险金融负债成本,60,3,0.01948208283227858,0.019,
ifrs17-result-snapshot,2.1 保险金融负债成本,60,4,0.017888606785936668,0.018,
ifrs17-result-snapshot,2.1 保险金融负债成本,61,2,"""check""",check,
ifrs17-result-snapshot,2.1 保险金融负债成本,61,3,0.0006308256531458751,0.001,
ifrs17-result-snapshot,2.1 保险金融负债成本,61,4,0.000984845797053427,0.001,
ifrs17-result-snapshot,2.1 保险金融负债成本,64,0,"""2.TVOG""",2.TVOG,
ifrs17-result-snapshot,2.1 保险金融负债成本,64,3,"""万能""",万能,
ifrs17-result-snapshot,2.1 保险金融负债成本,64,4,"""分红""",分红,
ifrs17-result-snapshot,2.1 保险金融负债成本,65,2,"""TVOG_期初""",TVOG_期初,
ifrs17-result-snapshot,2.1 保险金融负债成本,65,3,70040255.74500237,"70,040,255.75",
ifrs17-result-snapshot,2.1 保险金融负债成本,65,4,115282347.49138646,"115,282,347.49",
ifrs17-result-snapshot,2.1 保险金融负债成本,65,5,"""TVOG_NB0_IR""",TVOG_NB0_IR,
ifrs17-result-snapshot,2.1 保险金融负债成本,66,2,"""TVOG_期末""",TVOG_期末,
ifrs17-result-snapshot,2.1 保险金融负债成本,66,3,79856931.64928605,"79,856,931.65",
ifrs17-result-snapshot,2.1 保险金融负债成本,66,4,237361923.67613435,"237,361,923.68",
ifrs17-result-snapshot,2.1 保险金融负债成本,66,5,"""TVOG_BOP_CR""",TVOG_BOP_CR,
ifrs17-result-snapshot,2.1 保险金融负债成本,67,2,"""TVOG变动""",TVOG变动,
ifrs17-result-snapshot,2.1 保险金融负债成本,67,3,9816675.904283667,"9,816,675.9",
ifrs17-result-snapshot,2.1 保险金融负债成本,67,4,122079576.18474789,"122,079,576.18",
ifrs17-result-snapshot,2.1 保险金融负债成本,67,5,"""TVOG_IF_CR""",TVOG_IF_CR,
ifrs17-result-snapshot,2.1 保险金融负债成本,71,0,"""4.OCI""",4.OCI,
ifrs17-result-snapshot,2.1 保险金融负债成本,71,3,"""公司""",公司,
ifrs17-result-snapshot,2.1 保险金融负债成本,71,4,"""传统""",传统,
ifrs17-result-snapshot,2.1 保险金融负债成本,71,5,"""分红1""",分红1,
ifrs17-result-snapshot,2.1 保险金融负债成本,71,6,"""分红2""",分红2,
ifrs17-result-snapshot,2.1 保险金融负债成本,71,7,"""万能""",万能,
ifrs17-result-snapshot,2.1 保险金融负债成本,72,2,"""UI FV change扣减UI PL change""",UI FV change扣减UI PL change,
ifrs17-result-snapshot,2.1 保险金融负债成本,72,3,-239152630.3121767,"(239,152,630.31)",
ifrs17-result-snapshot,2.1 保险金融负债成本,72,5,-33720270.59836882,"(33,720,270.6)",
ifrs17-result-snapshot,2.1 保险金融负债成本,72,6,3523923.686800019,"3,523,923.69",
ifrs17-result-snapshot,2.1 保险金融负债成本,73,2,"""折现率下行""",折现率下行,
ifrs17-result-snapshot,2.1 保险金融负债成本,73,4,-168441281.91321164,"(168,441,281.91)",
ifrs17-result-snapshot,2.1 保险金融负债成本,73,7,-40515001.48739628,"(40,515,001.49)",
ifrs17-result-snapshot,2.1 保险金融负债成本,75,2,"""现行折现率变化""",现行折现率变化,
ifrs17-result-snapshot,2.1 保险金融负债成本,75,3,-90231438.15336601,"(90,231,438.15)",
ifrs17-result-snapshot,2.1 保险金融负债成本,79,0,"""序号""",序号,
ifrs17-result-snapshot,2.1 保险金融负债成本,79,2,"""项目（单位：万元）""",项目（单位：万元）,
ifrs17-result-snapshot,2.1 保险金融负债成本,80,0,0.4,0.4,
ifrs17-result-snapshot,2.1 保险金融负债成本,80,2,"""将计入损益的保险合同金融变动额""",将计入损益的保险合同金融变动额,
ifrs17-result-snapshot,2.1 保险金融负债成本,80,3,-41828.11373059617,"(41,828.11)",
ifrs17-result-snapshot,2.1 保险金融负债成本,81,0,0.44000000000000006,0.44,
ifrs17-result-snapshot,2.1 保险金融负债成本,81,2,"""将计入损益的保险合同金融变动额（BEL）""",将计入损益的保险合同金融变动额（BEL）,
ifrs17-result-snapshot,2.1 保险金融负债成本,81,4,-36736.47328641727,"(36,736.47)",
ifrs17-result-snapshot,2.1 保险金融负债成本,82,0,"""1.1.1""",1.1.1,
ifrs17-result-snapshot,2.1 保险金融负债成本,82,2,"""利润表口径下的BEL的计息""",利润表口径下的BEL的计息,
ifrs17-result-snapshot,2.1 保险金融负债成本,82,5,-24731.711378391912,"(24,731.71)",
ifrs17-result-snapshot,2.1 保险金融负债成本,83,0,"""1.1.2""",1.1.2,
ifrs17-result-snapshot,2.1 保险金融负债成本,83,2,"""当期金融经验调整对BEL的影响""",当期金融经验调整对BEL的影响,
ifrs17-result-snapshot,2.1 保险金融负债成本,83,5,-2961.060728805293,"(2,961.06)",
ifrs17-result-snapshot,2.1 保险金融负债成本,84,0,"""1.1.2.1""",1.1.2.1,
ifrs17-result-snapshot,2.1 保险金融负债成本,84,2,"""NB保单组锁定利率更新对BEL的影响""",NB保单组锁定利率更新对BEL的影响,
ifrs17-result-snapshot,2.1 保险金融负债成本,84,6,-101.85258103366017,(101.85),
ifrs17-result-snapshot,2.1 保险金融负债成本,85,0,"""1.1.2.2""",1.1.2.2,
ifrs17-result-snapshot,2.1 保险金融负债成本,85,2,"""调整当期金融经验后的对BEL的影响""",调整当期金融经验后的对BEL的影响,
ifrs17-result-snapshot,2.1 保险金融负债成本,85,6,-2649.5430183709714,"(2,649.54)",
ifrs17-result-snapshot,2.1 保险金融负债成本,86,0,"""1.1.2.3""",1.1.2.3,
ifrs17-result-snapshot,2.1 保险金融负债成本,86,2,"""EIR折现率与LR折现率切换对BEL的影响""",EIR折现率与LR折现率切换对BEL的影响,
ifrs17-result-snapshot,2.1 保险金融负债成本,86,6,747.067421384201,747.07,
ifrs17-result-snapshot,2.1 保险金融负债成本,87,0,"""1.1.2.4""",1.1.2.4,
ifrs17-result-snapshot,2.1 保险金融负债成本,87,2,"""TVOG的释放与变动""",TVOG的释放与变动,
ifrs17-result-snapshot,2.1 保险金融负债成本,87,6,-956.7325507850062,(956.73),
ifrs17-result-snapshot,2.1 保险金融负债成本,88,0,"""1.1.3""",1.1.3,
ifrs17-result-snapshot,2.1 保险金融负债成本,88,2,"""当期金融经验调整对CF的影响""",当期金融经验调整对CF的影响,
ifrs17-result-snapshot,2.1 保险金融负债成本,88,5,-115.957811854034,(115.96),
ifrs17-result-snapshot,2.1 保险金融负债成本,89,0,"""1.1.4""",1.1.4,
ifrs17-result-snapshot,2.1 保险金融负债成本,89,2,"""利润表口径下UI投资收益""",利润表口径下UI投资收益,
ifrs17-result-snapshot,2.1 保险金融负债成本,89,5,-10457.04251018209,"(10,457.04)",
ifrs17-result-snapshot,2.1 保险金融负债成本,90,0,"""1.1.5""",1.1.5,
ifrs17-result-snapshot,2.1 保险金融负债成本,90,2,"""UI相关保成预实偏差""",UI相关保成预实偏差,
ifrs17-result-snapshot,2.1 保险金融负债成本,90,5,-97.09419918436198,(97.09),
ifrs17-result-snapshot,2.1 保险金融负债成本,91,0,"""1.1.6""",1.1.6,
ifrs17-result-snapshot,2.1 保险金融负债成本,91,2,"""保单贷款利息""",保单贷款利息,
ifrs17-result-snapshot,2.1 保险金融负债成本,91,5,1781.2471700003632,"1,781.25",
ifrs17-result-snapshot,2.1 保险金融负债成本,92,0,"""1.1.7""",1.1.7,
ifrs17-result-snapshot,2.1 保险金融负债成本,92,2,"""累积生息利息""",累积生息利息,
ifrs17-result-snapshot,2.1 保险金融负债成本,92,5,-154.85382799999974,(154.85),
ifrs17-result-snapshot,2.1 保险金融负债成本,93,0,0.48,0.48,
ifrs17-result-snapshot,2.1 保险金融负债成本,93,2,"""CSM利息""",CSM利息,
ifrs17-result-snapshot,2.1 保险金融负债成本,93,4,-5091.640444178897,"(5,091.64)",
ifrs17-result-snapshot,2.1 保险金融负债成本,95,3,0,0,
ifrs17-result-snapshot,2.1 保险金融负债成本,95,4,0,0,
ifrs17-result-snapshot,2.1 保险金融负债成本,95,5,-5.238689482212067e-7,(0),
ifrs17-result-snapshot,2.1 保险金融负债成本,95,6,-0.0000014406396076083183,(0),
ifrs17-result-snapshot,现行vsI17_利源分析,0,4,"""现行下短险费差？（实际费用是否含费差？）""", 现行下短险费差？（实际费用是否含费差？） ,
ifrs17-result-snapshot,现行vsI17_利源分析,1,0,"""利润分析""",利润分析,
ifrs17-result-snapshot,现行vsI17_利源分析,1,2,"""单位：万元""",单位：万元,
ifrs17-result-snapshot,现行vsI17_利源分析,1,3,"""CGAAP""", CGAAP ,
ifrs17-result-snapshot,现行vsI17_利源分析,1,4,"""CGAAP""", CGAAP ,
ifrs17-result-snapshot,现行vsI17_利源分析,1,5,"""I17""", I17 ,
ifrs17-result-snapshot,现行vsI17_利源分析,1,6,"""DIFF""",DIFF,
ifrs17-result-snapshot,现行vsI17_利源分析,2,2,"""合同服务边际摊销""",合同服务边际摊销,
ifrs17-result-snapshot,现行vsI17_利源分析,2,3,2020.1487294939411,"2,020.15",
ifrs17-result-snapshot,现行vsI17_利源分析,2,4,2020.1487294939411,"2,020.15",
ifrs17-result-snapshot,现行vsI17_利源分析,2,5,15211.218035277745,"15,211.22",
ifrs17-result-snapshot,现行vsI17_利源分析,2,6,13191.069305783803,"13,191.07",
ifrs17-result-snapshot,现行vsI17_利源分析,2,7,"""I17下CSM释放较现行DPL释放有差异，但差异不大，上升485w，主要由于：\r\n1）I17下期初CSM（45亿）较现行期初DPL（亿）少亿；\r\n2）不同于现行DPL锁定,I17下CSM不锁定，易受BEL、RA、CF偏差影响；\r\n3）I17下CSM摊销速度与现行DPL释放速度不同。""","I17下CSM释放较现行DPL释放有差异，但差异不大，上升485w，主要由于：
1）I17下期初CSM（45亿）较现行期初DPL（亿）少亿；
2）不同于现行DPL锁定,I17下CSM不锁定，易受BEL、RA、CF偏差影响；
3）I17下CSM摊销速度与现行DPL释放速度不同。",
ifrs17-result-snapshot,现行vsI17_利源分析,3,2,"""预期风险调整释放""",预期风险调整释放,
ifrs17-result-snapshot,现行vsI17_利源分析,3,3,720.3178109143947,720.32,
ifrs17-result-snapshot,现行vsI17_利源分析,3,4,720.3178109143947,720.32,
ifrs17-result-snapshot,现行vsI17_利源分析,3,5,1529.3198085609658,"1,529.32",
ifrs17-result-snapshot,现行vsI17_利源分析,3,6,809.0019976465711,809,
ifrs17-result-snapshot,现行vsI17_利源分析,3,7,"""I17下RA释放较现行下降1,284w，主要由于：\r\n1）I17下期初RA（4.7亿）较现行（亿）少亿；\r\n2）I17下RA采用偿二MC倒解法，不同于现行的风险情景法，因而释放速度不同。""","I17下RA释放较现行下降1,284w，主要由于：
1）I17下期初RA（4.7亿）较现行（亿）少亿；
2）I17下RA采用偿二MC倒解法，不同于现行的风险情景法，因而释放速度不同。",
ifrs17-result-snapshot,现行vsI17_利源分析,4,2,"""退保差影响""",退保差影响,
ifrs17-result-snapshot,现行vsI17_利源分析,4,3,-121.95563555315456,(121.96),
ifrs17-result-snapshot,现行vsI17_利源分析,4,4,-60.70557605804206,(60.71),
ifrs17-result-snapshot,现行vsI17_利源分析,4,6,121.95563555315456,121.96,
ifrs17-result-snapshot,现行vsI17_利源分析,4,7,"""I17下退保差影响（0w）较现行上升305w，主要由于：\r\n1）I17下利润表仅反映赔付保险成分的预实偏差；\r\n2）I17下退保预实偏差（属于投资成分）和经验偏差对BEL的影响先CSM吸收后通过CSM释放体现在利润表。若出现击穿CSM的情况，则通过亏损加剧/转回体现在利润表。""","I17下退保差影响（0w）较现行上升305w，主要由于：
1）I17下利润表仅反映赔付保险成分的预实偏差；
2）I17下退保预实偏差（属于投资成分）和经验偏差对BEL的影响先CSM吸收后通过CSM释放体现在利润表。若出现击穿CSM的情况，则通过亏损加剧/转回体现在利润表。",
ifrs17-result-snapshot,现行vsI17_利源分析,5,2,"""费差影响""",费差影响,
ifrs17-result-snapshot,现行vsI17_利源分析,5,3,372.7288624806034,372.73,
ifrs17-result-snapshot,现行vsI17_利源分析,5,4,-120.87807424614076,(120.88),
ifrs17-result-snapshot,现行vsI17_利源分析,5,5,-981.5930600647407,(981.59),
ifrs17-result-snapshot,现行vsI17_利源分析,5,6,-1354.3219225453443,"(1,354.32)",
ifrs17-result-snapshot,现行vsI17_利源分析,5,7,"""I17下长险维持费用损为811w，体现在利润表上；\r\nI17下长险获取费用益为156w。""","I17下长险维持费用损为811w，体现在利润表上；
I17下长险获取费用益为156w。",
ifrs17-result-snapshot,现行vsI17_利源分析,6,2,"""死差影响_死伤医疗""",死差影响_死伤医疗,
ifrs17-result-snapshot,现行vsI17_利源分析,6,3,324.53377572014233,324.53,
ifrs17-result-snapshot,现行vsI17_利源分析,6,4,324.53377572014233,324.53,
ifrs17-result-snapshot,现行vsI17_利源分析,6,5,378.7228002541358,378.72,
ifrs17-result-snapshot,现行vsI17_利源分析,6,6,54.18902453399346,54.19,
ifrs17-result-snapshot,现行vsI17_利源分析,6,7,"""I17下死差影响较现行下降537w，主要由于：\r\n1）I17下利润表仅反映赔付保险成分的预实偏差；\r\n2）I17下经验偏差对BEL的影响先CSM吸收后通过CSM释放体现在利润表。若出现击穿CSM的情况，则通过亏损加剧/转回体现在利润表。""","I17下死差影响较现行下降537w，主要由于：
1）I17下利润表仅反映赔付保险成分的预实偏差；
2）I17下经验偏差对BEL的影响先CSM吸收后通过CSM释放体现在利润表。若出现击穿CSM的情况，则通过亏损加剧/转回体现在利润表。",
ifrs17-result-snapshot,现行vsI17_利源分析,7,2,"""死差影响_生存满期""",死差影响_生存满期,
ifrs17-result-snapshot,现行vsI17_利源分析,7,3,41.43113700355425,41.43,
ifrs17-result-snapshot,现行vsI17_利源分析,7,4,41.43113700355425,41.43,
ifrs17-result-snapshot,现行vsI17_利源分析,7,5,-13.30938926653107,(13.31),
ifrs17-result-snapshot,现行vsI17_利源分析,7,6,-54.74052627008532,(54.74),
ifrs17-result-snapshot,现行vsI17_利源分析,7,7,"""I17下非死差影响较现行下降106w，主要由于利润表仅反映赔付保险成分的预实偏差""",I17下非死差影响较现行下降106w，主要由于利润表仅反映赔付保险成分的预实偏差,
ifrs17-result-snapshot,现行vsI17_利源分析,8,2,"""首日亏损""",首日亏损,
ifrs17-result-snapshot,现行vsI17_利源分析,8,3,-10.360364521375683,(10.36),
ifrs17-result-snapshot,现行vsI17_利源分析,8,4,-10.360364521375683,(10.36),
ifrs17-result-snapshot,现行vsI17_利源分析,8,5,-2135.8284233962504,"(2,135.83)",
ifrs17-result-snapshot,现行vsI17_利源分析,8,6,-2125.468058874875,"(2,125.47)",
ifrs17-result-snapshot,现行vsI17_利源分析,8,7,"""I17下首日亏损较现行增加353w，主要由于：I17下折现率曲线影响""",I17下首日亏损较现行增加353w，主要由于：I17下折现率曲线影响,
ifrs17-result-snapshot,现行vsI17_利源分析,9,2,"""亏损加剧/转回""",亏损加剧/转回,
ifrs17-result-snapshot,现行vsI17_利源分析,9,3,0,0,
ifrs17-result-snapshot,现行vsI17_利源分析,9,4,0,0,
ifrs17-result-snapshot,现行vsI17_利源分析,9,5,563.1661502879117,563.17,
ifrs17-result-snapshot,现行vsI17_利源分析,9,6,563.1661502879117,563.17,
ifrs17-result-snapshot,现行vsI17_利源分析,9,7,"""I17下损失转回较现行上升870w，主要由于：I17下BEL、RA和CF的偏差会加剧/转回亏损部分，而现行下无此项。""",I17下损失转回较现行上升870w，主要由于：I17下BEL、RA和CF的偏差会加剧/转回亏损部分，而现行下无此项。,
ifrs17-result-snapshot,现行vsI17_利源分析,10,2,"""未决影响(长险)""",未决影响(长险),
ifrs17-result-snapshot,现行vsI17_利源分析,10,3,-35.20015199999985,(35.2),
ifrs17-result-snapshot,现行vsI17_利源分析,10,4,-35.20015199999985,(35.2),
ifrs17-result-snapshot,现行vsI17_利源分析,10,5,-73.27584182469909,(73.28),
ifrs17-result-snapshot,现行vsI17_利源分析,10,6,-38.075689824699246,(38.08),
ifrs17-result-snapshot,现行vsI17_利源分析,10,7,"""I17分摊载体为逐单理赔，部分理赔打不上标签""",I17分摊载体为逐单理赔，部分理赔打不上标签,
ifrs17-result-snapshot,现行vsI17_利源分析,11,2,"""短期险利润""",短期险利润,
ifrs17-result-snapshot,现行vsI17_利源分析,11,3,675.9949964732575,675.99,
ifrs17-result-snapshot,现行vsI17_利源分析,11,4,658.4105294600016,658.41,
ifrs17-result-snapshot,现行vsI17_利源分析,11,5,-109.84959481614446,(109.85),
ifrs17-result-snapshot,现行vsI17_利源分析,11,6,-785.8445912894019,(785.84),
ifrs17-result-snapshot,现行vsI17_利源分析,12,2,"""利差影响""",利差影响,
ifrs17-result-snapshot,现行vsI17_利源分析,12,3,-6066.13757773203,"(6,066.14)",
ifrs17-result-snapshot,现行vsI17_利源分析,12,4,-6047.138713732027,"(6,047.14)",
ifrs17-result-snapshot,现行vsI17_利源分析,12,5,45258.70467034394,"45,258.7",
ifrs17-result-snapshot,现行vsI17_利源分析,12,6,51324.84224807598,"51,324.84",
ifrs17-result-snapshot,现行vsI17_利源分析,12,7,"""现行下实际投资收益为3.1亿（I39口径），I17下3.6亿。现行下利息成本4.6亿，17下1.6亿。其中现行利息成本中的贴现率平移影响（1.1亿）和折现率变化影响（2.2亿）在I17下体现在计入其他综合收益的保险合同金融变动额中，不影响税前营业利润""",现行下实际投资收益为3.1亿（I39口径），I17下3.6亿。现行下利息成本4.6亿，17下1.6亿。其中现行利息成本中的贴现率平移影响（1.1亿）和折现率变化影响（2.2亿）在I17下体现在计入其他综合收益的保险合同金融变动额中，不影响税前营业利润,
ifrs17-result-snapshot,现行vsI17_利源分析,13,2,"""再保利润""",再保利润,
ifrs17-result-snapshot,现行vsI17_利源分析,13,3,8.3092492,8.31,
ifrs17-result-snapshot,现行vsI17_利源分析,13,4,8.3092492,8.31,
ifrs17-result-snapshot,现行vsI17_利源分析,13,5,-267.94629564585705,(267.95),
ifrs17-result-snapshot,现行vsI17_利源分析,13,6,-276.2555448458571,(276.26),
ifrs17-result-snapshot,现行vsI17_利源分析,13,7,"""再保计提数据存在口径差异""",再保计提数据存在口径差异,
ifrs17-result-snapshot,现行vsI17_利源分析,14,2,"""其他业务利润""",其他业务利润,
ifrs17-result-snapshot,现行vsI17_利源分析,14,3,78.64993639999999,78.65,
ifrs17-result-snapshot,现行vsI17_利源分析,14,4,59.77778934272284,59.78,
ifrs17-result-snapshot,现行vsI17_利源分析,14,5,360.91848980608336,360.92,
ifrs17-result-snapshot,现行vsI17_利源分析,14,6,282.2685534060834,282.27,
ifrs17-result-snapshot,现行vsI17_利源分析,15,2,"""非履约费用""",非履约费用,
ifrs17-result-snapshot,现行vsI17_利源分析,15,5,-1886.1655135999995,"(1,886.17)",
ifrs17-result-snapshot,现行vsI17_利源分析,15,6,-1886.1655135999995,"(1,886.17)",
ifrs17-result-snapshot,现行vsI17_利源分析,16,2,"""营业外收支""",营业外收支,
ifrs17-result-snapshot,现行vsI17_利源分析,16,3,-252.4026292,(252.4),
ifrs17-result-snapshot,现行vsI17_利源分析,16,4,-252.4026292,(252.4),
ifrs17-result-snapshot,现行vsI17_利源分析,16,5,-252.4026292,(252.4),
ifrs17-result-snapshot,现行vsI17_利源分析,16,6,0,0,
ifrs17-result-snapshot,现行vsI17_利源分析,17,2,"""假设变更""",假设变更,
ifrs17-result-snapshot,现行vsI17_利源分析,17,3,0,0,
ifrs17-result-snapshot,现行vsI17_利源分析,17,6,0,0,
ifrs17-result-snapshot,现行vsI17_利源分析,18,2,"""模型调整""",模型调整,
ifrs17-result-snapshot,现行vsI17_利源分析,18,3,34.754150360889,34.75,
ifrs17-result-snapshot,现行vsI17_利源分析,18,6,-34.754150360889,(34.75),
ifrs17-result-snapshot,现行vsI17_利源分析,19,2,"""税前净利""",税前净利,
ifrs17-result-snapshot,现行vsI17_利源分析,19,3,-2209.187710959779,"(2,209.19)",
ifrs17-result-snapshot,现行vsI17_利源分析,19,4,-2117.5923538632505,"(2,117.59)",
ifrs17-result-snapshot,现行vsI17_利源分析,19,5,57581.67920671657,"57,581.68",
ifrs17-result-snapshot,现行vsI17_利源分析,19,6,59699.271560579815,"59,699.27",
ifrs17-result-snapshot,现行vsI17_利源分析,20,2,"""check""",check,
ifrs17-result-snapshot,现行vsI17_利源分析,20,3,0,0,
ifrs17-result-snapshot,现行vsI17_利源分析,20,5,-0.12446188015164808,(0.12),
ifrs17-result-snapshot,现行vsI17_利源分析,22,18,"""现行""",现行,
ifrs17-result-snapshot,现行vsI17_利源分析,22,19,"""I17""",I17,
ifrs17-result-snapshot,现行vsI17_利源分析,22,20,"""差异""",差异,
ifrs17-result-snapshot,现行vsI17_利源分析,23,3,202502,202502,
ifrs17-result-snapshot,现行vsI17_利源分析,23,4,202412,202412,
ifrs17-result-snapshot,现行vsI17_利源分析,23,5,"""202408-->""",202408-->,
ifrs17-result-snapshot,现行vsI17_利源分析,23,17,"""投资收益""",投资收益,
ifrs17-result-snapshot,现行vsI17_利源分析,23,18,12399.279665200002,"12,399.28",
ifrs17-result-snapshot,现行vsI17_利源分析,23,19,87087.09339014011,"87,087.09",
ifrs17-result-snapshot,现行vsI17_利源分析,23,20,-74687.8137249401,"(74,687.81)",
ifrs17-result-snapshot,现行vsI17_利源分析,24,2,"""现行税前营业利润""",现行税前营业利润,
ifrs17-result-snapshot,现行vsI17_利源分析,24,3,-2209.187710959779,"(2,209.19)",
ifrs17-result-snapshot,现行vsI17_利源分析,24,4,-3163.6415784916912,"(3,163.64)",
ifrs17-result-snapshot,现行vsI17_利源分析,24,17,"""利息成本""",利息成本,
ifrs17-result-snapshot,现行vsI17_利源分析,24,18,-9442.27342759543,"(9,442.27)",
ifrs17-result-snapshot,现行vsI17_利源分析,24,19,-41828.11373059617,"(41,828.11)",
ifrs17-result-snapshot,现行vsI17_利源分析,24,20,32385.84030300074,"32,385.84",
ifrs17-result-snapshot,现行vsI17_利源分析,25,2,"""合同服务边际\r\n摊销""","合同服务边际
摊销",
ifrs17-result-snapshot,现行vsI17_利源分析,25,3,13191.069305783803,"13,191.07",
ifrs17-result-snapshot,现行vsI17_利源分析,25,4,-137.12451628730778,(137.12),
ifrs17-result-snapshot,现行vsI17_利源分析,25,17,"""其中 折现率平移""",其中 折现率平移,
ifrs17-result-snapshot,现行vsI17_利源分析,25,18,-4205.03217792376,"(4,205.03)",
ifrs17-result-snapshot,现行vsI17_利源分析,26,2,"""预期风险调整释放""",预期风险调整释放,
ifrs17-result-snapshot,现行vsI17_利源分析,26,3,809.0019976465711,809,
ifrs17-result-snapshot,现行vsI17_利源分析,26,4,-2893.6039481833823,"(2,893.6)",
ifrs17-result-snapshot,现行vsI17_利源分析,26,17,"""折现率变化""",折现率变化,
ifrs17-result-snapshot,现行vsI17_利源分析,26,18,-9023.143815336602,"(9,023.14)",
ifrs17-result-snapshot,现行vsI17_利源分析,26,20,-9023.143815336602,"(9,023.14)",
ifrs17-result-snapshot,现行vsI17_利源分析,27,2,"""退保差影响""",退保差影响,
ifrs17-result-snapshot,现行vsI17_利源分析,27,3,121.95563555315456,121.96,
ifrs17-result-snapshot,现行vsI17_利源分析,27,4,-1869.9903671534234,"(1,869.99)",
ifrs17-result-snapshot,现行vsI17_利源分析,28,2,"""费差影响""",费差影响,
ifrs17-result-snapshot,现行vsI17_利源分析,28,3,-1354.3219225453443,"(1,354.32)",
ifrs17-result-snapshot,现行vsI17_利源分析,28,4,-1391.2338638233045,"(1,391.23)",
ifrs17-result-snapshot,现行vsI17_利源分析,28,17,"""Total""",Total,
ifrs17-result-snapshot,现行vsI17_利源分析,28,18,-6066.13757773203,"(6,066.14)",
ifrs17-result-snapshot,现行vsI17_利源分析,28,19,45258.97965954394,"45,258.98",
ifrs17-result-snapshot,现行vsI17_利源分析,28,20,-51325.117237275976,"(51,325.12)",
ifrs17-result-snapshot,现行vsI17_利源分析,29,2,"""死差影响""",死差影响,
ifrs17-result-snapshot,现行vsI17_利源分析,29,3,54.18902453399346,54.19,
ifrs17-result-snapshot,现行vsI17_利源分析,29,4,-793.4963302655067,(793.5),
ifrs17-result-snapshot,现行vsI17_利源分析,30,2,"""非死差影响""",非死差影响,
ifrs17-result-snapshot,现行vsI17_利源分析,30,3,-54.74052627008532,(54.74),
ifrs17-result-snapshot,现行vsI17_利源分析,30,4,8.358804295975096,8.36,
ifrs17-result-snapshot,现行vsI17_利源分析,31,2,"""首日亏损""",首日亏损,
ifrs17-result-snapshot,现行vsI17_利源分析,31,3,-2125.468058874875,"(2,125.47)",
ifrs17-result-snapshot,现行vsI17_利源分析,31,4,-2381.6705060401337,"(2,381.67)",
ifrs17-result-snapshot,现行vsI17_利源分析,32,2,"""亏损加剧/转回""",亏损加剧/转回,
ifrs17-result-snapshot,现行vsI17_利源分析,32,3,563.1661502879117,563.17,
ifrs17-result-snapshot,现行vsI17_利源分析,32,4,-103.00779819566071,(103.01),
ifrs17-result-snapshot,现行vsI17_利源分析,33,2,"""未决影响""",未决影响,
ifrs17-result-snapshot,现行vsI17_利源分析,33,3,-38.075689824699246,(38.08),
ifrs17-result-snapshot,现行vsI17_利源分析,33,4,1.238367218190683,1.24,
ifrs17-result-snapshot,现行vsI17_利源分析,34,2,"""短期险利润""",短期险利润,
ifrs17-result-snapshot,现行vsI17_利源分析,34,3,-785.8445912894019,(785.84),
ifrs17-result-snapshot,现行vsI17_利源分析,34,4,-40.048848731743966,(40.05),
ifrs17-result-snapshot,现行vsI17_利源分析,34,5,"""202312-->""",202312-->,
ifrs17-result-snapshot,现行vsI17_利源分析,35,2,"""利差影响""",利差影响,
ifrs17-result-snapshot,现行vsI17_利源分析,35,3,51324.84224807598,"51,324.84",
ifrs17-result-snapshot,现行vsI17_利源分析,35,4,59826.250338605445,"59,826.25",
ifrs17-result-snapshot,现行vsI17_利源分析,36,2,"""再保利润""",再保利润,
ifrs17-result-snapshot,现行vsI17_利源分析,36,3,-276.2555448458571,(276.26),
ifrs17-result-snapshot,现行vsI17_利源分析,36,4,-6.116429870764432,(6.12),
ifrs17-result-snapshot,现行vsI17_利源分析,37,2,"""其他业务利润""",其他业务利润,
ifrs17-result-snapshot,现行vsI17_利源分析,37,3,282.2685534060834,282.27,
ifrs17-result-snapshot,现行vsI17_利源分析,37,4,-699.7930243195476,(699.79),
ifrs17-result-snapshot,现行vsI17_利源分析,38,2,"""非履约费用""",非履约费用,
ifrs17-result-snapshot,现行vsI17_利源分析,38,3,-1886.1655135999995,"(1,886.17)",
ifrs17-result-snapshot,现行vsI17_利源分析,38,4,-1887.0122410160002,"(1,887.01)",
ifrs17-result-snapshot,现行vsI17_利源分析,39,2,"""营业外收支""",营业外收支,
ifrs17-result-snapshot,现行vsI17_利源分析,39,3,0,0,
ifrs17-result-snapshot,现行vsI17_利源分析,39,4,0,0,
ifrs17-result-snapshot,现行vsI17_利源分析,40,2,"""其他""",其他,
ifrs17-result-snapshot,现行vsI17_利源分析,40,3,-34.754150360889,(34.75),
ifrs17-result-snapshot,现行vsI17_利源分析,40,4,-5458.876894176645,"(5,458.88)",
ifrs17-result-snapshot,现行vsI17_利源分析,41,2,"""IFRS17税前营业利润""",IFRS17税前营业利润,
ifrs17-result-snapshot,现行vsI17_利源分析,41,3,57581.67920671657,"57,581.68",
ifrs17-result-snapshot,现行vsI17_利源分析,41,4,39010.23116356447,"39,010.23",
ifrs17-result-snapshot,利润表fromfin,36,7,"""所有者权益（或股东权益）合计""",所有者权益（或股东权益）合计,
ifrs17-result-snapshot,利润表fromfin,36,8,978637730,"978,637,730",
ifrs17-result-snapshot,利润表fromfin,36,9,287766353.6,"287,766,353.6",
ifrs17-result-snapshot,利润表fromfin,36,10,1266404084,"1,266,404,084",